grupo,categoria,titulo,url,logo,fonte
Canais,Albania,Kanali 7 Ⓢ,https://fe.tring.al/delta/105/out/u/1200_1.m3u8,https://i.imgur.com/rL2v9pM.png,channel-playlist:free-tv-br
Canais,Albania,A2 CNN Albania,https://tv.a2news.com/live/smil:a2cnnweb.stream.smil/playlist.m3u8,https://i.imgur.com/TgO3Lzi.png,channel-playlist:free-tv-br
Canais,Albania,ABC News Albania Ⓣ,https://www.twitch.tv/abcnewsal,https://i.imgur.com/aObcudw.png,channel-playlist:free-tv-br
Canais,Albania,AlbKanale Music TV Ⓢ,https://albportal.net/albkanalemusic.m3u8,https://i.imgur.com/JdKxscs.png,channel-playlist:free-tv-br
Canais,Albania,Alpo TV,https://5d00db0e0fcd5.streamlock.net/7236/7236/playlist.m3u8,https://i.imgur.com/Pr4ixiA.png,channel-playlist:free-tv-br
Canais,Albania,CNA,https://live1.mediadesk.al/cnatvlive.m3u8,https://i.imgur.com/X3ukD5t.png,channel-playlist:free-tv-br
Canais,Albania,Euronews Albania Ⓨ,https://www.youtube.com/@EuronewsAlbania/live,https://i.imgur.com/Skf6vdi.png,channel-playlist:free-tv-br
Canais,Albania,News 24 Ⓢ,https://tv.balkanweb.com/news24/livestream/playlist.m3u8,https://upload.wikimedia.org/wikipedia/commons/thumb/2/2d/News_24_%28Albania%29.svg/1024px-News_24_%28Albania%29.svg.png,channel-playlist:free-tv-br
Canais,Albania,Ora News,https://live1.mediadesk.al/oranews.m3u8,https://i.imgur.com/ILZY5bJ.png,channel-playlist:free-tv-br
Canais,Albania,Panorama TV Ⓢ,http://198.244.188.94/panorama/livestream/playlist.m3u8,https://upload.wikimedia.org/wikipedia/commons/thumb/2/24/Panorama_logo.svg/500px-Panorama_logo.svg.png,channel-playlist:free-tv-br
Canais,Albania,Report TV,https://deb10stream.duckdns.org/hls/stream.m3u8,https://i.imgur.com/yuRDJYY.png,channel-playlist:free-tv-br
Canais,Albania,Syri,https://stream.syritv.al/SyriTV/index.m3u8,https://i.imgur.com/4zVyj1M.png,channel-playlist:free-tv-br
Canais,Albania,Top News Ⓣ,https://www.twitch.tv/topnewsal,https://i.imgur.com/tBAXkOW.png,channel-playlist:free-tv-br
Canais,Albania,Tropoja,https://live.prostream.al/al/smil:tropojatv.smil/playlist.m3u8,https://i.imgur.com/D3hNOVS.png,channel-playlist:free-tv-br
Canais,Albania,TV 7 Albania,https://5d00db0e0fcd5.streamlock.net/7064/7064/playlist.m3u8,https://i.imgur.com/k9WqPLZ.png,channel-playlist:free-tv-br
Canais,Albania,TV Apollon Ⓢ,https://live.apollon.tv/Apollon-WEB/video.m3u8?token=tnt3u76re30d2,https://i.imgur.com/gUz2AjM.png,channel-playlist:free-tv-br
Canais,Albania,Vizion Plus,https://fe.tring.al/delta/105/out/u/rdghfhsfhfshs.m3u8,https://upload.wikimedia.org/wikipedia/commons/thumb/f/fc/Vizion_Plus.svg/500px-Vizion_Plus.svg.png,channel-playlist:free-tv-br
Canais,Andorra,Andorra TV,https://videos.rtva.ad/live/rtva/playlist.m3u8,https://upload.wikimedia.org/wikipedia/commons/3/32/Logo_Andorra_Televisi%C3%B3.png,channel-playlist:free-tv-br
Canais,Argentina,TN Todo Noticias Ⓨ,https://www.youtube.com/c/todonoticias/live,https://upload.wikimedia.org/wikipedia/commons/thumb/4/4f/TN_todo_noticias_logo.svg/200px-TN_todo_noticias_logo.svg.png,channel-playlist:free-tv-br
Canais,Argentina,Encuentro Ⓨ Ⓖ,https://www.youtube.com/user/encuentro/live,https://i.imgur.com/IyP2UIx.png,channel-playlist:free-tv-br
Canais,Argentina,Pakapaka Ⓨ Ⓖ,https://www.youtube.com/user/CanalPakapaka/live,https://i.imgur.com/Q4zaCuM.png,channel-playlist:free-tv-br
Canais,Argentina,Aunar,https://5fb24b460df87.streamlock.net/live-cont.ar/mirador/playlist.m3u8,http://tvabierta.weebly.com/uploads/5/1/3/4/51344345/aunar.png,channel-playlist:free-tv-br
Canais,Argentina,Cine.AR,https://5fb24b460df87.streamlock.net/live-cont.ar/cinear/playlist.m3u8,https://i.imgur.com/RPLyrIC.png,channel-playlist:free-tv-br
Canais,Argentina,Tec TV,https://tv.initium.net.ar:3939/live/tectvmainlive.m3u8,https://i.imgur.com/EGCq1wc.png,channel-playlist:free-tv-br
Canais,Argentina,Televisión Pública Ⓨ,https://www.youtube.com/user/TVPublicaArgentina/live,https://i.imgur.com/4hYYpiu.png,channel-playlist:free-tv-br
Canais,Argentina,DeporTV,https://5fb24b460df87.streamlock.net/live-cont.ar/deportv/playlist.m3u8,https://i.imgur.com/iyYLNRt.png,channel-playlist:free-tv-br
Canais,Argentina,Canal 26 Ⓨ,https://www.youtube.com/c/canal26/live,https://i.imgur.com/xDjOUuz.png,channel-playlist:free-tv-br
Canais,Argentina,Crónica TV Ⓨ,https://www.youtube.com/c/cronicatv/live,https://i.imgur.com/k2Ku8Ib.png,channel-playlist:free-tv-br
Canais,Argentina,IP Noticias Ⓨ,https://www.youtube.com/watch?v=IxQ2-6Y4y9w,https://photos.live-tv-channels.org/tv-logo/ar-ip-noticias-6980-300x225.jpg,channel-playlist:free-tv-br
Canais,Argentina,El Destape Ⓨ,https://www.youtube.com/watch?v=JuskTxbUqmY,https://yt3.ggpht.com/a-/AAuE7mAuXDwiY8UPwtAHrGXTXkAxBjdRqws2MJIN2A=s900-mo-c-c0xffffffff-rj-k-no,channel-playlist:free-tv-br
Canais,Argentina,C5N Ⓨ,https://www.youtube.com/c/c5n/live,https://i.imgur.com/E3pamA5.png,channel-playlist:free-tv-br
Canais,Argentina,LN+ Ⓨ,https://www.youtube.com/c/LaNacionMas/live,https://i.imgur.com/vJYzGt1.png,channel-playlist:free-tv-br
Canais,Argentina,Canal E,https://unlimited1-us.dps.live/perfiltv/perfiltv.smil/perfiltv/livestream2/chunks.m3u8,https://i.ibb.co/y4pkxH3/Qtc8-M2-PG-400x400.jpg,channel-playlist:free-tv-br
Canais,Argentina,Telemax,https://live-edge01.telecentro.net.ar/live/smil:tlx.smil/playlist.m3u8,https://i.imgur.com/gfX0hdB.png,channel-playlist:free-tv-br
Canais,Argentina,Net TV,https://unlimited1-us.dps.live/nettv/nettv.smil/playlist.m3u8,https://i.imgur.com/EWmshtx.png,channel-playlist:free-tv-br
Canais,Argentina,TV Universidad,https://stratus.stream.cespi.unlp.edu.ar/hls/tvunlp.m3u8,https://i.imgur.com/tvLHiAT.png,channel-playlist:free-tv-br
Canais,Argentina,Barricada TV,https://live-ak.vimeocdn.com/exp=1696402364~acl=%2F9f41e203-241b-4eb7-b0b5-b1839903408f%2F%2A~hmac=d4819f301510676a986bfe610b664765ee2b1a23e1e1ca3214398f949a0b2778/9f41e203-241b-4eb7-b0b5-b1839903408f/hls.m3u8?min_seconds=30,https://www.barricadatv.org/?p=23082,channel-playlist:free-tv-br
Canais,Argentina,Urbana Tevé,https://cdnhd.iblups.com/hls/DD3nXkAkWk.m3u8,https://yt3.ggpht.com/ytc/AKedOLQLeFMWMeoumi-o24ohLPXSEdNL5-oJ9W5oP5KnnA=s900-c-k-c0x00ffffff-no-rj,channel-playlist:free-tv-br
Canais,Argentina,Comarca TV,https://video-weaver.ord56.hls.ttvnw.net/v1/playlist/Cq4FFLOPxq44Qy0kxjcr_wXuRRwjKU6gJ80Tc5eWRkaz5XdeNfeq7DzoNAstinu7BLtnw7jYDANX5yCDozdlS55_kYfuDyqQhwF0JpzU75lDUv5NOuUVWBwlP0m1Bh1JMn21v_OvA_teSCI7hcIFl2DoINrr8bHnpSS8EUvXNesfdX_LcfQH-clqftQ0sCreLIbTvxI5MyL6Wnm8jGh2yg48A2c_k9YHDH6TpM3tLo-pbRrrfByqMq-IoMQREf5DV_sTfHtAzinQQU3Np309s2ScJwcBlAjzz4VJ7svuJ1UbWBBylenSTnrXQW5Vws7OqG2kcoAHHpAQN6BQCpxaXO6dE7MLg7Nq6E7961fHEVSqFCRQg2Y5orbSsEwMo7_S4s5POZSQX1tn04QDuHfLixx-aBcbctSSFmI1CNZ3YDCEZVvWHOU6SyKQcsZeJCFLA1DsxqY3DeAn6n7xpPS4pdsizKqlqsT66liv_L-48h7jGujNZPDHge0fcgUs_7b7jlKJlKv-S_s1mGgLqPEUEQ8dhn5AugB0kfjAGgcTHIP_qLPRY0M7OikuBaMxh1pUpPkVG9AX4jCg1cwCgcfa64OP9ed4pwMjoiKm0dIfytTQ8hWjwXtkv16nJDfZ3kkqaMnM8ErZG6tRw-JVy3nRooKubY7Re0Fc1RHB85_eX2NYQD88N7r-UgaiO2ax0FQ-E_IdfuwSmp5oDy6Di6pT7r_zDRN3znbV64s4i-INUg-D2Leeq4xqYhe_Zhj-3AoxXDWCB0-DCc1kFEComkNpY01YA19zEm01TKLCbdaJwdC6bQpSEoJkOCoPAMnxm7oPNlqZRbhM4TVCJ34f4Y1guzaDomcEABl4Cii2UF-OhskRUZF-SUWjWdO6z62UqZagzG2QOTr6VBH-ItT_16fLsRUaDGTVKzgYHT8XcSqTkyABKgl1cy1lYXN0LTEwjQY.m3u8,http://directostv.teleame.com/wp-content/uploads/2020/10/Comarca-TV-en-vivo-Online.png,channel-playlist:free-tv-br
Canais,Argentina,El Trece,https://live-01-02-eltrece.vodgc.net/eltrecetv/index.m3u8,https://i.imgur.com/ZK7AQFg.png,channel-playlist:free-tv-br
Canais,Argentina,El Nueve,https://octubre-live.cdn.vustreams.com/live/channel09/live.isml/live.m3u8,https://i.imgur.com/EtcVSm4.png,channel-playlist:free-tv-br
Canais,Argentina,Telefe Ⓨ,https://telefe.com/Api/Videos/GetSourceUrl/694564/0/HLS?.m3u8,https://i.imgur.com/wrZfMXn.png,channel-playlist:free-tv-br
Canais,Argentina,América Ⓨ,https://www.youtube.com/c/americaenvivo/live,https://i.imgur.com/Jt7dOQm.png,channel-playlist:free-tv-br
Canais,Argentina,A24 Ⓨ,https://www.youtube.com/c/A24com/live,https://i.imgur.com/OdhF7ym.png,channel-playlist:free-tv-br
Canais,Armenia,Armenia 1,https://ifl01eu-new.bozztv.com/am1abr/index.m3u8,https://i.imgur.com/HIwJ4lc.png,channel-playlist:free-tv-br
Canais,Armenia,Kentron TV Ⓢ,http://stream.mcquack.net/39/index.m3u8,https://i.imgur.com/eCaxBFn.png,channel-playlist:free-tv-br
Canais,Armenia,Armenia TV Ⓢ,http://stream.mcquack.net/175/index.m3u8,https://i.imgur.com/UnoI5uM.png,channel-playlist:free-tv-br
Canais,Australia,ABC,https://c.mjh.nz/101002210221/,https://i.imgur.com/5CVl5EF.png,channel-playlist:free-tv-br
Canais,Australia,TVSN,https://tvsn-i.akamaihd.net/hls/live/261837/tvsn/tvsn_750.m3u8,https://i.imgur.com/p3QCBOo.png,channel-playlist:free-tv-br
Canais,Australia,ABC Me,https://c.mjh.nz/101002210224/,https://i.imgur.com/gBh54wY.png,channel-playlist:free-tv-br
Canais,Australia,ABC News,https://abc-iview-mediapackagestreams-2.akamaized.net/out/v1/6e1cc6d25ec0480ea099a5399d73bc4b/index.m3u8,https://upload.wikimedia.org/wikipedia/en/thumb/d/df/ABC_News_Channel.svg/640px-ABC_News_Channel.svg.png,channel-playlist:free-tv-br
Canais,Australia,M4TV,https://5a32c05065c79.streamlock.net/live/stream/playlist.m3u8,https://i.imgur.com/HZohlNk.png,channel-playlist:free-tv-br
Canais,Australia,Racing.com,https://racingvic-i.akamaized.net/hls/live/598695/racingvic/1500.m3u8,https://i.imgur.com/pma0OCf.png,channel-playlist:free-tv-br
Canais,Australia,9Go! Ⓖ,https://9now-livestreams.akamaized.net/hls/live/2008312/go-syd/master.m3u8,https://i.imgur.com/1CFGu5O.png,channel-playlist:free-tv-br
Canais,Australia,9Life Ⓖ,https://9now-livestreams.akamaized.net/hls/live/2008313/life-syd/master.m3u8,https://i.imgur.com/ZCUiqlL.png,channel-playlist:free-tv-br
Canais,Australia,9Rush Ⓖ,https://9now-livestreams.akamaized.net/hls/live/2010626/rush-syd/master.m3u8,https://upload.wikimedia.org/wikipedia/en/c/c2/Logo_of_9RUSH.png,channel-playlist:free-tv-br
Canais,Austria,ORF 1 Ⓖ,https://orf1.mdn.ors.at/out/u/orf1/q8c/manifest.m3u8,https://i.imgur.com/ft2LuRl.jpg,channel-playlist:free-tv-br
Canais,Austria,ORF 2 Ⓖ,https://orf2.mdn.ors.at/out/u/orf2/q8c/manifest.m3u8,https://i.imgur.com/yPVDaXv.png,channel-playlist:free-tv-br
Canais,Austria,ORF III Ⓖ,https://orf3.mdn.ors.at/out/u/orf3/q8c/manifest.m3u8,https://i.imgur.com/6BuiUE7.png,channel-playlist:free-tv-br
Canais,Austria,ORF Sport + Ⓖ,https://orfs.mdn.ors.at/out/u/orfs/q8c/manifest.m3u8,https://i.imgur.com/MVNZ4gf.png,channel-playlist:free-tv-br
Canais,Austria,Servus TV Ⓖ,https://rbmn-live.akamaized.net/hls/live/2002825/geoSTVATweb/master.m3u8,https://i.imgur.com/zDWhSxq.png,channel-playlist:free-tv-br
Canais,Austria,oe24,https://varoe24live.sf.apa.at/oe24-live1/oe24.smil/chunklist_b1900000.m3u8,https://i.imgur.com/8UTkcPn.png,channel-playlist:free-tv-br
Canais,Austria,W24,https://ms01.w24.at/W24/smil:liveevent.smil/playlist.m3u8,https://i.imgur.com/PGb4wYw.png,channel-playlist:free-tv-br
Canais,Austria,P3TV,http://p3-6.mov.at:1935/live/weekstream/playlist.m3u8,https://i.imgur.com/1sPhZ57.png,channel-playlist:free-tv-br
Canais,Austria,RTV,http://iptv.rtv-ooe.at/stream.m3u8,https://i.imgur.com/oD7GQxT.png,channel-playlist:free-tv-br
Canais,Austria,RTS Ⓖ,https://58b42f6c8c9bf.streamlock.net:8080/live/RTS2015/playlist.m3u8,https://i.imgur.com/Bhv7lvy.png,channel-playlist:free-tv-br
Canais,Austria,Tirol TV Ⓖ,http://lb.hd-livestream.de:1935/live/TirolTV/playlist.m3u8,https://i.imgur.com/1E7Nflo.jpg,channel-playlist:free-tv-br
Canais,Austria,R9,https://ms01.w24.at/R9/smil:liveeventR9.smil/playlist.m3u8,https://i.imgur.com/2fxVYsL.jpg,channel-playlist:free-tv-br
Canais,Azerbaijan,AzStarTV,http://live.azstartv.com/azstar/smil:azstar.smil/playlist.m3u8,https://i.imgur.com/di3XX5L.png,channel-playlist:free-tv-br
Canais,Azerbaijan,AZTV Ⓢ,https://str.yodacdn.net/azertv/index.m3u8,https://i.imgur.com/snBMMeH.png,channel-playlist:free-tv-br
Canais,Azerbaijan,Baku TV,https://rtmp.baku.tv/hls/bakutv.m3u8,https://upload.wikimedia.org/wikipedia/commons/thumb/3/3b/Baku_TV_%282018%29.png/640px-Baku_TV_%282018%29.png,channel-playlist:free-tv-br
Canais,Azerbaijan,CBC Sport Ⓖ,https://mn-nl.mncdn.com/cbcsports_live/cbcsports/playlist.m3u8,https://upload.wikimedia.org/wikipedia/az/0/04/CBC_Sport_TV_loqo.png,channel-playlist:free-tv-br
Canais,Azerbaijan,Kanal S,https://lives.atv.az:5443/KANAL-S/streams/kanals.m3u8,https://upload.wikimedia.org/wikipedia/commons/thumb/2/27/Kanal_S_%282022%29.png/616px-Kanal_S_%282022%29.png,channel-playlist:free-tv-br
Canais,Azerbaijan,Mədəniyyət TV Ⓢ,https://str.yodacdn.net/medeniyyettele/index.m3u8,https://upload.wikimedia.org/wikipedia/commons/f/fc/M%C9%99d%C9%99niyy%C9%99t_TV_logo.png,channel-playlist:free-tv-br
Canais,Azerbaijan,Xəzər Xəbər,https://www.xezerxeber.az/stream/index.m3u8,https://i.imgur.com/AuB8bnq.png,channel-playlist:free-tv-br
Canais,Belarus,Беларусь 1,https://edge55.dc.beltelecom.by/ngtrk/smil:belarus1.smil/playlist.m3u8,https://upload.wikimedia.org/wikipedia/commons/thumb/a/ac/Belarus_1_logo.svg/742px-Belarus_1_logo.svg.png,channel-playlist:free-tv-br
Canais,Belarus,Беларусь 2,https://edge55.dc.beltelecom.by/ngtrk/smil:belarus2.smil/playlist.m3u8,https://upload.wikimedia.org/wikipedia/commons/thumb/c/c0/Belarus_2_logo.svg/742px-Belarus_2_logo.svg.png,channel-playlist:free-tv-br
Canais,Belarus,Беларусь 3,https://edge55.dc.beltelecom.by/ngtrk/smil:belarus3.smil/playlist.m3u8,https://upload.wikimedia.org/wikipedia/commons/thumb/5/5c/Belarus_3_logo.svg/742px-Belarus_3_logo.svg.png,channel-playlist:free-tv-br
Canais,Belarus,ОНТ Ⓢ,https://stream.dc.beltelecom.by/ont/ont/playlist.m3u8,https://upload.wikimedia.org/wikipedia/commons/thumb/3/3d/%D0%9B%D0%BE%D0%B3%D0%BE%D1%82%D0%B8%D0%BF_%D1%82%D0%B5%D0%BB%D0%B5%D0%BA%D0%B0%D0%BD%D0%B0%D0%BB%D0%B0_%C2%AB%D0%9E%D0%9D%D0%A2%C2%BB.svg/991px-%D0%9B%D0%BE%D0%B3%D0%BE%D1%82%D0%B8%D0%BF_%D1%82%D0%B5%D0%BB%D0%B5%D0%BA%D0%B0%D0%BD%D0%B0%D0%BB%D0%B0_%C2%AB%D0%9E%D0%9D%D0%A2%C2%BB.svg.png,channel-playlist:free-tv-br
Canais,Belarus,Беларусь 5,https://edge55.dc.beltelecom.by/ngtrk/smil:belarus5.smil/playlist.m3u8,https://upload.wikimedia.org/wikipedia/commons/thumb/7/71/Belarus_5_logo.svg/742px-Belarus_5_logo.svg.png,channel-playlist:free-tv-br
Canais,Belarus,СТВ,https://ctv.dc.beltelecom.by/ctv/ctv.stream/playlist.m3u8,https://upload.wikimedia.org/wikipedia/commons/thumb/3/33/%D0%9B%D0%BE%D0%B3%D0%BE%D1%82%D0%B8%D0%BF_%D0%B1%D0%B5%D0%BB%D0%BE%D1%80%D1%83%D1%81%D1%81%D0%BA%D0%BE%D0%B3%D0%BE_%D1%82%D0%B5%D0%BB%D0%B5%D0%BA%D0%B0%D0%BD%D0%B0%D0%BB%D0%B0_%C2%AB%D0%A1%D0%A2%D0%92%C2%BB.svg/640px-%D0%9B%D0%BE%D0%B3%D0%BE%D1%82%D0%B8%D0%BF_%D0%B1%D0%B5%D0%BB%D0%BE%D1%80%D1%83%D1%81%D1%81%D0%BA%D0%BE%D0%B3%D0%BE_%D1%82%D0%B5%D0%BB%D0%B5%D0%BA%D0%B0%D0%BD%D0%B0%D0%BB%D0%B0_%C2%AB%D0%A1%D0%A2%D0%92%C2%BB.svg.png,channel-playlist:free-tv-br
Canais,Belarus,Беларусь 24,https://edge55.dc.beltelecom.by/ngtrk/smil:belarus24.smil/playlist.m3u8,https://upload.wikimedia.org/wikipedia/commons/thumb/d/de/Belarus_24_logo.svg/742px-Belarus_24_logo.svg.png,channel-playlist:free-tv-br
Canais,Belarus,Беларусь 5 Интернет,https://edge55.dc.beltelecom.by/ngtrk/smil:belarus5int.smil/playlist.m3u8,https://i.imgur.com/rzPQ9Iz.png,channel-playlist:free-tv-br
Canais,Belarus,1Mus,http://hz1.teleport.cc/HLS/HD.m3u8,https://i.imgur.com/PozF9MT.png,channel-playlist:free-tv-br
Canais,Belarus,8 Kanal Vitebsk Ⓢ,http://95.46.208.8:24433/art,https://i.imgur.com/tjwBSTF.jpg,channel-playlist:free-tv-br
Canais,Belarus,Belros Ⓢ,https://live2.mediacdn.ru/sr1/tro/playlist.m3u8,https://i.imgur.com/HWqxjGl.png,channel-playlist:free-tv-br
Canais,Belarus,Belarus 4 Vitebsk Ⓢ,http://95.46.208.8:26258/belarus4,https://i.imgur.com/TW6Ap71.png,channel-playlist:free-tv-br
Canais,Belarus,Hawe TV Vitebsk Ⓢ,http://95.46.208.8:26259/nashe,https://i.imgur.com/HOb5m5f.jpg,channel-playlist:free-tv-br
Canais,Belarus,Pervyy Muzykal'nyy BY Ⓢ,http://rtmp.one.by:1200,https://i.imgur.com/7tFiG6S.jpg,channel-playlist:free-tv-br
Canais,Belarus,Planeta RTR Ⓢ,https://a3569455801-s26881.cdn.ngenix.net/live/smil:rtrp.smil/chunklist_b1600000.m3u8,https://i.imgur.com/yqRuEJd.png,channel-playlist:free-tv-br
Canais,Belarus,Radio HIT Orsk,http://hithd.camsh.orsk.ru/hls/hithd.m3u8,https://i.imgur.com/e2RyN4r.jpg,channel-playlist:free-tv-br
Canais,Belarus,Vitebsk Telekanal,https://flu.vtv.by/tvt-non-by/tracks-v1a1/mono.m3u8,https://i.imgur.com/FXAqELU.jpg,channel-playlist:free-tv-br
Canais,Belgium,RTL-Be,https://rtltvi-lh.akamaihd.net/i/TVI_1@319659/master.m3u8,https://i.imgur.com/xMhSvax.png,channel-playlist:free-tv-br
Canais,Belgium,La Une,http://4ce5e2d62ee2c10e43c709f9b87c44d5.streamhost.cc/m3u8/Belgium/29797c9f3f4fa00.m3u8,https://i.imgur.com/hJodwJt.png,channel-playlist:free-tv-br
Canais,Belgium,Tipik,http://4ce5e2d62ee2c10e43c709f9b87c44d5.streamhost.cc/m3u8/Belgium/5dee2de1f4661ce.m3u8,https://i.imgur.com/PVbVj8o.png,channel-playlist:free-tv-br
Canais,Belgium,Club RTL,http://4ce5e2d62ee2c10e43c709f9b87c44d5.streamhost.cc/m3u8/Belgium/9ef55f75bc15308.ts,https://i.imgur.com/e9GkFwY.png,channel-playlist:free-tv-br
Canais,Belgium,La Trois,http://4ce5e2d62ee2c10e43c709f9b87c44d5.streamhost.cc/m3u8/Belgium/6f940c7da9a562e.ts,https://i.imgur.com/kC3pJtA.png,channel-playlist:free-tv-br
Canais,Belgium,Plug RTL,http://4ce5e2d62ee2c10e43c709f9b87c44d5.streamhost.cc/m3u8/Belgium/de5c6896d356f8e.ts,https://i.imgur.com/iAZZWkZ.png,channel-playlist:free-tv-br
Canais,Belgium,LN24,https://live.cdn.ln24.be/out/v1/b191621c8b9a436cad37bb36a82d2e1c/index.m3u8,https://i.imgur.com/hePpxnn.png,channel-playlist:free-tv-br
Canais,Belgium,BX1,https://59959724487e3.streamlock.net/stream/live/playlist.m3u8,https://i.imgur.com/YjKqWru.png,channel-playlist:free-tv-br
Canais,Belgium,EEN,https://live-vrt.rabah.net/groupc/live/8edf3bdf-7db3-41c3-a318-72cb7f82de66/live_aes.isml/playlist.m3u8,https://i.imgur.com/66GQlc7.png,channel-playlist:free-tv-br
Canais,Belgium,Canvas,http://4ce5e2d62ee2c10e43c709f9b87c44d5.streamhost.cc/m3u8/Belgium/09916e3a88db175.ts,https://i.imgur.com/GQkhACx.png,channel-playlist:free-tv-br
Canais,Belgium,VTM,http://4ce5e2d62ee2c10e43c709f9b87c44d5.streamhost.cc/m3u8/Belgium/c5cafdbfc4d28d3.ts,https://i.imgur.com/fUxRP9x.png,channel-playlist:free-tv-br
Canais,Belgium,VIER,http://4ce5e2d62ee2c10e43c709f9b87c44d5.streamhost.cc/m3u8/Belgium/3f1f349cb9cf765.ts,https://i.imgur.com/bFTXP2e.png,channel-playlist:free-tv-br
Canais,Belgium,VIJF,http://4ce5e2d62ee2c10e43c709f9b87c44d5.streamhost.cc/m3u8/Belgium/7f59a4dfcc56366.ts,https://i.imgur.com/DTJLkiP.png,channel-playlist:free-tv-br
Canais,Belgium,Bruzz,https://hls-origin01-bruzz.cdn02.rambla.be/main/adliveorigin-bruzz/_definst_/V3n5YY.smil/playlist.m3u8,https://www.bruzz.be/themes/custom/drupack/favicons/favicon-32x32.png,channel-playlist:free-tv-br
Canais,Bosnia and Herzegovina,BHT 1,https://bhrtstream.bhtelecom.ba/bhrtportal_hd.m3u8,https://i.imgur.com/LEwlEEE.png,channel-playlist:free-tv-br
Canais,Bosnia and Herzegovina,BHT 1 Ⓢ,https://bhrtstream.bhtelecom.ba/bhrtportal.m3u8,https://i.imgur.com/LEwlEEE.png,channel-playlist:free-tv-br
Canais,Bosnia and Herzegovina,Federalna televizija (FTV) Ⓢ,http://94.250.2.6:7374/play/a02s/index.m3u8,https://i.imgur.com/Jpvs4u3.png,channel-playlist:free-tv-br
Canais,Bosnia and Herzegovina,Televizija Republike Srpske (RTRS),https://parh.rtrs.tv/tv/live/playlist.m3u8,https://i.imgur.com/2Sgs5gM.png,channel-playlist:free-tv-br
Canais,Bosnia and Herzegovina,RTRS PLUS Ⓢ,https://pluslive.rtrs.tv/plus/plus/playlist.m3u8,https://i.imgur.com/k06WvYl.png,channel-playlist:free-tv-br
Canais,Bosnia and Herzegovina,N1 Bosna i Hercegovina,https://best-str.umn.cdn.united.cloud/stream?channel=n1bos&p=n1Sh4redSecre7iNf0&sp=n1info&stream=sp1400&u=n1info,https://i.imgur.com/72oMSWz.png,channel-playlist:free-tv-br
Canais,Bosnia and Herzegovina,RTV HB Ⓢ,https://prd-hometv-live-open.spectar.tv/ERO_1_083/playlist.m3u8,https://upload.wikimedia.org/wikipedia/en/6/60/Logo_of_TV_Herceg-Bosne.png,channel-playlist:free-tv-br
Canais,Bosnia and Herzegovina,RTV BN,https://stream2.rtvbn.tv:8080/live_1935/bnstream/index.m3u8,https://i.imgur.com/DUBvfWb.png,channel-playlist:free-tv-br
Canais,Bosnia and Herzegovina,RTV Glas Drine,http://glasdrine.cutuk.net:8081/433ssdsw/GlasDrineSD/playlist.m3u8,https://i.imgur.com/9NgxOdb.png,channel-playlist:free-tv-br
Canais,Bosnia and Herzegovina,Sevdah Ⓢ,https://restreamer2.tnt.ba/hls/stream.m3u8,https://i.imgur.com/V6W3yEp.png,channel-playlist:free-tv-br
Canais,Bosnia and Herzegovina,TNT Kids,https://restreamer1.tnt.ba/hls/tntkids.m3u8,https://i.imgur.com/irTDbpn.png,channel-playlist:free-tv-br
Canais,Bosnia and Herzegovina,Televizija 5,https://balkanmedia.dynu.net/hls/tv5web.m3u8,https://i.imgur.com/znpvJys.png,channel-playlist:free-tv-br
Canais,Bosnia and Herzegovina,Kanal 6,https://restreamer1.tnt.ba/hls/kanal6.m3u8,https://i.imgur.com/GGhvR0l.png,channel-playlist:free-tv-br
Canais,Bosnia and Herzegovina,SuperTV,https://mirtv.club/live/mirtv/index.m3u8,https://i.imgur.com/XYWgd3E.png,channel-playlist:free-tv-br
Canais,Bosnia and Herzegovina,RTV ZE Ⓢ,https://stream.rtvze.ba/live/123/123.m3u8,https://i.imgur.com/TKUaflB.png,channel-playlist:free-tv-br
Canais,Bosnia and Herzegovina,TV BPK Ⓢ,http://94.250.2.6:7374/play/a02u/index.m3u8,https://upload.wikimedia.org/wikipedia/en/d/df/Logo_of_RTV_BPK_Gora%C5%BEde.jpg,channel-playlist:free-tv-br
Canais,Brazil,COM Brasil,https://br5093.streamingdevideo.com.br/abc/abc/playlist.m3u8,https://i.imgur.com/c8ztQnF.png,channel-playlist:free-tv-br
Canais,Brazil,SBT Ⓨ,https://www.youtube.com/watch?v=ABVQXgr2LW4,https://logodownload.org/wp-content/uploads/2013/12/sbt-logo.png,channel-playlist:free-tv-br
Canais,Brazil,RBC Ⓨ,https://www.youtube.com/watch?v=oUdd3CsxYaE,https://portal.rbc1.com.br/public/portal/img/layout/logorbc.png,channel-playlist:free-tv-br
Canais,Brazil,Record News,https://stream.ads.ottera.tv/playlist.m3u8?network_id=2116,https://upload.wikimedia.org/wikipedia/commons/4/46/Record_News_logo_2023.svg,channel-playlist:free-tv-br
Canais,Brazil,ISTV,https://video08.logicahost.com.br/istvnacional/srt.stream/istvnacional.m3u8,https://upload.wikimedia.org/wikipedia/pt/b/b5/Logotipo_da_ISTV.png,channel-playlist:free-tv-br
Canais,Brazil,Rede Brasil,https://video09.logicahost.com.br/redebrasiloficial/redebrasiloficial/playlist.m3u8,https://upload.wikimedia.org/wikipedia/commons/d/d1/Marca_rede_brasil_rgb-color.png,channel-playlist:free-tv-br
Canais,Brazil,TV Câmara,https://stream3.camara.gov.br/tv1/manifest.m3u8,https://i.imgur.com/UpV2PRk.png,channel-playlist:free-tv-br
Canais,Brazil,TVE RS,http://selpro1348.procergs.com.br:1935/tve/stve/playlist.m3u8,https://upload.wikimedia.org/wikipedia/commons/c/c2/Logotipo_da_TVE_RS.png,channel-playlist:free-tv-br
Canais,Brazil,TV Cultura,https://player-tvcultura.stream.uol.com.br/live/tvcultura.m3u8,https://upload.wikimedia.org/wikipedia/commons/8/82/Cultura_logo_2013.svg,channel-playlist:free-tv-br
Canais,Bulgaria,City TV Ⓢ,https://tv.city.bg/play/tshls/citytv/index.m3u8,https://i.imgur.com/BjRTbrU.png,channel-playlist:free-tv-br
Canais,Bulgaria,Euronews Bulgaria Ⓨ,https://www.youtube.com/channel/UCU1i6qBMjY9El6q5L2OK8hA/live,https://i.imgur.com/RrQVoOg.png,channel-playlist:free-tv-br
Canais,Bulgaria,TV1,https://tv1.cloudcdn.bg/temp/livestream.m3u8,https://upload.wikimedia.org/wikipedia/commons/6/64/Tv1-new.png,channel-playlist:free-tv-br
Canais,Canada,CBC Toronto Ⓖ,https://cbcrclinear-tor.akamaized.net/hls/live/2042760/CBCRCLINEAR_TOR_6/master5.m3u8,https://i.imgur.com/H5yEbxf.png,channel-playlist:free-tv-br
Canais,Canada,NTV,http://152.89.62.111:8080/nXyAiP3DNp/QgOuvocpGv/223012,https://i.imgur.com/b8W3Aah.png,channel-playlist:free-tv-br
Canais,Canada,CHCH,http://152.89.62.111:8080/nXyAiP3DNp/QgOuvocpGv/222841,https://i.imgur.com/jYSXaga.png,channel-playlist:free-tv-br
Canais,Canada,CBC News,https://cbcnewshd-f.akamaihd.net/i/cbcnews_1@8981/index_2500_av-p.m3u8,https://i.imgur.com/1EqQGKS.png,channel-playlist:free-tv-br
Canais,Canada,Global News,https://i.mjh.nz/PlutoTV/62cbef9ebb857100072fc187-alt.m3u8,https://i.imgur.com/IpfmG93.png,channel-playlist:free-tv-br
Canais,Canada,Global News Saskatoon,https://i.mjh.nz/PlutoTV/62cc00359cb58900088dc840-alt.m3u8,https://i.imgur.com/IpfmG93.png,channel-playlist:free-tv-br
Canais,Canada,Global News Winnipeg,https://i.mjh.nz/PlutoTV/62cc0120880c890007191016-alt.m3u8,https://i.imgur.com/IpfmG93.png,channel-playlist:free-tv-br
Canais,Canada,CPAC (EN),https://d7z3qjdsxbwoq.cloudfront.net/groupa/live/f9809cea-1e07-47cd-a94d-2ddd3e1351db/live.isml/.m3u8,https://i.imgur.com/AbdFD0S.png,channel-playlist:free-tv-br
Canais,Canada,ICI RDI,https://rcavlive.akamaized.net/hls/live/704025/xcanrdi/master.m3u8,https://upload.wikimedia.org/wikipedia/commons/thumb/0/0a/ICI_RDI_logo.svg/640px-ICI_RDI_logo.svg.png,channel-playlist:free-tv-br
Canais,Canada,ICI Télé HD Ⓖ,https://rcavlive.akamaized.net/hls/live/696615/xcancbft/master.m3u8,https://i.imgur.com/HsSi3NV.png,channel-playlist:free-tv-br
Canais,Canada,TVA Ⓖ,https://tvalive-dai01.akamaized.net/Content/HLS/Live/channel(575b93c5-be31-ee34-6285-14620fd14048)/index.m3u8,https://i.imgur.com/1GR8Szn.png,channel-playlist:free-tv-br
Canais,Canada,Noovo,https://pe-ak-lp04a-9c9media.akamaized.net/live/NOOVO/p/dash/00000001/f481c583dbd06b6c/manifest.mpd,https://i.imgur.com/BL9ziSJ.png,channel-playlist:free-tv-br
Canais,Canada,Télé Québec,https://bcovlive-a.akamaihd.net/575d86160eb143458d51f7ab187a4e68/us-east-1/6101674910001/playlist.m3u8,https://i.imgur.com/8grBWK9.png,channel-playlist:free-tv-br
Canais,Canada,Savoir Média,https://hls.savoir.media/live/stream.m3u8,https://i.imgur.com/pa4wOVY.png,channel-playlist:free-tv-br
Canais,Canada,CPAC (FR),https://bcsecurelivehls-i.akamaihd.net/hls/live/680604/1242843915001_3/master.m3u8,https://i.imgur.com/AbdFD0S.png,channel-playlist:free-tv-br
Canais,Canada,ICI Montreal,https://amdici.akamaized.net/hls/live/873426/ICI-Live-Stream/master.m3u8,https://i.imgur.com/Z1b2TJD.png,channel-playlist:free-tv-br
Canais,Canada,Toronto 360 TV,http://cdn3.toronto360.tv:8081/toronto360/hd/playlist.m3u8,https://i.imgur.com/PkWndsv.png,channel-playlist:free-tv-br
Canais,Chad,Tchad 24,http://102.131.58.110/out_1/index.m3u8,https://www.lyngsat.com/logo/tv/tt/tchad-24-td.png,channel-playlist:free-tv-br
Canais,Chad,Télé Tchad Ⓢ,https://strhlslb01.streamakaci.tv/str_tchad_tchad/str_tchad_multi/playlist.m3u8,https://upload.wikimedia.org/wikipedia/fr/b/b6/Logo_T%C3%A9l%C3%A9_Tchad.png,channel-playlist:free-tv-br
Canais,Chile,UCV Televisión,https://unlimited1-cl-isp.dps.live/ucvtv2/ucvtv2.smil/playlist.m3u8,https://i.imgur.com/2VL4Pts.png,channel-playlist:free-tv-br
Canais,Chile,TVN Ⓖ,https://iptv2.intersurtv.cl/TVN/index.m3u8,https://i.imgur.com/WoN1dai.png,channel-playlist:free-tv-br
Canais,Chile,24 horas,https://mdstrm.com/live-stream-playlist/689ba606ecfe7915e1f8f741.m3u8,https://i.imgur.com/0rF6Kub.png,channel-playlist:free-tv-br
Canais,Chile,NTV Ⓖ,https://mdstrm.com/live-stream-playlist/5aaabe9e2c56420918184c6d.m3u8,https://i.imgur.com/pt2Kj1A.png,channel-playlist:free-tv-br
Canais,Chile,TV Chile Ⓖ,https://mdstrm.com/live-stream-playlist/533adcc949386ce765657d7c.m3u8,https://i.imgur.com/yCL888l.png,channel-playlist:free-tv-br
Canais,Chile,Canal 13,https://redirector.dps.live/hls/13cl/playlist.m3u8,https://i.imgur.com/JIo1HBs.png,channel-playlist:free-tv-br
Canais,Chile,TV+ Ⓖ,https://mdstrm.com/live-stream-playlist/5c0e8b19e4c87f3f2d3e6a59.m3u8,https://i.imgur.com/NtuZIEJ.png,channel-playlist:free-tv-br
Canais,Chile,Chilevisión Ⓖ,https://redirector.rudo.video/hls-video/10b92cafdf3646cbc1e727f3dc76863621a327fd/chv/chv.smil/playlist.m3u8,https://i.imgur.com/2Pu8yXf.png,channel-playlist:free-tv-br
Canais,Chile,UChile TV,https://unlimited1-us.dps.live/uchiletv/uchiletv.smil/playlist.m3u8,https://i.imgur.com/mF2W8Uh.png,channel-playlist:free-tv-br
Canais,Chile,T13 en vivo,https://redirector.rudo.video/hls-video/10b92cafdf3646cbc1e727f3dc76863621a327fd/t13/t13.smil/playlist.m3u8,https://i.imgur.com/3CEijac.png,channel-playlist:free-tv-br
Canais,Chile,13 Entretención,https://origin.dpsgo.com/ssai/event/BBp0VeP6QtOOlH8nu3bWTg/master.m3u8,https://i.imgur.com/1vTno0m.png,channel-playlist:free-tv-br
Canais,Chile,13 Cultura,https://origin.dpsgo.com/ssai/event/GI-9cp_bT8KcerLpZwkuhw/master.m3u8,https://i.imgur.com/49QkKWv.png,channel-playlist:free-tv-br
Canais,Chile,13 Prime,https://origin.dpsgo.com/ssai/event/p4mmBxEzSmKAxY1GusOHrw/master.m3u8,https://i.imgur.com/YwDFNxs.png,channel-playlist:free-tv-br
Canais,Chile,13 Kids,https://origin.dpsgo.com/ssai/event/LhHrVtyeQkKZ-Ye_xEU75g/master.m3u8,https://i.imgur.com/m6y9AMe.png,channel-playlist:free-tv-br
Canais,Chile,13 Realities,https://origin.dpsgo.com/ssai/event/g7_JOM0ORki9SR5RKHe-Kw/master.m3u8,https://i.imgur.com/p1Qpljw.png,channel-playlist:free-tv-br
Canais,Chile,13 Teleseries,https://origin.dpsgo.com/ssai/event/f4TrySe8SoiGF8Lu3EIq1g/master.m3u8,https://i.imgur.com/aJMBnse.png,channel-playlist:free-tv-br
Canais,Chile,El Pingüino TV,https://redirector.rudo.video/hls-video/339f69c6122f6d8f4574732c235f09b7683e31a5/pinguinotv/pinguinotv.smil/playlist.m3u8,https://i.imgur.com/ohXs2NV.png,channel-playlist:free-tv-br
Canais,Chile,UCL,https://redirector.rudo.video/hls-video/c54ac2799874375c81c1672abb700870537c5223/ucl/ucl.smil/playlist.m3u8,https://i.imgur.com/JxqVHPX.png,channel-playlist:free-tv-br
Canais,Chile,Deportes13 Ⓖ,https://redirector.rudo.video/hls-video/ey6283je82983je9823je8jowowiekldk9838274/13d/13d.smil/playlist.m3u8,https://i.imgur.com/GRpxoPf.png,channel-playlist:free-tv-br
Canais,Chile,TVN 3,https://mdstrm.com/live-stream-playlist/5653641561b4eba30a7e4929.m3u8,https://i.imgur.com/84lWqRi.png,channel-playlist:free-tv-br
Canais,Chile,Chilevisión Noticias,https://redirector.rudo.video/hls-video/10b92cafdf3646cbc1e727f3dc76863621a327fd/chvn/chvn.smil/playlist.m3u8,https://i.imgur.com/Qh6d0A9.png,channel-playlist:free-tv-br
Canais,Chile,SoloTV,https://stream.making.cl/memfs/ee909361-73e9-4e74-8391-5f1b0b8006c2.m3u8,https://i.imgur.com/Ad2ueID.png,channel-playlist:free-tv-br
Canais,Chile,Mega,https://unlimited2-cl-isp.dps.live/mega/mega.smil/playlist.m3u8,https://i.imgur.com/CYdWSDb.png,channel-playlist:free-tv-br
Canais,Chile,Bio Bio TV,https://redirector.rudo.video/hls-video/339f69c6122f6d8f4574732c235f09b7683e31a5/bbtv/bbtv.smil/playlist.m3u8,https://i.imgur.com/wrRufts.png,channel-playlist:free-tv-br
Canais,China,CCTV-1 综合,https://node1.olelive.com:6443/live/CCTV1HD/hls.m3u8,https://i.imgur.com/uHU6Vc0.png,channel-playlist:free-tv-br
Canais,China,CCTV-2 财经,https://node1.olelive.com:6443/live/CCTV2HD/hls.m3u8,https://i.imgur.com/6C9JEYt.png,channel-playlist:free-tv-br
Canais,China,CCTV-4 中文国际（亚） Ⓨ,https://www.youtube.com/channel/UC4K_LI-Tn3-LshNgG0-YypQ/live,https://i.imgur.com/ovUSVEQ.png,channel-playlist:free-tv-br
Canais,China,CCTV-4 中文国际（美） Ⓢ,https://global.cgtn.cicc.media.caton.cloud/master/cgtn-america.m3u8,https://i.imgur.com/1TPiRqR.png,channel-playlist:free-tv-br
Canais,China,CCTV-5 体育,https://node1.olelive.com:6443/live/CCTV5HD/hls.m3u8,https://i.imgur.com/Mut2omN.png,channel-playlist:free-tv-br
Canais,China,CCTV-5+ 体育赛事,https://node1.olelive.com:6443/live/CCTV5PHD/hls.m3u8,https://i.imgur.com/UNjmQVS.png,channel-playlist:free-tv-br
Canais,China,CCTV-7 国防军事,https://node1.olelive.com:6443/live/CCTV7HD/hls.m3u8,https://i.imgur.com/GhXlUpM.png,channel-playlist:free-tv-br
Canais,China,CCTV-8 电视剧,https://node1.olelive.com:6443/live/CCTV8HD/hls.m3u8,https://i.imgur.com/Qg1opg9.png,channel-playlist:free-tv-br
Canais,China,CCTV-9 纪录,https://node1.olelive.com:6443/live/CCTV9HD/hls.m3u8,https://i.imgur.com/Ruyzhu5.png,channel-playlist:free-tv-br
Canais,China,CCTV-10 科教,https://node1.olelive.com:6443/live/CCTV10HD/hls.m3u8,https://i.imgur.com/W8JNs1s.png,channel-playlist:free-tv-br
Canais,China,CCTV-13 新闻,https://node1.olelive.com:6443/live/CCTV13HD/hls.m3u8,https://i.imgur.com/pPO8uJN.png,channel-playlist:free-tv-br
Canais,China,CCTV-17 农业农村,https://node1.olelive.com:6443/live/CCTV17HD/hls.m3u8,https://i.imgur.com/XMsoHut.png,channel-playlist:free-tv-br
Canais,China,CETV-1,http://txycsbl.centv.cn/zb/0628cetv1.m3u8,https://i.imgur.com/AMcIAOV.png,channel-playlist:free-tv-br
Canais,China,CETV-2,http://txycsbl.centv.cn/zb/0822cetv2.m3u8,https://i.imgur.com/a9mvoeP.png,channel-playlist:free-tv-br
Canais,China,CETV-3,http://txycsbl.centv.cn/zb/0822cetv3.m3u8,https://i.imgur.com/t8o5ZKt.png,channel-playlist:free-tv-br
Canais,China,CETV-4,http://txycsbl.centv.cn/zb/0822cetv4.m3u8,https://i.imgur.com/BRe0ybV.png,channel-playlist:free-tv-br
Canais,China,TV BRICS Chinese,https://brics.bonus-tv.ru/cdn/brics/chinese/playlist.m3u8,https://i.imgur.com/896132Z.png,channel-playlist:free-tv-br
Canais,Costa Rica,Canal 1,https://video20.klm99.com:3993/live/canal1crlive.m3u8,https://cloudfront-us-east-1.images.arcpublishing.com/gruponacion/2XI5OC6MQZFXXBDGMRRDOZSL2Q.jpg,channel-playlist:free-tv-br
Canais,Costa Rica,Canal 2 CDR,https://d3bgcstab9qhdz.cloudfront.net/hls/canal2.m3u8,https://i0.wp.com/directostv.teleame.com/wp-content/uploads/2016/06/Canal-2-Costa-Rica-en-vivo-Online.png,channel-playlist:free-tv-br
Canais,Costa Rica,Canal 4,https://d3bgcstab9qhdz.cloudfront.net/hls/canal2.m3u8,https://i0.wp.com/directostv.teleame.com/wp-content/uploads/2016/06/Canal-4-Costa-Rica-en-vivo-Online.png,channel-playlist:free-tv-br
Canais,Costa Rica,Canal 6,https://d3bgcstab9qhdz.cloudfront.net/hls/canal2.m3u8,https://i0.wp.com/directostv.teleame.com/wp-content/uploads/2016/06/Canal-6-Costa-Rica-en-vivo-Online.png,channel-playlist:free-tv-br
Canais,Costa Rica,Canal 8,http://mdstrm.com/live-stream-playlist/5a7b1e63a8da282c34d65445.m3u8,https://platform-static.cdn.mdstrm.com/player/logo/5efe501c21d05a0722152f6d.png,channel-playlist:free-tv-br
Canais,Costa Rica,Canal 11,https://d3bgcstab9qhdz.cloudfront.net/hls/canal2.m3u8,https://i0.wp.com/directostv.teleame.com/wp-content/uploads/2016/06/Canal-11-Costa-Rica-en-vivo-Online.png,channel-playlist:free-tv-br
Canais,Costa Rica,88 Stereo,http://k3.usastreams.com/CableLatino/88stereo/playlist.m3u8,http://www.88stereo.com/wp-content/uploads/2017/05/88Stereo-logoweb.png,channel-playlist:free-tv-br
Canais,Croatia,HRT 1,https://webtvstream.bhtelecom.ba/hls9/hrt1_1200.m3u8,https://upload.wikimedia.org/wikipedia/commons/1/1f/HRT1-logo.png,channel-playlist:free-tv-br
Canais,Croatia,HRT 2,https://webtvstream.bhtelecom.ba/hls9/hrt2_1200.m3u8,https://upload.wikimedia.org/wikipedia/commons/d/d0/Htv2-logo.png,channel-playlist:free-tv-br
Canais,Croatia,RTL,https://d1cs5tlhj75jxe.cloudfront.net/rtl/playlist.m3u8,https://i.imgur.com/zAjr6pO.png,channel-playlist:free-tv-br
Canais,Croatia,HRT 3,https://webtvstream.bhtelecom.ba/hls9/hrt3_1200.m3u8,https://upload.wikimedia.org/wikipedia/commons/9/96/HRT3_Logo_aktuell.png,channel-playlist:free-tv-br
Canais,Croatia,RTL 2,https://d1um9c09e0t5ag.cloudfront.net/rtl2/playlist.m3u8,https://i.imgur.com/dQLaylJ.png,channel-playlist:free-tv-br
Canais,Croatia,Sportska televizija Ⓖ,https://stream.agatin.hr:3087/live/sptvlive.m3u8,https://i.imgur.com/xdxjcVh.png,channel-playlist:free-tv-br
Canais,Croatia,RTL Kockica,https://d1rzyyum8t0q1e.cloudfront.net/rtl-kockica/playlist.m3u8,https://i.imgur.com/BiSVmRa.png,channel-playlist:free-tv-br
Canais,Croatia,CMC TV,https://stream.cmctv.hr:49998/cmc/live.m3u8,https://i.imgur.com/Fh2vawT.png,channel-playlist:free-tv-br
Canais,Croatia,Plava Vinkovačka,https://player-api.new.livestream.com/accounts/26611954/events/7977299/broadcasts/237205435.secure.m3u8,https://i.imgur.com/WJJNtQ3.jpg,channel-playlist:free-tv-br
Canais,Croatia,Televizija Slavonije i Baranje (STV),http://89.201.163.244:8080/hls/hdmi.m3u8,https://upload.wikimedia.org/wikipedia/hr/0/04/STV.PNG,channel-playlist:free-tv-br
Canais,Croatia,Osječka televizija (OSTV) Ⓢ,https://player-api.new.livestream.com/accounts/27681961/events/8347875/broadcasts/237202062.secure.m3u8,https://i.imgur.com/o9JgEyG.png,channel-playlist:free-tv-br
Canais,Croatia,TV Nova,https://stream.agatin.hr:3727/live/tvnovalive.m3u8,https://upload.wikimedia.org/wikipedia/hr/c/c8/TVnova-logo.png,channel-playlist:free-tv-br
Canais,Croatia,TV Jadran,https://tvjadran.stream.agatin.hr:3412/live/tvjadranlive.m3u8,https://upload.wikimedia.org/wikipedia/hr/9/9a/Tv_jadran_logo.png,channel-playlist:free-tv-br
Canais,Croatia,Libertas TV,https://stream.luci.xyz/hls/LTV.m3u8,https://upload.wikimedia.org/wikipedia/hr/8/8a/LibertasTV.png,channel-playlist:free-tv-br
Canais,Croatia,Trend TV,http://185.62.75.22:1935/trend/myStream/playlist.m3u8,https://upload.wikimedia.org/wikipedia/hr/2/22/TrendTV.jpg,channel-playlist:free-tv-br
Canais,Croatia,Televizija Zapad,http://webtv.zapad.tv:8080/memfs/1ad23803-84c3-41c7-aa91-fce4c7eac52e.m3u8,https://upload.wikimedia.org/wikipedia/hr/9/97/TVZ-2018.png,channel-playlist:free-tv-br
Canais,Croatia,Al Jazeera Balkans,https://live-hls-web-ajb.getaj.net/AJB/index.m3u8,https://i.imgur.com/Z1FB6wl.png,channel-playlist:free-tv-br
Canais,Cyprus,RIK 1 Ⓢ,http://213.7.216.229:8888/udp/239.23.0.1:1234,https://upload.wikimedia.org/wikipedia/commons/thumb/e/e5/Logo_RIK_1_2017.svg/640px-Logo_RIK_1_2017.svg.png,channel-playlist:free-tv-br
Canais,Cyprus,RIK 2 Ⓢ,http://213.7.216.229:8888/udp/239.23.0.2:1234,https://upload.wikimedia.org/wikipedia/commons/thumb/1/14/Logo_RIK_2_2017.svg/640px-Logo_RIK_2_2017.svg.png,channel-playlist:free-tv-br
Canais,Cyprus,RIK HD,http://213.7.216.229:8888/udp/239.23.0.5:1234,https://upload.wikimedia.org/wikipedia/el/7/7d/RIKHD2.png,channel-playlist:free-tv-br
Canais,Cyprus,RIK Sat,https://l3.cloudskep.com/cybcsat/abr/playlist.m3u8,https://upload.wikimedia.org/wikipedia/commons/thumb/a/ad/Logo_RIK_Sat_2017.svg/640px-Logo_RIK_Sat_2017.svg.png,channel-playlist:free-tv-br
Canais,Cyprus,Ada TV,https://yayin1.canlitv.fun/live/kibrisadatv.stream/playlist.m3u8,https://i.imgur.com/LPQfdz2.png,channel-playlist:free-tv-br
Canais,Czech Republic,ČT1,https://sktv.mxnticek.eu/new/stream.php?ch=CT1,https://raw.githubusercontent.com/tv-logo/tv-logos/main/countries/czech-republic/ct1-cz.png,channel-playlist:free-tv-br
Canais,Czech Republic,ČT2,https://sktv.mxnticek.eu/new/stream.php?ch=CT2,https://raw.githubusercontent.com/tv-logo/tv-logos/main/countries/czech-republic/ct2-cz.png,channel-playlist:free-tv-br
Canais,Czech Republic,ČT24,https://sktv.mxnticek.eu/new/stream.php?ch=CT24,https://raw.githubusercontent.com/tv-logo/tv-logos/main/countries/czech-republic/ct24-cz.png,channel-playlist:free-tv-br
Canais,Czech Republic,ČT sport,https://sktv.mxnticek.eu/new/stream.php?ch=CTsport,https://raw.githubusercontent.com/tv-logo/tv-logos/main/countries/czech-republic/ct-sport-cz.png,channel-playlist:free-tv-br
Canais,Czech Republic,ČT :D,https://sktv.mxnticek.eu/new/stream.php?ch=CT_D,https://raw.githubusercontent.com/tv-logo/tv-logos/main/countries/czech-republic/ct-d-cz.png,channel-playlist:free-tv-br
Canais,Czech Republic,ČT art,https://sktv.mxnticek.eu/new/stream.php?ch=CTart,https://raw.githubusercontent.com/tv-logo/tv-logos/main/countries/czech-republic/ct-art-cz.png,channel-playlist:free-tv-br
Canais,Czech Republic,ČT sport Plus,https://sktv.mxnticek.eu/new/stream.php?ch=%C4%8CT%20sport%20Plus,https://raw.githubusercontent.com/tv-logo/tv-logos/main/countries/czech-republic/ct-sport-cz.png,channel-playlist:free-tv-br
Canais,Czech Republic,TV Nova Ⓢ,https://sktv.mxnticek.eu/new/stream.php?ch=Nova,https://raw.githubusercontent.com/tv-logo/tv-logos/main/countries/czech-republic/nova-cz.png,channel-playlist:free-tv-br
Canais,Czech Republic,Nova Cinema,https://sktv.mxnticek.eu/new/stream.php?ch=NovaCinema,https://raw.githubusercontent.com/tv-logo/tv-logos/main/countries/czech-republic/nova-cinema-cz.png,channel-playlist:free-tv-br
Canais,Czech Republic,Nova Action,https://sktv.mxnticek.eu/new/stream.php?ch=NovaAction,https://raw.githubusercontent.com/tv-logo/tv-logos/main/countries/czech-republic/nova-action-cz.png,channel-playlist:free-tv-br
Canais,Czech Republic,Nova Fun,https://sktv.mxnticek.eu/new/stream.php?ch=NovaFun,https://raw.githubusercontent.com/tv-logo/tv-logos/main/countries/czech-republic/nova-fun-cz.png,channel-playlist:free-tv-br
Canais,Czech Republic,Nova Gold,https://sktv.mxnticek.eu/new/stream.php?ch=NovaGold,https://raw.githubusercontent.com/tv-logo/tv-logos/main/countries/czech-republic/nova-gold-cz.png,channel-playlist:free-tv-br
Canais,Czech Republic,Nova Lady,https://sktv.mxnticek.eu/new/stream.php?ch=NovaLady,https://raw.githubusercontent.com/tv-logo/tv-logos/main/countries/czech-republic/nova-lady-cz.png,channel-playlist:free-tv-br
Canais,Czech Republic,TN Live,https://sktv.mxnticek.eu/new/stream.php?ch=Nova%20TN%20Live,https://raw.githubusercontent.com/tv-logo/tv-logos/main/countries/czech-republic/nova-cz.png,channel-playlist:free-tv-br
Canais,Czech Republic,Prima,https://sktv.mxnticek.eu/new/stream.php?ch=Prima,https://raw.githubusercontent.com/tv-logo/tv-logos/main/countries/czech-republic/prima-cz.png,channel-playlist:free-tv-br
Canais,Czech Republic,CNN Prima News,https://sktv.mxnticek.eu/new/stream.php?ch=PrimaNews,https://raw.githubusercontent.com/tv-logo/tv-logos/main/countries/czech-republic/cnn-prima-news-cz.png,channel-playlist:free-tv-br
Canais,Czech Republic,Prima Zoom,https://sktv.mxnticek.eu/new/stream.php?ch=PrimaZoom,https://raw.githubusercontent.com/tv-logo/tv-logos/main/countries/czech-republic/prima-zoom-cz.png,channel-playlist:free-tv-br
Canais,Czech Republic,Prima Love,https://sktv.mxnticek.eu/new/stream.php?ch=PrimaLove,https://raw.githubusercontent.com/tv-logo/tv-logos/main/countries/czech-republic/prima-love-cz.png,channel-playlist:free-tv-br
Canais,Czech Republic,Prima STAR,https://sktv.mxnticek.eu/new/stream.php?ch=PrimaStar,https://raw.githubusercontent.com/tv-logo/tv-logos/main/countries/czech-republic/prima-star-cz.png,channel-playlist:free-tv-br
Canais,Czech Republic,Prima Krimi,https://sktv.mxnticek.eu/new/stream.php?ch=PrimaKrimi,https://raw.githubusercontent.com/tv-logo/tv-logos/main/countries/czech-republic/prima-krimi-cz.png,channel-playlist:free-tv-br
Canais,Czech Republic,Prima MAX,https://sktv.mxnticek.eu/new/stream.php?ch=PrimaMax,https://raw.githubusercontent.com/tv-logo/tv-logos/main/countries/czech-republic/prima-max-cz.png,channel-playlist:free-tv-br
Canais,Czech Republic,Prima Cool,https://sktv.mxnticek.eu/new/stream.php?ch=PrimaCool,https://raw.githubusercontent.com/tv-logo/tv-logos/main/countries/czech-republic/prima-cool-cz.png,channel-playlist:free-tv-br
Canais,Czech Republic,Prima Show,https://sktv.mxnticek.eu/new/stream.php?ch=PrimaShow,https://raw.githubusercontent.com/tv-logo/tv-logos/main/countries/czech-republic/prima-show-cz.png,channel-playlist:free-tv-br
Canais,Czech Republic,JOJ Family Ⓢ,https://sktv.mxnticek.eu/new/stream.php?ch=JOJ%20Family,https://raw.githubusercontent.com/tv-logo/tv-logos/main/countries/czech-republic/joj-family-cz.png,channel-playlist:free-tv-br
Canais,Czech Republic,JOJ Cinema,https://sktv.mxnticek.eu/new/stream.php?ch=JOJ%20Cinema,https://raw.githubusercontent.com/tv-logo/tv-logos/main/countries/czech-republic/joj-cinema-cz.png,channel-playlist:free-tv-br
Canais,Czech Republic,CS Film,https://sktv.mxnticek.eu/new/stream.php?ch=CS%20Film,https://raw.githubusercontent.com/tv-logo/tv-logos/main/countries/slovakia/cs-film-sk.png,channel-playlist:free-tv-br
Canais,Czech Republic,CS History,https://sktv.mxnticek.eu/new/stream.php?ch=CS%20History,https://raw.githubusercontent.com/tv-logo/tv-logos/main/countries/czech-republic/cs-history-cz.png,channel-playlist:free-tv-br
Canais,Czech Republic,CS Mystery,https://sktv.mxnticek.eu/new/stream.php?ch=CS%20Mystery,https://raw.githubusercontent.com/tv-logo/tv-logos/main/countries/czech-republic/cs-mystery-cz.png,channel-playlist:free-tv-br
Canais,Czech Republic,Óčko Ⓢ,https://ocko-live.ssl.cdn.cra.cz/channels/ocko/playlist.m3u8,https://raw.githubusercontent.com/tv-logo/tv-logos/main/countries/czech-republic/ocko-cz.png,channel-playlist:free-tv-br
Canais,Czech Republic,Óčko Star Ⓢ,https://ocko-live.ssl.cdn.cra.cz/channels/ocko_gold/playlist.m3u8,https://raw.githubusercontent.com/tv-logo/tv-logos/main/countries/czech-republic/ocko-star-cz.png,channel-playlist:free-tv-br
Canais,Czech Republic,Óčko Expres Ⓢ,https://ocko-live.ssl.cdn.cra.cz/channels/ocko_expres/playlist.m3u8,https://raw.githubusercontent.com/tv-logo/tv-logos/main/countries/czech-republic/ocko-expres-cz.png,channel-playlist:free-tv-br
Canais,Czech Republic,Šlágr Originál Ⓢ,https://stream-6.mazana.tv/slagr.m3u,https://raw.githubusercontent.com/tv-logo/tv-logos/main/countries/czech-republic/slagr-original-cz.png,channel-playlist:free-tv-br
Canais,Czech Republic,Šlágr Muzika Ⓢ,https://stream-33.mazana.tv/slagr2.m3u,https://raw.githubusercontent.com/tv-logo/tv-logos/main/countries/czech-republic/slagr-muzika-cz.png,channel-playlist:free-tv-br
Canais,Czech Republic,Šlágr Premium Ⓢ,https://stream-15.mazana.tv/slagrpremium.m3u,https://raw.githubusercontent.com/tv-logo/tv-logos/main/countries/czech-republic/slagr-premium-cz.png,channel-playlist:free-tv-br
Canais,Czech Republic,Retro Music TV Ⓢ,https://stream.mediawork.cz/retrotv/smil:retrotv2.smil/playlist.m3u8,https://raw.githubusercontent.com/tv-logo/tv-logos/main/countries/czech-republic/retro-cz.png,channel-playlist:free-tv-br
Canais,Czech Republic,Praha TV,https://stream.polar.cz/prahatv/prahatvlive-1/playlist.m3u8,https://raw.githubusercontent.com/tv-logo/tv-logos/main/countries/czech-republic/praha-tv-cz.png,channel-playlist:free-tv-br
Canais,Czech Republic,Východoceská TV,https://stream.polar.cz/vctv/vctvlive-1/playlist.m3u8,https://raw.githubusercontent.com/tv-logo/tv-logos/main/countries/czech-republic/tv-v1-cz.png,channel-playlist:free-tv-br
Canais,Czech Republic,UTV,https://vysilani.zaktv.cz/broadcast/hls/utv/index.m3u8,https://imgur.com/ulfeIwM.png,channel-playlist:free-tv-br
Canais,Denmark,DR1 Ⓖ,https://drlive01texthls.akamaized.net/hls/live/2014186/drlive01text/master.m3u8,https://i.imgur.com/wEq8UnG.png,channel-playlist:free-tv-br
Canais,Denmark,DR2 Ⓖ,https://drlive02texthls.akamaized.net/hls/live/2014188/drlive02text/master.m3u8,https://i.imgur.com/b79UKYN.png,channel-playlist:free-tv-br
Canais,Denmark,DR Ramasjang Ⓖ,https://drlive03texthls.akamaized.net/hls/live/2014191/drlive03text/master.m3u8,https://i.imgur.com/YD0z2mN.png,channel-playlist:free-tv-br
Canais,Denmark,Folketinget TV,https://cdnapi.kaltura.com/p/2158211/sp/327418300/playManifest/entryId/1_24gfa7qq/protocol/https/format/applehttp/a.m3u8,https://i.imgur.com/RqQDUzX.png,channel-playlist:free-tv-br
Canais,Dominican Republic,Canal RTVD 4,https://protvradiostream.com:1936/canal4rd-1/ngrp:canal4rd-1_all/playlist.m3u8,https://static.wikia.nocookie.net/logopedia/images/4/4e/CERTV_4_2015.png,channel-playlist:free-tv-br
Canais,Egypt,Aghapy TV,https://5b622f07944df.streamlock.net/aghapy.tv/aghapy.smil/playlist.m3u8,https://upload.wikimedia.org/wikipedia/en/e/eb/AghapyTV.jpg,channel-playlist:free-tv-br
Canais,Egypt,Al Ghad Plus,https://playlist.fasttvcdn.com/pl/ykvm3f2fhokwxqsurp9xcg/alghad-plus/playlist.m3u8,https://upload.wikimedia.org/wikipedia/commons/0/06/AlGhad_TV.png,channel-playlist:free-tv-br
Canais,Egypt,Al Ghad TV,https://eazyvwqssi.erbvr.com/alghadtv/alghadtv.m3u8,https://upload.wikimedia.org/wikipedia/commons/0/06/AlGhad_TV.png,channel-playlist:free-tv-br
Canais,Egypt,Al Qahera News,https://bcovlive-a.akamaihd.net/d30cbb3350af4cb7a6e05b9eb1bfd850/eu-west-1/6057955906001/playlist.m3u8,https://upload.wikimedia.org/wikipedia/ar/b/b0/%D9%82%D9%86%D8%A7%D8%A9_%D8%A7%D9%84%D9%82%D8%A7%D9%87%D8%B1%D8%A9_%D8%A7%D9%84%D8%A5%D8%AE%D8%A8%D8%A7%D8%B1%D9%8A%D8%A9.png,channel-playlist:free-tv-br
Canais,Egypt,Alhayat TV,https://cdn3.wowza.com/5/OE5HREpIcEkySlNT/alhayat-live/ngrp:livestream_all/playlist.m3u8,https://upload.wikimedia.org/wikipedia/commons/8/8c/Al-Hayat_Media_Center_Logo_%28variant_2%29.svg,channel-playlist:free-tv-br
Canais,Egypt,Coptic TV,https://5aafcc5de91f1.streamlock.net/ctvchannel.tv/ctv.smil/playlist.m3u8,https://upload.wikimedia.org/wikipedia/en/4/4c/Coptic_news.jpg,channel-playlist:free-tv-br
Canais,Egypt,Huda TV,https://cdn.bestream.io:19360/elfaro1/elfaro1.m3u8,https://upload.wikimedia.org/wikipedia/commons/5/58/Logo_huda_%D8%AD%D8%AC%D9%85_%D9%83%D8%A8%D9%8A%D8%B1.gif,channel-playlist:free-tv-br
Canais,Egypt,Koogi TV,https://5d658d7e9f562.streamlock.net/koogi.tv/koogi.smil/playlist.m3u8,,channel-playlist:free-tv-br
Canais,Egypt,MBC Masr 1,https://mbc1-enc.edgenextcdn.net/out/v1/d5036cabf11e45bf9d0db410ca135c18/index.m3u8,https://upload.wikimedia.org/wikipedia/commons/7/7c/MBC_Masr_Logo.png,channel-playlist:free-tv-br
Canais,Egypt,MBC Masr 2,https://shls-masr2-ak.akamaized.net/out/v1/f683685242b549f48ea8a5171e3e993a/index.m3u8,https://upload.wikimedia.org/wikipedia/commons/5/53/MBC_Masr_2_Logo.svg,channel-playlist:free-tv-br
Canais,Egypt,Rotana Cinema,https://rotana.hibridcdn.net/rotana/cinemamasr_net-7Y83PP5adWixDF93/playlist.m3u8,https://upload.wikimedia.org/wikipedia/commons/9/92/Rotana_Cinema_Egy.png,channel-playlist:free-tv-br
Canais,Egypt,Watan TV,https://rp.tactivemedia.com/watantv_source/live/playlist.m3u8,,channel-playlist:free-tv-br
Canais,Estonia,ETV Ⓖ,http://sb.err.ee/live/etv.m3u8,https://i.imgur.com/5URjPgG.png,channel-playlist:free-tv-br
Canais,Estonia,ETV2 Ⓖ,http://sb.err.ee/live/etv2.m3u8,https://i.imgur.com/fUjGHDa.png,channel-playlist:free-tv-br
Canais,Estonia,ETV+ Ⓖ,http://sb.err.ee/live/etvpluss.m3u8,https://i.imgur.com/YAubPlU.png,channel-playlist:free-tv-br
Canais,Estonia,Riigikogu,https://riigikogu.babahhcdn.com/bb1027/smil:riigikogu_ch1.smil/playlist.m3u8,https://i.imgur.com/7uWaZLF.png,channel-playlist:free-tv-br
Canais,Estonia,Taevas TV7,https://vod.tv7.fi/tv7-ee/_definst_/smil:tv7-ee.smil/playlist.m3u8,https://i.imgur.com/usXedIj.png,channel-playlist:free-tv-br
Canais,Estonia,Life TV Estonia,https://lifetv.bitflip.ee/live/stream2.m3u8,https://i.imgur.com/JhrTB82.png,channel-playlist:free-tv-br
Canais,Estonia,Life TV Europe,https://lifetv.bitflip.ee/live/stream1.m3u8,https://i.imgur.com/JhrTB82.png,channel-playlist:free-tv-br
Canais,Estonia,TBN Baltia,http://dc.tbnbaltia.eu:8088/dvr/rewind-21600.m3u8,https://i.imgur.com/rKBaK56.png,channel-playlist:free-tv-br
Canais,Faroe Islands,KVF Sjónvarp,https://w1.kringvarp.fo/uttanlands/smil:uttanlands.smil/playlist.m3u8,https://upload.wikimedia.org/wikipedia/commons/thumb/a/ab/KVF_logo_2019.svg/640px-KVF_logo_2019.svg.png,channel-playlist:free-tv-br
Canais,Faroe Islands,Tingvarp,https://play.kringvarp.fo/redirect/tingvarp/_definst_/smil:tingvarp.smil?type=m3u8,https://upload.wikimedia.org/wikipedia/commons/9/90/Logo_-_L%C3%B8gting.png,channel-playlist:free-tv-br
Canais,Finland,Yle TV1 Ⓖ,https://yletv.akamaized.net/hls/live/622365/yletv1fin/index.m3u8,https://i.imgur.com/6yXZwUL.png,channel-playlist:free-tv-br
Canais,Finland,Yle TV2 Ⓖ,https://yletv.akamaized.net/hls/live/622366/yletv2fin/index.m3u8,https://i.imgur.com/4xkc6PL.png,channel-playlist:free-tv-br
Canais,Finland,MTV3,https://live-fi.tvkaista.net/mtv3/live.m3u8?src=freetv,https://i.imgur.com/kNbmc8n.png,channel-playlist:free-tv-br
Canais,Finland,Nelonen,https://live-fi.tvkaista.net/nelonen/live.m3u8?src=freetv,https://i.imgur.com/BFbCyfY.png,channel-playlist:free-tv-br
Canais,Finland,Yle Teema Fem Ⓖ,https://yletv.akamaized.net/hls/live/622367/yletvteemafemfin/index.m3u8,https://i.imgur.com/iDljufz.png,channel-playlist:free-tv-br
Canais,Finland,MTV Sub,https://live-fi.tvkaista.net/sub/live.m3u8?src=freetv,https://i.imgur.com/VRCuxQt.png,channel-playlist:free-tv-br
Canais,Finland,TV5 Finland,https://live-fi.tvkaista.net/tv5/live.m3u8?src=freetv,https://i.imgur.com/MoukyGs.png,channel-playlist:free-tv-br
Canais,Finland,Liv,https://live-fi.tvkaista.net/liv/live.m3u8?src=freetv,https://upload.wikimedia.org/wikipedia/commons/0/06/Liv_color_RGB.png,channel-playlist:free-tv-br
Canais,Finland,Jim,https://live-fi.tvkaista.net/jim/live.m3u8?src=freetv,https://upload.wikimedia.org/wikipedia/commons/9/92/Jim_color_RGB.png,channel-playlist:free-tv-br
Canais,Finland,Kutonen,https://live-fi.tvkaista.net/kutonen/live.m3u8?src=freetv,https://i.imgur.com/4giVyxb.png,channel-playlist:free-tv-br
Canais,Finland,TLC Finland,https://live-fi.tvkaista.net/tlc/live.m3u8?src=freetv,https://i.imgur.com/0d5hP3A.png,channel-playlist:free-tv-br
Canais,Finland,Star Channel Finland,https://live-fi.tvkaista.net/star-channel/live.m3u8?src=freetv,https://upload.wikimedia.org/wikipedia/commons/thumb/8/89/Star_Channel_2020.svg/640px-Star_Channel_2020.svg.png,channel-playlist:free-tv-br
Canais,Finland,MTV Ava,https://live-fi.tvkaista.net/ava/live.m3u8?src=freetv,https://i.imgur.com/rtyJVgB.png,channel-playlist:free-tv-br
Canais,Finland,Hero,https://live-fi.tvkaista.net/hero/live.m3u8?src=freetv,https://upload.wikimedia.org/wikipedia/commons/b/bd/Hero_color_RGB.png,channel-playlist:free-tv-br
Canais,Finland,Frii,https://live-fi.tvkaista.net/frii/live.m3u8?src=freetv,https://i.imgur.com/ljKoG9I.png,channel-playlist:free-tv-br
Canais,Finland,Alfa Ⓢ,https://irrtv2.digitacdn.net/live/ott/irrtv/playlist.m3u8?organizationId=229401409&suiteItemId=230439940,https://upload.wikimedia.org/wikipedia/fi/9/93/IRR-TV-1.png,channel-playlist:free-tv-br
Canais,Finland,TapahtumaTV Eveo,https://live-fi.tvkaista.net/tapahtumatv-eveo/live.m3u8?src=freetv,https://i.imgur.com/sR8nA8w.png,channel-playlist:free-tv-br
Canais,Finland,National Geographic Finland Ⓖ,https://live-fi.tvkaista.net/national-geographic/live.m3u8?src=freetv,https://upload.wikimedia.org/wikipedia/commons/thumb/f/fc/Natgeologo.svg/500px-Natgeologo.svg.png,channel-playlist:free-tv-br
Canais,Finland,Viaplay TV,https://live-fi.tvkaista.net/viaplay-tv/live.m3u8?src=freetv,https://upload.wikimedia.org/wikipedia/commons/thumb/9/94/Viaplay_TV_logo.svg/640px-Viaplay_TV_logo.svg.png,channel-playlist:free-tv-br
Canais,Finland,OnniTV,https://onnitv.digitacdn.net/live/ott/onnitv/playlist.m3u8?organizationId=83459409&suiteItemId=83459780,https://i.imgur.com/HzILf2H.png,channel-playlist:free-tv-br
Canais,Finland,Taivas TV7,https://vod.tv7.fi/tv7-fi/_definst_/smil:tv7-fi.smil/playlist.m3u8,https://i.imgur.com/a4iNVXA.png,channel-playlist:free-tv-br
Canais,Finland,Himlen TV7,https://vod.tv7.fi/tv7-se/_definst_/smil:tv7-se.smil/playlist.m3u8,https://i.imgur.com/a4iNVXA.png,channel-playlist:free-tv-br
Canais,Finland,MTV Uutiset Live,https://live.streaming.a2d.tv/asset/20025962.isml/.m3u8,https://i.imgur.com/IyB6mIb.png,channel-playlist:free-tv-br
Canais,Finland,Nopola News,https://virta2.nopolanews.fi:8443/live/smil:Stream1.smil/playlist.m3u8,https://i.imgur.com/gOj8J6O.png,channel-playlist:free-tv-br
Canais,Finland,När-TV Ⓢ,https://streaming.nartv.fi/live/ngrp:NAR_TV.stream_all/playlist.m3u8,https://i.imgur.com/Ht5yePq.png,channel-playlist:free-tv-br
Canais,Finland,Sundom TV Ⓨ,https://www.youtube.com/@SundomTV/live,https://i.imgur.com/WgwR7nJ.png,channel-playlist:free-tv-br
Canais,Finland,Wör TV Ⓨ,https://www.youtube.com/@wor-tvr.f.4461/live,https://i.imgur.com/P9O1jo0.png,channel-playlist:free-tv-br
Canais,Finland,YleX Studio Live,https://ylestudiolive.akamaized.net/hls/live/2007826/ylestudiolive-YleX/master.m3u8,https://upload.wikimedia.org/wikipedia/commons/thumb/c/cf/YleX.svg/450px-YleX.svg.png,channel-playlist:free-tv-br
Canais,Finland,Järviradio TV,https://streamer.radiotaajuus.fi/memfs/47f113bf-04ea-493b-a9d4-52945fd9db31.m3u8,https://jarviradio.fi/jrtv2/wp-content/uploads/2022/01/jrtv1.jpg,channel-playlist:free-tv-br
Canais,France,Arte Ⓖ,https://artesimulcast.akamaized.net/hls/live/2031003/artelive_fr/index.m3u8,https://api-cdn.arte.tv/img/v2/image/j4EoSJjX26uySVWdmt3EmS/1920x1080,channel-playlist:free-tv-br
Canais,France,LCP,https://lcp.fr/le-live-lcp-tnt-5433,https://upload.wikimedia.org/wikipedia/fr/thumb/6/6a/Logo_LCP-AN_-_Public_S%C3%A9nat_%282019%29.svg/53px-Logo_LCP-AN_-_Public_S%C3%A9nat_%282019%29.svg.png,channel-playlist:free-tv-br
Canais,France,Public Sénat,https://www.publicsenat.fr/direct,https://i.imgur.com/bJOdFT1.png,channel-playlist:free-tv-br
Canais,France,CNews Ⓓ,https://www.dailymotion.com/video/x3b68jn,https://i.imgur.com/UMRGAHx.png,channel-playlist:free-tv-br
Canais,France,franceinfo: Ⓨ,https://www.youtube.com/c/franceinfo/live,https://upload.wikimedia.org/wikipedia/commons/thumb/0/03/Franceinfo.svg/640px-Franceinfo.svg.png,channel-playlist:free-tv-br
Canais,France,France 24 Ⓨ,https://www.youtube.com/c/FRANCE24/live,https://i.imgur.com/61MSiq9.png,channel-playlist:free-tv-br
Canais,France,Euronews Français Ⓨ,https://www.youtube.com/euronewsfr/live,https://i.imgur.com/3Lr5iAj.png,channel-playlist:free-tv-br
Canais,France,Africanews Ⓨ,https://www.youtube.com/c/Africanewsfr/live,https://i.imgur.com/xocvePC.png,channel-playlist:free-tv-br
Canais,France,L'Équipe ⒹⒼ,https://www.dailymotion.com/video/x2lefik,https://upload.wikimedia.org/wikipedia/commons/thumb/3/32/L%27%C3%89quipe_wordmark.svg/640px-L%27%C3%89quipe_wordmark.svg.png,channel-playlist:free-tv-br
Canais,France,France Inter Ⓨ,https://www.youtube.com/c/FranceInter/live,https://i.imgur.com/d9Ncl8m.png,channel-playlist:free-tv-br
Canais,France,CGTN Français,https://news.cgtn.com/resource/live/french/cgtn-f.m3u8,https://i.imgur.com/fMsJYzl.png,channel-playlist:free-tv-br
Canais,France,TV Mulhouse,http://194.163.157.137:8080/hls/radiomulhouse.m3u8,https://i.imgur.com/4esQG8H.png,channel-playlist:free-tv-br
Canais,France,TV Alsace,http://194.163.157.137:8080/hls/radioalsace.m3u8,https://i.imgur.com/zaJDEOv.png,channel-playlist:free-tv-br
Canais,France,Handicap TV,https://srv.webtvmanager.fr:3697/stream/play.m3u8,,channel-playlist:free-tv-br
Canais,France,TV5 Monde Info,https://ott.tv5monde.com/Content/HLS/Live/channel(info)/index.m3u8,https://i.imgur.com/NcysrWH.png,channel-playlist:free-tv-br
Canais,France,TV5 Monde FBS,https://ott.tv5monde.com/Content/HLS/Live/channel(fbs)/index.m3u8,https://i.imgur.com/uPmwTo9.png,channel-playlist:free-tv-br
Canais,France,TV5 Monde Europe,https://ott.tv5monde.com/Content/HLS/Live/channel(europe)/index.m3u8,https://i.imgur.com/uPmwTo9.png,channel-playlist:free-tv-br
Canais,Georgia,First Channel (1TV),https://tv.cdn.xsg.ge/gpb-1tv/index.m3u8,https://upload.wikimedia.org/wikipedia/commons/thumb/0/0d/Pirveli_Arkhi_Logo_2022.svg/500px-Pirveli_Arkhi_Logo_2022.svg.png,channel-playlist:free-tv-br
Canais,Georgia,First Channel /Education/ (2TV),https://tv.cdn.xsg.ge/gpb-2tv/index.m3u8,https://upload.wikimedia.org/wikipedia/ka/c/c9/2_Tv_Logo.jpg,channel-playlist:free-tv-br
Canais,Georgia,Imedi TV,https://tv.cdn.xsg.ge/imedihd/index.m3u8,https://upload.wikimedia.org/wikipedia/commons/2/2a/Imlogo_2020.png,channel-playlist:free-tv-br
Canais,Georgia,Rustavi 2,https://sktv-forwarders.7m.pl/get.php?x=Rustavi2,https://upload.wikimedia.org/wikipedia/commons/f/f8/Rustavi_2_logo.png,channel-playlist:free-tv-br
Canais,Georgia,Mtavari Arkhi,https://bozztv.com/36bay2/mtavariarxi/playlist.m3u8,https://i.imgur.com/tLtGnJW.png,channel-playlist:free-tv-br
Canais,Georgia,Formula,https://c4635.cdn.xsg.ge/c4635/TVFormula/index.m3u8,https://i.imgur.com/fsqBn8G.png,channel-playlist:free-tv-br
Canais,Georgia,Pos TV,https://live.postv.media/stream/index.m3u8,https://i.imgur.com/UOiXFEW.png,channel-playlist:free-tv-br
Canais,Georgia,Euronews Georgia Ⓖ,https://live2.tvg.ge/eng/EURONEWSGEORGIA/playlist.m3u8,https://i.imgur.com/VNJ4soR.png,channel-playlist:free-tv-br
Canais,Germany,Das Erste Ⓖ,https://daserste-live.ard-mcdn.de/daserste/live/hls/de/master.m3u8,https://upload.wikimedia.org/wikipedia/commons/thumb/c/ca/Das_Erste_2014.svg/640px-Das_Erste_2014.svg.png,channel-playlist:free-tv-br
Canais,Germany,ZDF Ⓖ,http://zdf-hls-15.akamaized.net/hls/live/2016498/de/veryhigh/master.m3u8,https://upload.wikimedia.org/wikipedia/commons/thumb/c/c1/ZDF_logo.svg/640px-ZDF_logo.svg.png,channel-playlist:free-tv-br
Canais,Germany,3sat Ⓖ,https://zdf-hls-18.akamaized.net/hls/live/2016501/dach/veryhigh/master.m3u8,https://upload.wikimedia.org/wikipedia/commons/thumb/8/81/3sat_2019.svg/640px-3sat_2019.svg.png,channel-playlist:free-tv-br
Canais,Germany,ARD Alpha Ⓖ,https://mcdn.br.de/br/fs/ard_alpha/hls/de/master.m3u8,https://upload.wikimedia.org/wikipedia/commons/thumb/4/4b/ARD_alpha.svg/640px-ARD_alpha.svg.png,channel-playlist:free-tv-br
Canais,Germany,ARTE Ⓖ,https://artesimulcast.akamaized.net/hls/live/2030993/artelive_de/index.m3u8,https://upload.wikimedia.org/wikipedia/commons/thumb/4/43/Arte_Logo_2017.svg/186px-Arte_Logo_2017.svg.png,channel-playlist:free-tv-br
Canais,Germany,DELUXE MUSIC,https://sdn-global-live-streaming-packager-cache.3qsdn.com/13456/13456_264_live.m3u8,https://i.imgur.com/E65GQN9.png,channel-playlist:free-tv-br
Canais,Germany,DELUXE MUSIC DANCE BY KONTOR,https://sdn-global-live-streaming-packager-cache.3qsdn.com/64733/64733_264_live.m3u8,https://upload.wikimedia.org/wikipedia/commons/thumb/c/c2/Deluxe_Dance_by_Kontor_Logo_2023.svg/666px-Deluxe_Dance_by_Kontor_Logo_2023.svg.png,channel-playlist:free-tv-br
Canais,Germany,DELUXE MUSIC RAP,https://sdn-global-live-streaming-packager-cache.3qsdn.com/65183/65183_264_live.m3u8,https://upload.wikimedia.org/wikipedia/commons/thumb/0/07/Deluxe_Rap_Logo_2023.svg/666px-Deluxe_Rap_Logo_2023.svg.png,channel-playlist:free-tv-br
Canais,Germany,SCHLAGER DELUXE,https://sdn-global-live-streaming-packager-cache.3qsdn.com/26658/26658_264_live.m3u8,https://i.imgur.com/YPpgUOg.png,channel-playlist:free-tv-br
Canais,Germany,Euronews Deutsch Ⓨ,https://www.youtube.com/euronewsde/live,https://upload.wikimedia.org/wikipedia/commons/thumb/9/9c/Euronews_2022.svg/640px-Euronews_2022.svg.png,channel-playlist:free-tv-br
Canais,Germany,KiKa Ⓖ,https://kikageohls.akamaized.net/hls/live/2022693/livetvkika_de/master.m3u8,https://upload.wikimedia.org/wikipedia/commons/thumb/f/f5/Kika_2012.svg/640px-Kika_2012.svg.png,channel-playlist:free-tv-br
Canais,Germany,ONE Ⓖ,https://mcdn-one.ard.de/ardone/hls/master.m3u8,https://upload.wikimedia.org/wikipedia/commons/thumb/3/3d/One_2022.svg/640px-One_2022.svg.png,channel-playlist:free-tv-br
Canais,Germany,Phoenix Ⓖ,https://zdf-hls-19.akamaized.net/hls/live/2016502/de/veryhigh/master.m3u8,https://upload.wikimedia.org/wikipedia/commons/thumb/4/43/Phoenix-logo-2018.svg/640px-Phoenix-logo-2018.svg.png,channel-playlist:free-tv-br
Canais,Germany,Tagesschau24,https://tagesschau.akamaized.net/hls/live/2020115/tagesschau/tagesschau_1/master.m3u8,https://upload.wikimedia.org/wikipedia/commons/thumb/2/24/Tagesschau24-2012.svg/640px-Tagesschau24-2012.svg.png,channel-playlist:free-tv-br
Canais,Germany,Welt,https://w-live2weltcms.akamaized.net/hls/live/2041019/Welt-LivePGM/index.m3u8,https://upload.wikimedia.org/wikipedia/commons/thumb/3/3b/Welt_TV_Logo_2016.svg/640px-Welt_TV_Logo_2016.svg.png,channel-playlist:free-tv-br
Canais,Germany,ZDFinfo Ⓖ,https://zdf-hls-17.akamaized.net/hls/live/2016500/de/veryhigh/master.m3u8,https://upload.wikimedia.org/wikipedia/commons/thumb/3/34/ZDFinfo_2011.svg/640px-ZDFinfo_2011.svg.png,channel-playlist:free-tv-br
Canais,Germany,ZDFneo Ⓖ,https://zdf-hls-16.akamaized.net/hls/live/2016499/de/veryhigh/master.m3u8,https://upload.wikimedia.org/wikipedia/commons/thumb/8/8c/ZDFneo2017_Logo.svg/569px-ZDFneo2017_Logo.svg.png,channel-playlist:free-tv-br
Canais,Germany,BR Nord Ⓖ,https://mcdn.br.de/br/fs/bfs_nord/hls/de/master.m3u8,https://upload.wikimedia.org/wikipedia/commons/thumb/9/9b/Logo_BR_Fernsehen_2021.svg/768px-Logo_BR_Fernsehen_2021.svg.png,channel-playlist:free-tv-br
Canais,Germany,BR Süd Ⓖ,https://brcdn.vo.llnwd.net/br/fs/bfs_sued/hls/de/master.m3u8,https://upload.wikimedia.org/wikipedia/commons/thumb/9/9b/Logo_BR_Fernsehen_2021.svg/768px-Logo_BR_Fernsehen_2021.svg.png,channel-playlist:free-tv-br
Canais,Germany,HR Ⓖ,https://hrhls.akamaized.net/hls/live/2024525/hrhls/master.m3u8,https://upload.wikimedia.org/wikipedia/commons/thumb/e/ea/HR-Fernsehen_Logo_2023.svg/640px-HR-Fernsehen_Logo_2023.svg.png,channel-playlist:free-tv-br
Canais,Germany,MDR Sachsen Ⓖ,https://mdrtvsnhls.akamaized.net/hls/live/2016928/mdrtvsn/master.m3u8,https://upload.wikimedia.org/wikipedia/commons/thumb/6/61/MDR_Logo_2017.svg/640px-MDR_Logo_2017.svg.png,channel-playlist:free-tv-br
Canais,Germany,MDR Sachsen-Anhalt Ⓖ,https://mdrtvsahls.akamaized.net/hls/live/2016879/mdrtvsa/master.m3u8,https://upload.wikimedia.org/wikipedia/commons/thumb/6/61/MDR_Logo_2017.svg/640px-MDR_Logo_2017.svg.png,channel-playlist:free-tv-br
Canais,Germany,MDR Thüringen Ⓖ,https://mdrtvthhls.akamaized.net/hls/live/2016880/mdrtvth/master.m3u8,https://upload.wikimedia.org/wikipedia/commons/thumb/6/61/MDR_Logo_2017.svg/640px-MDR_Logo_2017.svg.png,channel-playlist:free-tv-br
Canais,Germany,NDR Hamburg Ⓖ,https://mcdn.ndr.de/ndr/hls/ndr_fs/ndr_hh/master.m3u8,https://upload.wikimedia.org/wikipedia/commons/thumb/e/e9/Logo_NDR_Fernsehen_2017.svg/578px-Logo_NDR_Fernsehen_2017.svg.png,channel-playlist:free-tv-br
Canais,Germany,NDR Mecklenburg-Vorpommern Ⓖ,https://mcdn.ndr.de/ndr/hls/ndr_fs/ndr_mv/master.m3u8,https://upload.wikimedia.org/wikipedia/commons/thumb/e/e9/Logo_NDR_Fernsehen_2017.svg/578px-Logo_NDR_Fernsehen_2017.svg.png,channel-playlist:free-tv-br
Canais,Germany,NDR Niedersachsen Ⓖ,https://mcdn.ndr.de/ndr/hls/ndr_fs/ndr_nds/master.m3u8,https://upload.wikimedia.org/wikipedia/commons/thumb/e/e9/Logo_NDR_Fernsehen_2017.svg/578px-Logo_NDR_Fernsehen_2017.svg.png,channel-playlist:free-tv-br
Canais,Germany,NDR Schleswig-Holstein Ⓖ,https://mcdn.ndr.de/ndr/hls/ndr_fs/ndr_sh/master.m3u8,https://upload.wikimedia.org/wikipedia/commons/thumb/e/e9/Logo_NDR_Fernsehen_2017.svg/578px-Logo_NDR_Fernsehen_2017.svg.png,channel-playlist:free-tv-br
Canais,Germany,Radio Bremen Ⓖ,https://rbhlslive.akamaized.net/hls/live/2020435/rbfs/master.m3u8,https://upload.wikimedia.org/wikipedia/commons/thumb/3/39/Logo_Radio_Bremen.svg/640px-Logo_Radio_Bremen.svg.png,channel-playlist:free-tv-br
Canais,Germany,RBB Berlin Ⓖ,https://rbb-hls-berlin.akamaized.net/hls/live/2017824/rbb_berlin/master.m3u8,https://upload.wikimedia.org/wikipedia/commons/thumb/e/ec/Rbb_Fernsehen_Logo_2017.08.svg/640px-Rbb_Fernsehen_Logo_2017.08.svg.png,channel-playlist:free-tv-br
Canais,Germany,RBB Brandenburg Ⓖ,https://rbb-hls-brandenburg.akamaized.net/hls/live/2017825/rbb_brandenburg/master.m3u8,https://upload.wikimedia.org/wikipedia/commons/thumb/e/ec/Rbb_Fernsehen_Logo_2017.08.svg/640px-Rbb_Fernsehen_Logo_2017.08.svg.png,channel-playlist:free-tv-br
Canais,Germany,SR Ⓖ,https://srfs.akamaized.net/hls/live/689649/srfsgeo/index.m3u8,https://upload.wikimedia.org/wikipedia/commons/thumb/9/9c/SR_Fernsehen_Logo_2023.svg/538px-SR_Fernsehen_Logo_2023.svg.png,channel-playlist:free-tv-br
Canais,Germany,SWR Baden-Württemberg Ⓖ,https://swrbwd-hls.akamaized.net/hls/live/2018672/swrbwd/master.m3u8,https://upload.wikimedia.org/wikipedia/commons/thumb/2/26/SWR_Logo_2023.svg/640px-SWR_Logo_2023.svg.png,channel-playlist:free-tv-br
Canais,Germany,SWR Rheinland-Pfalz Ⓖ,https://swrrpd-hls.akamaized.net/hls/live/2018676/swrrpd/master.m3u8,https://upload.wikimedia.org/wikipedia/commons/thumb/2/26/SWR_Logo_2023.svg/640px-SWR_Logo_2023.svg.png,channel-playlist:free-tv-br
Canais,Germany,WDR Ⓖ,https://wdrfs247.akamaized.net/hls/live/681509/wdr_msl4_fs247/index.m3u8,https://upload.wikimedia.org/wikipedia/commons/thumb/b/b3/Wdr_fernsehen_logo_2016.svg/640px-Wdr_fernsehen_logo_2016.svg.png,channel-playlist:free-tv-br
Canais,Germany,NDR International,https://ndrint.akamaized.net/hls/live/2020766/ndr_int/index.m3u8,https://upload.wikimedia.org/wikipedia/commons/thumb/e/e9/Logo_NDR_Fernsehen_2017.svg/578px-Logo_NDR_Fernsehen_2017.svg.png,channel-playlist:free-tv-br
Canais,Greece,ERT 1 Ⓖ,https://ert-ucdn.broadpeak-aas.com/bpk-tv/ERT1/default/index.mpd,https://i.imgur.com/WWMe8IY.png,channel-playlist:free-tv-br
Canais,Greece,ERT 2 Ⓖ,https://ert-live.siliconweb.com/bpk-tv/ERT2/default/index.mpd,https://i.imgur.com/pcusPFl.png,channel-playlist:free-tv-br
Canais,Greece,ERT 3 Ⓖ,https://ert-ucdn.broadpeak-aas.com/bpk-tv/ERT3/default/index.mpd,https://i.imgur.com/KyhzDRm.png,channel-playlist:free-tv-br
Canais,Greece,ERT News,https://ertflix.ascdn.broadpeak.io/ertlive/ertnews/default/index.m3u8,https://i.imgur.com/saIGLvr.png,channel-playlist:free-tv-br
Canais,Greece,ERT World,https://ert-ucdn.broadpeak-aas.com/bpk-tv/ERTWorld/default/index.mpd,https://i.imgur.com/KsMTWYw.png,channel-playlist:free-tv-br
Canais,Greece,ERT Sports 1,https://ert-ucdn.broadpeak-aas.com/bpk-tv/ERTSports1/default/index.mpd,https://i.imgur.com/gebWmAB.png,channel-playlist:free-tv-br
Canais,Greece,ERT Sports 2,https://ert-ucdn.broadpeak-aas.com/bpk-tv/ERTSports2/default/index.mpd,https://i.imgur.com/gebWmAB.png,channel-playlist:free-tv-br
Canais,Greece,ERT Sports 3,https://ert-ucdn.broadpeak-aas.com/bpk-tv/ERTSports3/default/index.mpd,https://i.imgur.com/gebWmAB.png,channel-playlist:free-tv-br
Canais,Greece,ERT Sports 4,https://ert-ucdn.broadpeak-aas.com/bpk-tv/ERTSports4/default/index.mpd,https://i.imgur.com/gebWmAB.png,channel-playlist:free-tv-br
Canais,Greece,ERT Kids Ⓖ,https://ert-ucdn.broadpeak-aas.com/bpk-tv/ERTKids/default/index.mpd,https://i.imgur.com/XkSR66q.png,channel-playlist:free-tv-br
Canais,Greece,Vouli TV,https://diavlos-cache.cnt.grnet.gr/parltv/webtv-1b.sdp/playlist.m3u8,https://i.imgur.com/1vqW7lc.png,channel-playlist:free-tv-br
Canais,Greece,Mega News,https://c98db5952cb54b358365984178fb898a.msvdn.net/live/S99841657/NU0xOarAMJ5X/playlist.m3u8,https://i.imgur.com/Z3k7iA0.png,channel-playlist:free-tv-br
Canais,Greece,ANT1,https://mcdn.antennaplus.gr/live/media0/Ant1/HLS/Ant1.m3u8,https://i.imgur.com/xDdVa9U.png,channel-playlist:free-tv-br
Canais,Greece,Star,https://livestar.siliconweb.com/starvod/star4/star4.m3u8,https://i.imgur.com/Hp0stVQ.png,channel-playlist:free-tv-br
Canais,Greece,Star International,https://livestar.siliconweb.com/starvod/star_int/star_int.m3u8,https://i.imgur.com/Hp0stVQ.png,channel-playlist:free-tv-br
Canais,Greece,AlphaTV,https://alphatvlive2.siliconweb.com/alphatvlive/live_abr/playlist.m3u8,https://i.imgur.com/bAVGX0l.png,channel-playlist:free-tv-br
Canais,Greece,Skai TV,http://skai-live.siliconweb.com/media/cambria4/index.m3u8,https://i.imgur.com/TSg7B8X.png,channel-playlist:free-tv-br
Canais,Greece,Open TV,https://liveopen.siliconweb.com/openTvLive/liveopen/playlist.m3u8,https://i.imgur.com/HzBmvPT.png,channel-playlist:free-tv-br
Canais,Greece,MAK TV,https://mcdn.antennaplus.gr/live/media0/MAK/HLS/MAK.m3u8,https://i.imgur.com/90iDHbQ.png,channel-playlist:free-tv-br
Canais,Greece,Action24,https://actionlive.siliconweb.com/actionabr/actiontv/playlist.m3u8,https://i.imgur.com/Zi1YohT.png,channel-playlist:free-tv-br
Canais,Greece,Alert,https://itv.streams.ovh/ALEERT/ALEERT/playlist.m3u8,https://i.imgur.com/xqa87lG.png,channel-playlist:free-tv-br
Canais,Greece,ART,https://rumble.com/live-hls-dvr/73h8c2/playlist.m3u8,https://i.imgur.com/7TyUxLj.png,channel-playlist:free-tv-br
Canais,Greece,Blue Sky,https://cdn5.smart-tv-data.com/bluesky/bluesky-live/playlist.m3u8,https://i.imgur.com/rzuQslM.png,channel-playlist:free-tv-br
Canais,Greece,High TV,https://live.streams.ovh/hightv/hightv/playlist.m3u8,https://i.imgur.com/wHzCGry.png,channel-playlist:free-tv-br
Canais,Greece,Kontra,https://kontralive.siliconweb.com/live/kontratv/playlist.m3u8,https://i.imgur.com/ROZ9VfV.png,channel-playlist:free-tv-br
Canais,Greece,Naftemporiki TV,https://telmaco.ascdn.broadpeak.io/nafteboriki/default/index.m3u8,https://i.imgur.com/9OFdMud.png,channel-playlist:free-tv-br
Canais,Greece,One Channel,https://onechannel.siliconweb.com/one/stream/chunks_dvr.m3u8,https://i.imgur.com/GwKaHbM.png,channel-playlist:free-tv-br
Canais,Greece,4E,http://eu2.tv4e.gr:1935/live/myStream.sdp/playlist.m3u8,https://i.imgur.com/Ed085oJ.png,channel-playlist:free-tv-br
Canais,Greece,DION,https://rtmp.win:3650/live/diontvlive.m3u8,https://i.imgur.com/13MverN.png,channel-playlist:free-tv-br
Canais,Greece,Egnatia,https://video.streams.ovh:1936/egnatiatv/egnatiatv/index.m3u,https://i.imgur.com/zuyYIca.png,channel-playlist:free-tv-br
Canais,Greece,Euro,https://live20.bozztv.com/akamaissh101/ssh101/eurotvlive/playlist.m3u8,https://i.imgur.com/mHCk05E.png,channel-playlist:free-tv-br
Canais,Greece,Gnomi,https://live.streams.ovh:8081/gnomitv/index.m3u8,https://i.imgur.com/mHCk05E.png,channel-playlist:free-tv-br
Canais,Greece,Pella,https://video.streams.ovh:1936/pellatv/pellatv/playlist.m3u8,https://i.imgur.com/pwUkkGL.jpeg,channel-playlist:free-tv-br
Canais,Greece,Pontos,https://rtmp.win:3842/live/recme1live.m3u8,https://i.imgur.com/sbTxP6o.png,channel-playlist:free-tv-br
Canais,Greece,TV 100,https://panel.gwebstream.eu:19360/tv100skg/tv100skg.m3u8,https://i.imgur.com/9rtf8OR.png,channel-playlist:free-tv-br
Canais,Greece,Vergina,https://verginanews.gr:8443/hls_live/stream1.m3u8,https://i.imgur.com/cpF6wvR.png,channel-playlist:free-tv-br
Canais,Greece,Best TV,https://besttv.siliconweb.com/bestTV/live_abr/playlist.m3u8,https://i.imgur.com/VA13E3w.png,channel-playlist:free-tv-br
Canais,Greece,Hlektra,https://live20.bozztv.com/giatv/giatv-hlektratv/hlektratv/playlist.m3u8,https://i.imgur.com/LbogUPS.png,channel-playlist:free-tv-br
Canais,Greece,Ionian Channel,https://stream.ioniantv.gr/ionian/live_abr/playlist.m3u8,https://i.imgur.com/ADVYeQd.png,channel-playlist:free-tv-br
Canais,Greece,Lepanto,https://fr.crystalweb.net:1936/lepantotv/lepantotv/playlist.m3u8,https://i.imgur.com/h6Tqe0k.png,channel-playlist:free-tv-br
Canais,Greece,Lychnos,https://thor.mental-media.gr:19360/imp/imp.m3u8,hhttps://i.imgur.com/JYSlBfY.png,channel-playlist:free-tv-br
Canais,Greece,Mesogeios TV,https://rtmp.win:3793/live/mesogeiostvlive.m3u8,https://i.imgur.com/tr0Lf9K.png,channel-playlist:free-tv-br
Canais,Greece,Epsilon,https://neon.streams.gr:8081/epsilontv/index.m3u8,https://i.imgur.com/vUQSDvZ.png,channel-playlist:free-tv-br
Canais,Greece,Star Central Greece,https://telmaco-cdn.akamaized.net/starcgr/default/dash/LAMIAStar-video=3000000.dash,https://i.imgur.com/BTUEvxg.png,channel-playlist:free-tv-br
Canais,Greece,91NRG,http://tv.nrg91.gr:1935/onweb/live/master.m3u8,https://i.imgur.com/g1pCRRG.png,channel-playlist:free-tv-br
Canais,Greece,Thessalia,https://thessaliachannel.gr:3339/live/thesstvlive.m3u8,https://i.imgur.com/KXz67LY.png,channel-playlist:free-tv-br
Canais,Greece,TRT,https://av.hellasnet.tv/rst/trt/index.m3u8,https://i.imgur.com/g0jPOcC.png,channel-playlist:free-tv-br
Canais,Greece,Acheloos,https://acheloostv.streamings.gr/live/stream/index.m3u8,https://i.imgur.com/5SVMxcu.png,channel-playlist:free-tv-br
Canais,Greece,ART TV,https://rtmp.win:3696/live/arttvgrlive.m3u8,https://i.imgur.com/LyCqQvx.png,channel-playlist:free-tv-br
Canais,Greece,Corfu,https://itv.streams.ovh:1936/corfuchannel/corfuchannel/playlist.m3u8,https://i.imgur.com/dCMqo8w.jpeg,channel-playlist:free-tv-br
Canais,Greece,Epirus TV 1,https://rtmp.win:3929/live/epiruslive.m3u8,https://i.imgur.com/QB3aSl1.png,channel-playlist:free-tv-br
Canais,Greece,Start,https://live.cast-control.eu/StartMedia/StartMedia/playlist.m3u8,https://i.imgur.com/nrEtmBN.png,channel-playlist:free-tv-br
Canais,Greece,Center TV,https://eu1.streams.gr:8081/centertv/index.m3u8,https://i.imgur.com/52JW71Q.png,channel-playlist:free-tv-br
Canais,Greece,Delta Evros,http://81.171.10.42:1935/liveD/DStream.sdp/chunklist_w819085920.m3u8,https://i.imgur.com/PDfSkRF.png,channel-playlist:free-tv-br
Canais,Greece,Thraki Net TV,https://cdn.onestreaming.com/thrakinettv/thrakinettv/playlist.m3u8,https://i.imgur.com/DV0I0ed.png,channel-playlist:free-tv-br
Canais,Greece,Creta,http://live.streams.ovh:1935/tvcreta/tvcreta/playlist.m3u8,https://i.imgur.com/x0qK8IE.png,channel-playlist:free-tv-br
Canais,Greece,Kriti 1,https://livetv.streams.ovh:8081/kriti/index.m3u8,https://i.imgur.com/C1ucQeC.png,channel-playlist:free-tv-br
Canais,Greece,Kriti TV,https://cretetvlive.siliconweb.com/cretetv/liveabr/playlist.m3u8,https://i.imgur.com/eLhYMmc.png,channel-playlist:free-tv-br
Canais,Greece,NEA,https://live.neatv.gr:8888/hls/neatv_high/index.m3u8,https://i.imgur.com/nvNW8G7.png,channel-playlist:free-tv-br
Canais,Greece,TeleKriti,https://neon.streams.gr:8081/telekriti/index.m3u8,https://i.imgur.com/18ZYiyi.png,channel-playlist:free-tv-br
Canais,Greece,Samiaki TV,http://live.cast-control.eu:1935/samiaki/samiaki/playlist.m3u8,https://i.imgur.com/aV5QoNG.png,channel-playlist:free-tv-br
Canais,Greece,Syros TV1,https://eco.streams.ovh:1936/syrostv1/syrostv1/playlist.m3u8,https://i.imgur.com/duXHyvN.png,channel-playlist:free-tv-br
Canais,Greece,Η Φωνή της Ελλάδας,https://ertmmd.akamaized.net/ertradio/voiceofgreece/default/index.mpd,https://upload.wikimedia.org/wikipedia/el/thumb/5/58/VoiceOfGreece.svg/500px-VoiceOfGreece.svg.png,channel-playlist:free-tv-br
Canais,Greenland,KNR1 Ⓨ Ⓖ,https://www.youtube.com/@KNRgreenland/live,https://i.imgur.com/8Pf5SJb.png,channel-playlist:free-tv-br
Canais,Greenland,KNR2 Ⓨ,https://www.youtube.com/@nutaarsiassat/live,https://i.imgur.com/8Pf5SJb.png,channel-playlist:free-tv-br
Canais,Hong Kong,RTHK TV 31,https://rthktv31-live.akamaized.net/hls/live/2036818/RTHKTV31/master.m3u8,https://i.imgur.com/kf818kM.png,channel-playlist:free-tv-br
Canais,Hong Kong,RTHK TV 32,https://rthktv32-live.akamaized.net/hls/live/2036819/RTHKTV32/master.m3u8,https://i.imgur.com/MXLuUoU.png,channel-playlist:free-tv-br
Canais,Hong Kong,HOY TV Ⓖ,https://hoytv-live-stream.hoy.tv/ch78/index-fhd.m3u8,https://i.imgur.com/NfVZPTT.png,channel-playlist:free-tv-br
Canais,Hong Kong,TVB News Channel,https://tvp22.sky4k.top/index1.php,https://i.imgur.com/Gwij0Fj.png,channel-playlist:free-tv-br
Canais,Hong Kong,TVB Finance (Sports & Information Channel),https://tvp22.sky4k.top/index2.php,https://i.imgur.com/Fkkp7x7.png,channel-playlist:free-tv-br
Canais,Hungary,M1 Ⓖ,https://c202-node62-cdn.connectmedia.hu/110101/db348f50fb635daafb208f46d9132c4c/6a8153aa/index.m3u8,https://i.imgur.com/neddXUd.png,channel-playlist:free-tv-br
Canais,Hungary,M1 Hiradó Ⓨ,https://www.youtube.com/@M1-Hirado/live,https://i.imgur.com/neddXUd.png,channel-playlist:free-tv-br
Canais,Hungary,M2 / Petőfi TV Ⓖ,https://c802-node63-cdn.connectmedia.hu/110102/d2416399a4ac7b2bec0c7034a9db3716/6a8153ac/index.m3u8,https://i.imgur.com/CzaDhmA.png,channel-playlist:free-tv-br
Canais,Hungary,M4 Sport Ⓖ,https://c402-node61-cdn.connectmedia.hu/150104/aaef1a354b4ad88351bbc3f3b781c3c0/6a8153af/index.m3u8,https://nb1.hu/uploads/news/3/31023.jpg,channel-playlist:free-tv-br
Canais,Hungary,M5 Hungary Ⓖ,https://c202-node61-cdn.connectmedia.hu/110105/fd0c97309570434f5725ef453596bdfa/6a8153b2/index.m3u8,https://i.imgur.com/qLQz2V6.png,channel-playlist:free-tv-br
Canais,Hungary,Duna TV Ⓖ,https://c202-node61-cdn.connectmedia.hu/110103/c0601fb7f4e18d1bda8f6bf3a47e6aae/6a8153b3/index.m3u8,https://i.imgur.com/b4RXacY.png,channel-playlist:free-tv-br
Canais,Hungary,RTL Klub,http://88.212.15.19/live/test_rtl_klub_hungary_1200_atk/playlist.m3u8,https://i.imgur.com/ruRshE1.png,channel-playlist:free-tv-br
Canais,Hungary,TV2,http://88.212.15.19/live/test_tv_2_hungary_1200_atk/playlist.m3u8,https://nlc.p3k.hu/uploads/2021/09/tv2-logo.jpg,channel-playlist:free-tv-br
Canais,Hungary,ATV Ⓨ,https://www.youtube.com/@ATVmagyarorszag/live,https://onlinestream.live/logos/4739.png,channel-playlist:free-tv-br
Canais,Hungary,Hír TV,https://onlinestream.live/play.m3u?id=4740&ext=.m3u,https://onlinestream.live/logos/4740.png,channel-playlist:free-tv-br
Canais,Hungary,Spektrum Home,http://88.212.15.19/live/spektrum_home_hun/index.m3u8,https://upload.wikimedia.org/wikipedia/commons/2/2d/Spektrum-home.png,channel-playlist:free-tv-br
Canais,Hungary,Fix TV Ⓨ,https://www.youtube.com/@fixhdtv/live,https://onlinestream.live/logos/1833.png,channel-playlist:free-tv-br
Canais,Hungary,ErdélyTV Ⓨ,https://www.youtube.com/channel/UCS5t4xWMT6lIZ9tcPROUd5A/live,http://kommunikacio.ro/wp-content/uploads/2017/10/erdelytv.png,channel-playlist:free-tv-br
Canais,Hungary,FEM3 (TV2 Klub),http://88.212.15.19/live/test_fem3_atktv/playlist.m3u8,https://i.imgur.com/AF4Sz8Z.png,channel-playlist:free-tv-br
Canais,Hungary,Viasat 6,http://88.212.15.19/live/viasat6/index.m3u8,https://i.imgur.com/kypSbFX.png,channel-playlist:free-tv-br
Canais,Hungary,EWTN TV,https://hls.iptvservice.eu/hls/ewtn-hd.m3u8,https://katolikus.tv/wp-content/themes/bonum/img/ewtn-badge.jpg,channel-playlist:free-tv-br
Canais,Hungary,Apostol TV,https://live.apostoltv.hu/live/playlist.m3u8,https://www.apostoltv.hu/images/header-logo.png,channel-playlist:free-tv-br
Canais,Hungary,Oxygen Music,https://oxygenmusic.hu:2443/hls/oxygenmusic.m3u8,,channel-playlist:free-tv-br
Canais,Hungary,Dance TV,https://m1b2.worldcast.tv/dancetelevisionone/2/dancetelevisionone.m3u8,,channel-playlist:free-tv-br
Canais,Hungary,Radio 1 Ⓨ,https://www.youtube.com/@radio1hungary/live,,channel-playlist:free-tv-br
Canais,Hungary,DikhTv Ⓨ,https://www.youtube.com/c/DikhTvGipsyTv/live,https://upload.wikimedia.org/wikipedia/commons/3/34/Dikhtv.png,channel-playlist:free-tv-br
Canais,Hungary,Izaura TV,http://88.212.15.19/live/izaura/index.m3u8,https://onlinestream.live/logos/6141.png,channel-playlist:free-tv-br
Canais,Hungary,Euronews Hungarian Ⓨ,https://www.youtube.com/channel/UC4Ct8gIf9f0n4mdyGsFiZRA/live,https://upload.wikimedia.org/wikipedia/commons/7/7e/Euronews._2016_logo.png,channel-playlist:free-tv-br
Canais,Hungary,Parlamenti közvetítés,https://plenaris.parlament.hu:446/edgelive/smil:mkogyplen.smil/playlist.m3u8,,channel-playlist:free-tv-br
Canais,Hungary,Parlamenti TAB közvetítés,https://tab.parlament.hu:446/edgelive/smil:mkogytab.smil/playlist.m3u8,,channel-playlist:free-tv-br
Canais,Hungary,Balaton TV,https://stream.iptvservice.eu/hls/balatontv.m3u8,https://i.imgur.com/ip8L5Vt.jpg,channel-playlist:free-tv-br
Canais,Hungary,Komlos TV,https://stream.streaming4u.hu/KomlosTV/tracks-v1a1/mono.m3u8,https://i.imgur.com/MDYb5yz.png,channel-playlist:free-tv-br
Canais,Hungary,Ózdi Városi TV,http://stream.nmih.hu:7980/live.m3u8,https://i.imgur.com/5cOpdRp.jpg,channel-playlist:free-tv-br
Canais,Hungary,TV7 Békéscsaba,https://stream.y5.hu/stream/stream_bekescsaba/stream.m3u8,https://i.imgur.com/G9Ib5K3.png,channel-playlist:free-tv-br
Canais,Hungary,16TV,https://cloudfront44.lexanetwork.com:1344/freerelay/16tv.sdp/playlist.m3u8,https://i.imgur.com/7ZPYJJ0.jpg,channel-playlist:free-tv-br
Canais,Hungary,CityTV (Belváros Lipótváros),https://citytv.hu/playlist.m3u8,https://citytv.hu/wp-content/uploads/2023/12/cropped-citytv.png,channel-playlist:free-tv-br
Canais,Hungary,FehérvárTV,https://cloudfront44.lexanetwork.com:1344/freerelay/fehervartv.sdp/playlist.m3u8?key=EWSj2,https://www.fehervartv.hu/css/img/icon-1-2.png,channel-playlist:free-tv-br
Canais,Hungary,AlföldTV,https://cloudfront41.lexanetwork.com:1344/relay01/livestream006.sdp/playlist.m3u8,http://www.dealood.com/content/uploads/images/March2019/5c9721a07ea87-images-large.png,channel-playlist:free-tv-br
Canais,Hungary,Gyöngyös TV,https://cloudfront41.lexanetwork.com:1344/relay02/livestream005.sdp/playlist.m3u8?key=hkNHP,https://i.imgur.com/RHgaPCk.png,channel-playlist:free-tv-br
Canais,Hungary,Kapos TV,https://cloudfront63.lexanetwork.com:1344/relay01/livestream004.sdp/playlist.m3u8,https://kapos.hu/static/keptar/13/b/9490.jpg,channel-playlist:free-tv-br
Canais,Hungary,Kecskemét TV,https://eurobioinvest.hu:444/live/ktv.m3u8,https://kecskemetitv.hu/templates/kecskemetitv/img/ktv_logo.png,channel-playlist:free-tv-br
Canais,Hungary,Lóverseny közvetítés,https://cloudfront41.lexanetwork.com:1344/xrelay/loverseny2.sdp/playlist.m3u8,https://kincsempark.hu/wp-content/uploads/2016/11/fejlec_logo_f-1.png,channel-playlist:free-tv-br
Canais,Hungary,Zalaegerszeg TV,https://cloudfront44.lexanetwork.com:1344/freerelay/zegtv.sdp/playlist.m3u8,https://zegtv.hu/wp-content/themes/assembly/images/zegtv-logo.png,channel-playlist:free-tv-br
Canais,Hungary,Zugló TV,https://cloudfront44.lexanetwork.com:1344/freerelay/zuglotv.sdp/playlist.m3u8,http://zuglotv.hu/wp-content/themes/ztv/uploads/ztv_logo1.jpg,channel-playlist:free-tv-br
Canais,Hungary,DTV,http://cloudfront44.lexanetwork.com:1732/hlsrelay003/hls/livestream.sdp.m3u8,https://i.imgur.com/YSpqmSO.png,channel-playlist:free-tv-br
Canais,Hungary,Bajai TV,https://cloudfront41.lexanetwork.com:1344/relay01/livestream002.sdp/playlist.m3u8,https://i.imgur.com/cyReGWh.png,channel-playlist:free-tv-br
Canais,Hungary,Vásárhelyi Televízió,https://stream.vasarhelyitelevizio.hu/stream/stream.m3u8,https://i.imgur.com/WOEqdmx.png,channel-playlist:free-tv-br
Canais,Hungary,TV Eger,http://stream.tveger.hu:8010/live.m3u8,https://i.imgur.com/GUVW073.png,channel-playlist:free-tv-br
Canais,Hungary,Oroszlányi Városi Televízió,https://cloudfront44.lexanetwork.com:1344/relay01/broadcast002.sdp/playlist.m3u8,https://i.imgur.com/P0fxUH5.png,channel-playlist:free-tv-br
Canais,Hungary,Berente TV,https://stream.streaming4u.hu/BerenteTV/index.m3u8,,channel-playlist:free-tv-br
Canais,Hungary,Budapest Európa TV,https://cloudfront44.lexanetwork.com:1344/freerelay/bpetv.sdp/playlist.m3u8,,channel-playlist:free-tv-br
Canais,Hungary,Héviz TV,https://cloudfront44.lexanetwork.com:1344/relay03/livestream003.sdp/playlist.m3u8,,channel-playlist:free-tv-br
Canais,Hungary,Jászsági Térségi TV,https://cloudfront44.lexanetwork.com:1344/relay01/broadcast007.sdp/playlist.m3u8,,channel-playlist:free-tv-br
Canais,Hungary,Kanizsa TV,https://cloudfront44.lexanetwork.com:1344/freerelay/kanizsavtv.sdp/playlist.m3u8,,channel-playlist:free-tv-br
Canais,Hungary,Líceum TV,http://193.225.32.62:8890/live.m3u8,,channel-playlist:free-tv-br
Canais,Hungary,Pannon RTV,https://stream2.nmih.hu:4102/live.m3u8,https://i.imgur.com/iD5tCjX.png,channel-playlist:free-tv-br
Canais,Hungary,Tisza TV,https://live.tiszatv.hu:443/tmp_hls/stream/index.m3u8,https://www.tiszatv.hu/style/tiszatv_logo.png,channel-playlist:free-tv-br
Canais,Hungary,Hegyvidék TV (Buda TV),http://budatv.streaming.aiproduction.hu/playlist.m3u,https://hegyvidektv.hu/wp-content/uploads/2025/05/BUDATV_logo_picon.png,channel-playlist:free-tv-br
Canais,Iceland,RÚV,https://ruv-web-live.akamaized.net/streymi/ruverl/ruverl.m3u8,https://i.imgur.com/vxaSn1K.png,channel-playlist:free-tv-br
Canais,Iceland,RÚV 2,https://ruvlive.akamaized.net/out/v1/2ff7673de40f419fa5164498fae89089/index.m3u8,https://i.imgur.com/yDKRuXQ.png,channel-playlist:free-tv-br
Canais,Iceland,Alþingi,https://althingi-live.secure.footprint.net/althingi/live/index.m3u8,https://i.imgur.com/n170HMm.png,channel-playlist:free-tv-br
Canais,India,NDTV India,https://ndtvindiaelemarchana.akamaized.net/hls/live/2003679/ndtvindia/master.m3u8,https://i.imgur.com/QjJYohG.png,channel-playlist:free-tv-br
Canais,India,ABP News,https://d2l4ar6y3mrs4k.cloudfront.net/live-streaming/abpnews-livetv/master.m3u8,https://i.imgur.com/DKHUFVQ.png,channel-playlist:free-tv-br
Canais,India,ABP Ananda,https://d2l4ar6y3mrs4k.cloudfront.net/live-streaming/ananda-livetv/master.m3u8,https://upload.wikimedia.org/wikipedia/commons/thumb/c/cd/ABP_Ananda_logo.svg/500px-ABP_Ananda_logo.svg.png,channel-playlist:free-tv-br
Canais,India,DD National Ⓨ,https://www.youtube.com/doordarshan/live,https://i.imgur.com/MohlE5B.png,channel-playlist:free-tv-br
Canais,India,DD News Ⓨ,https://www.youtube.com/c/ddnews/live,https://i.imgur.com/znnVCEf.png,channel-playlist:free-tv-br
Canais,India,DD India Ⓨ,https://www.youtube.com/DDIndia/live,https://i.imgur.com/45uptR8.png,channel-playlist:free-tv-br
Canais,India,DD Bharati Ⓨ,https://www.youtube.com/@ddbharati/live,https://i.imgur.com/4tfUIEo.png,channel-playlist:free-tv-br
Canais,India,DD Kisan Ⓨ,https://www.youtube.com/@DDKisan/live,https://i.imgur.com/x56WJEa.png,channel-playlist:free-tv-br
Canais,India,DD Urdu Ⓨ,https://www.youtube.com/@DDUrdu/live,https://i.imgur.com/OiQPS34.png,channel-playlist:free-tv-br
Canais,India,India Today Ⓨ,https://www.youtube.com/watch?v=sYZtOFzM78M,https://i.imgur.com/C7KK3Fd.png,channel-playlist:free-tv-br
Canais,India,Aaj Tak Ⓨ,https://www.youtube.com/watch?v=Nq2wYlWFucg,https://upload.wikimedia.org/wikipedia/commons/2/28/Aaj_tak_logo.png,channel-playlist:free-tv-br
Canais,India,India TV Ⓨ,https://www.youtube.com/watch?v=e1FIApIafWE,https://upload.wikimedia.org/wikipedia/en/thumb/6/60/India_tv_logo-en.png/500px-India_tv_logo-en.png,channel-playlist:free-tv-br
Canais,India,TV9 Bharatvarsh Ⓨ,https://www.youtube.com/watch?v=nSpwwcHVp80,https://upload.wikimedia.org/wikipedia/en/thumb/a/a6/TV9_Bharatvarsh.svg/500px-TV9_Bharatvarsh.svg.png,channel-playlist:free-tv-br
Canais,India,TV9 Kannada,https://dyjmyiv3bp2ez.cloudfront.net/pub-iotv9kanmo6oiq/liveabr/playlist.m3u8,https://i.imgur.com/9rBgkxG.png,channel-playlist:free-tv-br
Canais,India,TV9 Telugu,https://dyjmyiv3bp2ez.cloudfront.net/pub-iotv9telcmjhcs/liveabr/playlist.m3u8,https://i.imgur.com/oHAdC30.png,channel-playlist:free-tv-br
Canais,India,TV9 Marathi,https://dyjmyiv3bp2ez.cloudfront.net/pub-iotv9marlygv8h/liveabr/playlist.m3u8,https://i.imgur.com/k7urrIv.jpeg,channel-playlist:free-tv-br
Canais,India,Republic Bharat Ⓨ,https://www.youtube.com/watch?v=3DbTO_AMhhc,https://upload.wikimedia.org/wikipedia/commons/thumb/8/80/Republic_Bharat_logo.svg/500px-Republic_Bharat_logo.svg.png,channel-playlist:free-tv-br
Canais,India,NDTV Profit,https://ndtvprofit.akamaized.net/hls/live/2107404/ndtvprofit/master_1.m3u8,https://upload.wikimedia.org/wikipedia/en/thumb/1/18/NDTV_Profit.svg/1280px-NDTV_Profit.svg.png,channel-playlist:free-tv-br
Canais,India,Asianet News Ⓨ,https://www.youtube.com/watch?v=Yt-PISvJKA4,https://i.imgur.com/aD1kJpZ.png,channel-playlist:free-tv-br
Canais,India,Asianet Suvarna News Ⓨ,https://www.youtube.com/watch?v=WfKFYaVrx3Y,https://i.imgur.com/5ZKVW1P.png,channel-playlist:free-tv-br
Canais,India,Asianet News Telugu Ⓨ,https://www.youtube.com/watch?v=Y2HjKhLrKTc,https://i.imgur.com/kV2J8Qn.png,channel-playlist:free-tv-br
Canais,India,News18 India Ⓨ,https://www.youtube.com/watch?v=lLW9NIHqbwQ,https://i.imgur.com/2H5KZZB.png,channel-playlist:free-tv-br
Canais,India,CNN-News18 Ⓨ,https://www.youtube.com/watch?v=jrNW1xqVT6c,https://i.imgur.com/4GxQPnD.png,channel-playlist:free-tv-br
Canais,India,News18 UP Uttarakhand Ⓨ,https://www.youtube.com/watch?v=n0OhAO_RzTA,https://i.imgur.com/bZ3d8Wx.png,channel-playlist:free-tv-br
Canais,Indonesia,CNBC Indonesia,https://live.cnbcindonesia.com/livecnbc/smil:cnbctv.smil/chunklist.m3u8,https://imgur.com/ie2zSTY,channel-playlist:free-tv-br
Canais,Indonesia,CNN Indonesia,http://live.cnnindonesia.com/livecnn/smil:cnntv.smil/playlist.m3u8,https://imgur.com/MpxTMiP,channel-playlist:free-tv-br
Canais,Indonesia,BeritaSatu,https://b1news.beritasatumedia.com/Beritasatu/B1News_1280x720.m3u8,https://imgur.com/vYJVT07,channel-playlist:free-tv-br
Canais,Iran,Al-Alam News Network Ⓢ,https://live2.alalam.ir/alalam.m3u8,https://i.imgur.com/UbD0Ndr.png,channel-playlist:free-tv-br
Canais,Iran,Press TV,https://cdnlive.presstv.ir/cdnlive/smil:cdnlive.smil/playlist.m3u8,https://i.imgur.com/X3YP2Gg.png,channel-playlist:free-tv-br
Canais,Iran,Press TV French,https://live1.presstv.ir/live/presstvfr/index.m3u8,https://i.imgur.com/X3YP2Gg.png,channel-playlist:free-tv-br
Canais,Iran,IranPress Ⓢ,https://live1.presstv.ir/live/iranpress/index.m3u8,https://i.imgur.com/Qrubr3v.png,channel-playlist:free-tv-br
Canais,Iraq,Al-Hurra Iraq,https://mbnvvideoingest-i.akamaihd.net/hls/live/1004674/MBNV_ALHURRA_IRAQ/playlist.m3u8,https://i.imgur.com/mXBZEQP.png,channel-playlist:free-tv-br
Canais,Iraq,Al-Hurra,https://mbnvvideoingest-i.akamaihd.net/hls/live/1004673/MBNV_ALHURRA_MAIN/playlist.m3u8,https://i.imgur.com/0izeu5z.png,channel-playlist:free-tv-br
Canais,Iraq,Al-Iraqiya,https://cdn.catiacast.video/abr/8d2ffb0aba244e8d9101a9488a7daa05/playlist.m3u8,https://i.imgur.com/imdV6kL.png,channel-playlist:free-tv-br
Canais,Iraq,Al-Rafidain,https://cdg8.edge.technocdn.com/arrafidaintv/abr_live/playlist.m3u8,https://i.imgur.com/D78qG91.png,channel-playlist:free-tv-br
Canais,Iraq,Al-Rasheed,https://media1.livaat.com/AL-RASHEED-HD/tracks-v1a1/playlist.m3u8,https://i.imgur.com/SU9HbXY.png,channel-playlist:free-tv-br
Canais,Iraq,Al-Sharqiya News,https://5d94523502c2d.streamlock.net/alsharqiyalive/mystream/playlist.m3u8,https://i.imgur.com/P6p17ZY.jpg,channel-playlist:free-tv-br
Canais,Iraq,Al-Sharqiya,https://5d94523502c2d.streamlock.net/home/mystream/playlist.m3u8,https://i.imgur.com/bPYyXNf.png,channel-playlist:free-tv-br
Canais,Iraq,Dijlah Tarab,https://ghaasiflu.online/tarab/tracks-v1a1/playlist.m3u8,https://i.imgur.com/2SBjjBQ.png,channel-playlist:free-tv-br
Canais,Iraq,Dijlah TV,https://ghaasiflu.online/Dijlah/tracks-v1a1/playlist.m3u8,https://i.imgur.com/FJEeYiz.png,channel-playlist:free-tv-br
Canais,Iraq,iNEWS,https://svs.itworkscdn.net/inewsiqlive/inewsiq.smil/playlist.m3u8,https://i.imgur.com/PeuBkaH.png,channel-playlist:free-tv-br
Canais,Iraq,Iraq Future Ⓢ,https://streaming.viewmedia.tv/viewsatstream40/viewsatstream40.smil/playlist.m3u8,https://i.imgur.com/Z7woTe5.png,channel-playlist:free-tv-br
Canais,Iraq,Turkmeneli TV,https://137840.global.ssl.fastly.net/edge/live_6b7c6e205afb11ebb010f5a331abaf98/playlist.m3u8,https://i.imgur.com/iUhhg4B.png,channel-playlist:free-tv-br
Canais,Iraq,Zagros TV,https://5a3ed7a72ed4b.streamlock.net/zagrostv/SMIL:myStream.smil/playlist.m3u8,https://i.imgur.com/UjIuIQX.png,channel-playlist:free-tv-br
Canais,Iraq,Alabbassia TV,https://stream.alabbassia.com/live/alabbassia/index.m3u8,https://i.imgur.com/BPyrjO5.png,channel-playlist:free-tv-br
Canais,Ireland,TG4,https://dx4452e0qv6r9.cloudfront.net/tg4_vod_national.m3u8,https://upload.wikimedia.org/wikipedia/commons/thumb/0/06/TG4_logo.svg/1024px-TG4_logo.svg.png,channel-playlist:free-tv-br
Canais,Ireland,Houses of the Oireachtas Channel,https://d33zah5htxvoxb.cloudfront.net/el/live/oirtv/hls.m3u8,https://i.imgur.com/aC4fsCI.png,channel-playlist:free-tv-br
Canais,Ireland,Today FM,https://stream.audioxi.com/TDAAC,https://upload.wikimedia.org/wikipedia/commons/b/bf/Today_FM_Logo_2017.jpg,channel-playlist:free-tv-br
Canais,Ireland,98FM,https://stream.audioxi.com/98,https://upload.wikimedia.org/wikipedia/commons/thumb/d/dd/98FM_2022.svg/1920px-98FM_2022.svg.png,channel-playlist:free-tv-br
Canais,Ireland,FM104,https://wg.cdn.tibus.net/fm104MP3128,https://upload.wikimedia.org/wikipedia/commons/c/cb/FM104_logo_tile.png,channel-playlist:free-tv-br
Canais,Ireland,Radio Nova,https://stream.audioxi.com/NOVA,https://upload.wikimedia.org/wikipedia/en/a/a1/Nova-web1-228x150.jpg,channel-playlist:free-tv-br
Canais,Ireland,Spin 103.8,https://stream.audioxi.com/SP,https://upload.wikimedia.org/wikipedia/commons/2/2e/Spin_400x400.png,channel-playlist:free-tv-br
Canais,Ireland,Newstalk,https://stream.audioxi.com/NT,,channel-playlist:free-tv-br
Canais,Ireland,Dublin's Q102,https://wg.cdn.tibus.net/q102MP3128,https://upload.wikimedia.org/wikipedia/commons/e/e7/Dublins_Q102_Logo.png,channel-playlist:free-tv-br
Canais,Ireland,Classic Hits,https://stream.audioxi.com/CLASSIC,https://upload.wikimedia.org/wikipedia/commons/3/31/Classichits2023.jpg,channel-playlist:free-tv-br
Canais,Ireland,Sunshine 106.8,https://live-bauerie.sharp-stream.com/SUN,https://upload.wikimedia.org/wikipedia/en/9/97/Sunshine_106.8_logo.png,channel-playlist:free-tv-br
Canais,Israel,9 канал Ⓨ,https://www.youtube.com/@israel9tv/live,https://i.imgur.com/pttM3KQ.png,channel-playlist:free-tv-br
Canais,Israel,כאן 11,https://kan11.media.kan.org.il/hls/live/2024514/2024514/master.m3u8,https://upload.wikimedia.org/wikipedia/commons/thumb/c/c8/Kan11Logo.svg/640px-Kan11Logo.svg.png,channel-playlist:free-tv-br
Canais,Israel,ערוץ 13,https://d2xg1g9o5vns8m.cloudfront.net/out/v1/0855d703f7d5436fae6a9c7ce8ca5075/index.m3u8,https://upload.wikimedia.org/wikipedia/he/thumb/1/17/Reshet13Logo2022.svg/559px-Reshet13Logo2022.svg.png,channel-playlist:free-tv-br
Canais,Israel,ערוץ 14,https://now14.g-mana.live/media/91517161-44ab-4e46-af70-e9fe26117d2e/mainManifest.m3u8,https://i.imgur.com/Iq2Kb69.png,channel-playlist:free-tv-br
Canais,Israel,The Shopping Channel,https://shoppingil-rewriter.vidnt.com/index.m3u8,https://i.imgur.com/PEdXHSE.png,channel-playlist:free-tv-br
Canais,Israel,مكان 33,https://makan.media.kan.org.il/hls/live/2024680/2024680/master.m3u8,https://upload.wikimedia.org/wikipedia/en/5/56/MeKan_33_logo_2017.png,channel-playlist:free-tv-br
Canais,Israel,כאן חינוכית,https://kan23.media.kan.org.il/hls/live/2024691/2024691/master.m3u8,https://upload.wikimedia.org/wikipedia/commons/thumb/6/6b/KanHinuchit.svg/640px-KanHinuchit.svg.png,channel-playlist:free-tv-br
Canais,Israel,Knesset,https://contact.gostreaming.tv/Knesset/myStream/playlist.m3u8,https://i.imgur.com/PEdXHSE.png,channel-playlist:free-tv-br
Canais,Italy,Rai 1 Ⓖ,https://mediapolis.rai.it/relinker/relinkerServlet.htm?cont=2606803&output=7&forceUserAgent=rainet/4.0.5,https://i.imgur.com/CAx7yRm.png,channel-playlist:free-tv-br
Canais,Italy,Rai 2 Ⓖ,https://mediapolis.rai.it/relinker/relinkerServlet.htm?cont=308718&output=7&forceUserAgent=rainet/4.0.5,https://i.imgur.com/zA0PTcs.png,channel-playlist:free-tv-br
Canais,Italy,Rai 3 Ⓖ,https://mediapolis.rai.it/relinker/relinkerServlet.htm?cont=308709&output=7&forceUserAgent=rainet/4.0.5,https://i.imgur.com/9kuQCIi.png,channel-playlist:free-tv-br
Canais,Italy,Rete 4 Ⓖ,https://live02-seg.msf.cdn.mediaset.net/live/ch-r4/r4-clr.isml/index.m3u8,https://i.imgur.com/GWx2Fkl.png,channel-playlist:free-tv-br
Canais,Italy,Canale 5 Ⓖ,https://live02-seg.msf.cdn.mediaset.net/live/ch-c5/c5-clr.isml/index.m3u8,https://i.imgur.com/p6YdiR1.png,channel-playlist:free-tv-br
Canais,Italy,Italia 1 Ⓖ,https://live02-seg.msf.cdn.mediaset.net/live/ch-i1/i1-clr.isml/index.m3u8,https://i.imgur.com/oCiOxBG.png,channel-playlist:free-tv-br
Canais,Italy,La7,https://d1chghleocc9sm.cloudfront.net/v1/master/3722c60a815c199d9c0ef36c5b73da68a62b09d1/cc-evfku205gqrtf/Live.m3u8,https://i.imgur.com/F90mpSa.png,channel-playlist:free-tv-br
Canais,Italy,TV8 Ⓖ,https://hlslive-web-gcdn-skycdn-it.akamaized.net/TACT/11223/tv8web/master.m3u8?hdnts=st=1764666351~exp=1829466206~acl=/*~hmac=b0e9165b6c55027903ad103c8219f363d8765eb300c0d9a339e9767fc3509556,https://i.imgur.com/xvoHVOU.png,channel-playlist:free-tv-br
Canais,Italy,Nove,https://streaming.aurora.enhanced.live/live/mpc/enl0eG1mLmVncmVzcy5mZDJ2eHI=/out/v1/IT_SIMULCAST/NOVE/CMAF/index.m3u8,https://i.imgur.com/Hp723RU.png,channel-playlist:free-tv-br
Canais,Italy,20 Mediaset Ⓖ,https://live02-seg.msf.cdn.mediaset.net/live/ch-lb/lb-clr.isml/index.m3u8,https://i.imgur.com/It13jwX.png,channel-playlist:free-tv-br
Canais,Italy,Rai 4 Ⓖ,https://mediapolis.rai.it/relinker/relinkerServlet.htm?cont=746966&output=7&forceUserAgent=rainet/4.0.5,https://i.imgur.com/XFkZRfv.png,channel-playlist:free-tv-br
Canais,Italy,Iris Ⓖ,https://live02-seg.msf.cdn.mediaset.net/live/ch-ki/ki-clr.isml/index.m3u8,https://i.imgur.com/Ixz1BY3.png,channel-playlist:free-tv-br
Canais,Italy,Rai 5 Ⓖ,https://mediapolis.rai.it/relinker/relinkerServlet.htm?cont=395276&output=7&forceUserAgent=rainet/4.0.5,https://i.imgur.com/Leu2zTO.png,channel-playlist:free-tv-br
Canais,Italy,Rai Movie Ⓖ,https://mediapolis.rai.it/relinker/relinkerServlet.htm?cont=747002&output=7&forceUserAgent=rainet/4.0.5,https://i.imgur.com/RKpO8CE.png,channel-playlist:free-tv-br
Canais,Italy,Rai Premium Ⓖ,https://mediapolis.rai.it/relinker/relinkerServlet.htm?cont=746992&output=7&forceUserAgent=rainet/4.0.5,https://i.imgur.com/RKI4nFy.png,channel-playlist:free-tv-br
Canais,Italy,Cielo Ⓖ,https://hlslive-web-gcdn-skycdn-it.akamaized.net/TACT/11219/cieloweb/master.m3u8?hdnts=st=1764666351~exp=1829466206~acl=/*~hmac=b0e9165b6c55027903ad103c8219f363d8765eb300c0d9a339e9767fc3509556,https://i.imgur.com/cPluF03.png,channel-playlist:free-tv-br
Canais,Italy,27 Twentyseven Ⓖ,https://live02-seg.msf.cdn.mediaset.net/live/ch-ts/ts-clr.isml/index.m3u8,https://i.imgur.com/y2PdPCK.png,channel-playlist:free-tv-br
Canais,Italy,TV 2000,https://hls-live-tv2000.akamaized.net/hls/live/2028510/tv2000/master.m3u8,https://i.imgur.com/x7RaK3a.png,channel-playlist:free-tv-br
Canais,Italy,La7 Cinema,https://viamotionhsi.netplus.ch/live/eds/la7d/browser-HLS8/la7d.m3u8,https://i.imgur.com/khPweok.png,channel-playlist:free-tv-br
Canais,Italy,La 5 Ⓖ,https://live02-seg.msf.cdn.mediaset.net/live/ch-ka/ka-clr.isml/index.m3u8,https://i.imgur.com/UNyJaho.png,channel-playlist:free-tv-br
Canais,Italy,Real Time,https://streaming.aurora.enhanced.live/live/mpc/enl0eG1mLmVncmVzcy5mZDJ2eHI=/out/v1/IT_SIMULCAST/REALTIME/CMAF/index.m3u8,https://i.imgur.com/9dcTYg1.png,channel-playlist:free-tv-br
Canais,Italy,QVC,https://qrg.akamaized.net/hls/live/2017383/lsqvc1it/master.m3u8,https://i.imgur.com/Ea7iUX2.png,channel-playlist:free-tv-br
Canais,Italy,Food Network,https://streaming.aurora.enhanced.live/live/mpc/enl0eG1mLmVncmVzcy5mZDJ2eHI=/out/v1/IT_SIMULCAST/FOODNETWORK/CMAF/index.m3u8,https://i.imgur.com/i60OYr9.png,channel-playlist:free-tv-br
Canais,Italy,Cine34 Ⓖ,https://live02-seg.msf.cdn.mediaset.net/live/ch-b6/b6-clr.isml/index.m3u8,https://i.imgur.com/YyldwhI.png,channel-playlist:free-tv-br
Canais,Italy,Focus Ⓖ,https://live02-seg.msf.cdn.mediaset.net/live/ch-fu/fu-clr.isml/index.m3u8,https://i.imgur.com/M4smqpF.png,channel-playlist:free-tv-br
Canais,Italy,RTL 102.5,https://dd782ed59e2a4e86aabf6fc508674b59.msvdn.net/live/S97044836/tbbP8T1ZRPBL/playlist.m3u8,https://i.imgur.com/KdissvS.png,channel-playlist:free-tv-br
Canais,Italy,Discovery Channel,https://streaming.aurora.enhanced.live/live/mpc/enl0eG1mLmVncmVzcy5mZDJ2eHI=/out/v1/IT_SIMULCAST/DISCOVERYCHANNEL/CMAF/index.m3u8,https://i.imgur.com/5IxIFJ0.png,channel-playlist:free-tv-br
Canais,Italy,Giallo,https://streaming.aurora.enhanced.live/live/mpc/enl0eG1mLmVncmVzcy5mZDJ2eHI=/out/v1/IT_SIMULCAST/GIALLO/CMAF/index.m3u8,https://i.imgur.com/0PIRwZS.png,channel-playlist:free-tv-br
Canais,Italy,Top Crime Ⓖ,https://live02-seg.msf.cdn.mediaset.net/live/ch-lt/lt-clr.isml/index.m3u8,https://i.imgur.com/RFIwv9O.png,channel-playlist:free-tv-br
Canais,Italy,BOING Ⓖ,https://live02-seg.msf.cdn.mediaset.net/live/ch-kb/kb-clr.isml/index.m3u8,https://i.imgur.com/niSlrqT.png,channel-playlist:free-tv-br
Canais,Italy,K2,https://d1pmpe0hs35ka5.cloudfront.net/v1/master/3722c60a815c199d9c0ef36c5b73da68a62b09d1/cc-39hsskpppgf72/K2_IT.m3u8,https://i.imgur.com/wlLgSiA.png,channel-playlist:free-tv-br
Canais,Italy,Rai Gulp Ⓖ,https://mediapolis.rai.it/relinker/relinkerServlet.htm?cont=746953&output=7&forceUserAgent=rainet/4.0.5,https://i.imgur.com/lu1DPVb.png,channel-playlist:free-tv-br
Canais,Italy,Rai YoYo Ⓖ,https://mediapolis.rai.it/relinker/relinkerServlet.htm?cont=746899&output=7&forceUserAgent=rainet/4.0.5,https://i.imgur.com/DRSa3ys.png,channel-playlist:free-tv-br
Canais,Italy,Frisbee,https://d6m7lubks416z.cloudfront.net/v1/master/3722c60a815c199d9c0ef36c5b73da68a62b09d1/cc-zmbstsedxme9s/Frisbee_IT.m3u8,https://i.imgur.com/9y1zIAe.png,channel-playlist:free-tv-br
Canais,Italy,Cartoonito Ⓖ,https://live02-seg.msf.cdn.mediaset.net/live/ch-la/la-clr.isml/index.m3u8,https://i.imgur.com/oK2DcDJ.png,channel-playlist:free-tv-br
Canais,Italy,Super!,https://495c5a85d9074f29acffeaea9e0215eb.msvdn.net/super/super_main/super_main_hbbtv/playlist.m3u8,https://i.imgur.com/1124YEp.png,channel-playlist:free-tv-br
Canais,Italy,Rai News 24 Ⓖ,https://mediapolis.rai.it/relinker/relinkerServlet.htm?cont=1&output=7&forceUserAgent=rainet/4.0.5,https://i.imgur.com/gdzGwB6.png,channel-playlist:free-tv-br
Canais,Italy,Italia 2 Ⓖ,https://live02-seg.msf.cdn.mediaset.net/live/ch-i2/i2-clr.isml/index.m3u8,https://i.imgur.com/nq48sjO.png,channel-playlist:free-tv-br
Canais,Italy,Sky TG24 Ⓖ,https://hlslive-web-gcdn-skycdn-it.akamaized.net/TACT/12221/web/master.m3u8?hdnts=st=1764666351~exp=1829466206~acl=/*~hmac=b0e9165b6c55027903ad103c8219f363d8765eb300c0d9a339e9767fc3509556,https://i.imgur.com/q4d3Dah.png,channel-playlist:free-tv-br
Canais,Italy,TGCOM 24 Ⓖ,https://live02-seg.msf.cdn.mediaset.net/live/ch-kf/kf-clr.isml/index.m3u8,https://i.imgur.com/xautVD8.png,channel-playlist:free-tv-br
Canais,Italy,DMAX,https://streaming.aurora.enhanced.live/live/mpc/enl0eG1mLmVncmVzcy5mZDJ2eHI=/out/v1/IT_SIMULCAST/DMAX/CMAF/index.m3u8,https://i.imgur.com/dmEmRX7.png,channel-playlist:free-tv-br
Canais,Italy,Rai Storia Ⓖ,https://mediapolis.rai.it/relinker/relinkerServlet.htm?cont=746990&output=7&forceUserAgent=rainet/4.0.5,https://i.imgur.com/K8y5q8x.png,channel-playlist:free-tv-br
Canais,Italy,Mediaset Extra Ⓖ,https://live02-seg.msf.cdn.mediaset.net/live/ch-kq/kq-clr.isml/index.m3u8,https://i.imgur.com/mM8lopo.png,channel-playlist:free-tv-br
Canais,Italy,HGTV – Home & Garden Tv,https://streaming.aurora.enhanced.live/live/mpc/enl0eG1mLmVncmVzcy5mZDJ2eHI=/out/v1/IT_SIMULCAST/HGTV/CMAF/index.m3u8,https://i.imgur.com/emLNC0U.png,channel-playlist:free-tv-br
Canais,Italy,Rai Scuola Ⓖ,https://mediapolis.rai.it/relinker/relinkerServlet.htm?cont=747011&output=7&forceUserAgent=rainet/4.0.5,https://i.imgur.com/tmtJW6s.png,channel-playlist:free-tv-br
Canais,Italy,Rai Sport Ⓖ,https://mediapolis.rai.it/relinker/relinkerServlet.htm?cont=358025&output=7&forceUserAgent=rainet/4.0.5,https://i.imgur.com/xsGljsb.png,channel-playlist:free-tv-br
Canais,Italy,Turbo,https://streaming.aurora.enhanced.live/live/mpc/enl0eG1mLmVncmVzcy5mZDJ2eHI=/out/v1/IT_SIMULCAST/TURBO/CMAF/index.m3u8,https://i.imgur.com/TjjVjV0.png,channel-playlist:free-tv-br
Canais,Italy,Sportitalia Plus,https://sportsitalia-samsungitaly.amagi.tv/playlist.m3u8,https://i.imgur.com/hu56Ya5.png,channel-playlist:free-tv-br
Canais,Italy,Travel TV,https://streaming.softwarecreation.it/GoldTvSat/GoldTvSat/playlist.m3u8,https://i.imgur.com/aXAUyLN.png,channel-playlist:free-tv-br
Canais,Italy,Donna TV Ⓢ,https://5a1178b42cc03.streamlock.net/donnatv/donnatv/playlist.m3u8,https://i.imgur.com/Aa1Abme.png,channel-playlist:free-tv-br
Canais,Italy,SuperTennis,https://live-embed.supertennix.hiway.media/restreamer/supertennix_client/gpu-a-c0-16/restreamer/outgest/aa3673f1-e178-44a9-a947-ef41db73211a/manifest.m3u8,https://i.imgur.com/GzsPlbX.png,channel-playlist:free-tv-br
Canais,Italy,Alma TV,https://streaming.softwarecreation.it/AlmaTv/AlmaTv/playlist.m3u8,https://i.imgur.com/Y8JiDwN.png,channel-playlist:free-tv-br
Canais,Italy,Radio 105 TV Ⓖ,https://live02-seg.msr.cdn.mediaset.net/live/ch-ec/ec-clr.isml/index.m3u8,https://i.imgur.com/3NiLKvj.png,channel-playlist:free-tv-br
Canais,Italy,R101 TV Ⓖ,https://live02-seg.msr.cdn.mediaset.net/live/ch-er/er-clr.isml/index.m3u8,https://i.imgur.com/mWeEa9T.png,channel-playlist:free-tv-br
Canais,Italy,Deejay TV,https://4c4b867c89244861ac216426883d1ad0.msvdn.net/live/S85984808/sMO0tz9Sr2Rk/playlist.m3u8,https://i.imgur.com/rlaKH6k.png,channel-playlist:free-tv-br
Canais,Italy,RadioItaliaTV,https://radioitaliatv.akamaized.net/hls/live/2093117/RadioitaliaTV/master.m3u8,https://i.imgur.com/4VCEJuJ.png,channel-playlist:free-tv-br
Canais,Italy,Radio KISS KISS TV,https://kk.fluid.stream/KKMulti/smil:KissKissTV.smil/playlist.m3u8,https://i.imgur.com/UTStxDW.png,channel-playlist:free-tv-br
Canais,Italy,Rai Radio 2 Visual Radio,https://mediapolis.rai.it/relinker/relinkerServlet.htm?cont=5674080&output=7&forceUserAgent=rainet/4.0.5,https://i.imgur.com/nVBet0h.png,channel-playlist:free-tv-br
Canais,Italy,RTL 102.5 Traffic,https://dd782ed59e2a4e86aabf6fc508674b59.msvdn.net/live/S38122967/2lyQRIAAGgRR/playlist.m3u8,https://i.imgur.com/GH7byqm.jpeg,channel-playlist:free-tv-br
Canais,Italy,MAN-GA,https://c65b9e710bde44819015af98e72cd7ab.msvdn.net/live/S93572876/aILSQPYFY3pF/playlist.m3u,https://i.imgur.com/8a6WYU2.png,channel-playlist:free-tv-br
Canais,Italy,Radio24-IlSole24OreTV,https://ilsole24ore-radiovisual.akamaized.net/hls/live/2035302/persidera/master.m3u8,https://i.imgur.com/NTqrdWW.png,channel-playlist:free-tv-br
Canais,Italy,BeJoy.Kids,https://64b16f23efbee.streamlock.net/bejoy/bejoy/playlist.m3u8,https://i.imgur.com/zuR9Go5.png,channel-playlist:free-tv-br
Canais,Italy,Gambero Rosso,https://2018f6355a15442ebb37007fa4f6c064.msvdn.net/live/S7530969/XWerenuxbSdW/playlist.m3u8,https://i.imgur.com/RApMW5x.png,channel-playlist:free-tv-br
Canais,Italy,RadioFreccia,https://dd782ed59e2a4e86aabf6fc508674b59.msvdn.net/live/S3160845/0tuSetc8UFkF/playlist.m3u8,https://i.imgur.com/J5N9F7Z.png,channel-playlist:free-tv-br
Canais,Italy,RDS Social TV,https://stream.rdstv.radio/index.m3u8,https://i.imgur.com/TY6FhqI.png,channel-playlist:free-tv-br
Canais,Italy,Radio ZETA,https://dd782ed59e2a4e86aabf6fc508674b59.msvdn.net/live/S9346184/XEx1LqlYbNic/playlist.m3u8,https://i.imgur.com/0MgCm1n.png,channel-playlist:free-tv-br
Canais,Italy,Radio TV Serie A con RDS,https://stream.radioseriea.com/50773f0d0070476a8612d9984c6059d8/index.m3u8,https://i.imgur.com/NzDeCIx.png,channel-playlist:free-tv-br
Canais,Italy,Sportitalia SOLOCALCIO,https://di-g7ij0rwh.vo.lswcdn.net/sportitalia/sisolocalcio.smil/playlist.m3u8,https://i.imgur.com/hu56Ya5.png,channel-playlist:free-tv-br
Canais,Italy,BIKE Channel,https://stream.prod-01.milano.nxmedge.net/argocdn/bikechannel/video.m3u8,https://i.imgur.com/4IzVSQI.png,channel-playlist:free-tv-br
Canais,Italy,Radio Montecarlo TV Ⓖ,https://live02-seg.msr.cdn.mediaset.net/live/ch-bb/bb-clr.isml/index.m3u8,https://i.imgur.com/3TMMXmS.png,channel-playlist:free-tv-br
Canais,Italy,Virgin Radio TV Ⓖ,https://live02-seg.msr.cdn.mediaset.net/live/ch-ew/ew-clr.isml/index.m3u8,https://i.imgur.com/7Im3HI1.png,channel-playlist:free-tv-br
Canais,Italy,Senato TV,https://senato-live.morescreens.com/SENATO_1_001/playlist.m3u8,https://i.imgur.com/FoQoNZW.png,channel-playlist:free-tv-br
Canais,Italy,Camera dei Deputati Ⓢ,https://video-ar.radioradicale.it/diretta/camera2/playlist.m3u8,https://i.imgur.com/fqGn1k9.png,channel-playlist:free-tv-br
Canais,Italy,Rai 4K Ⓖ,https://raievent10-elem-live.akamaized.net/hls/live/619189/raievent10/raievent10/playlist.m3u8,https://i.imgur.com/5gkt9DD.png,channel-playlist:free-tv-br
Canais,Italy,UniNettuno University TV Ⓖ,https://stream6-rai-it.akamaized.net/live/uninettuno/playlist.m3u8,https://i.imgur.com/BOGMeio.png,channel-playlist:free-tv-br
Canais,Italy,111 Tv,https://5db313b643fd8.streamlock.net/111/111/playlist.m3u8,https://i.imgur.com/4jY8yAI.png,channel-playlist:free-tv-br
Canais,Italy,12 Tv Parma,https://5929b138b139d.streamlock.net/12TVParma/livestream/playlist.m3u8,https://i.imgur.com/xnUgx6b.png,channel-playlist:free-tv-br
Canais,Italy,4 You Tv,https://streamsrv2.nets-sr.com:19360/4youtv/4youtv.m3u8,https://i.imgur.com/NN0cSbz.png,channel-playlist:free-tv-br
Canais,Italy,Abc Tv,https://diretta.arcapuglia.it:8080/live/abctv/index.m3u8,https://i.imgur.com/nVmIeTD.png,channel-playlist:free-tv-br
Canais,Italy,AB Channel,https://tsw.streamingwebtv24.it:1936/abchanneltv/abchanneltv/playlist.m3u8,https://i.imgur.com/k8EPLB9.png,channel-playlist:free-tv-br
Canais,Italy,Alpauno,https://5f22d76e220e1.streamlock.net/alpaunotv/alpaunotv/playlist.m3u8,https://i.imgur.com/4QKFtUa.png,channel-playlist:free-tv-br
Canais,Italy,Alto Adige Tv,https://5f204aff97bee.streamlock.net/AltoAdigeTV/livestream/playlist.m3u8,https://i.imgur.com/S2sCFQi.png,channel-playlist:free-tv-br
Canais,Italy,Antenna 2 Bergamo,https://58f12ffd2447a.streamlock.net/Antenna2/livestream/playlist.m3u8,https://i.imgur.com/NfvHIAw.png,channel-playlist:free-tv-br
Canais,Italy,Antenna 3 Massa,https://media2021.rtvweb.com/antenna3massa/a3/playlist.m3u8,https://i.imgur.com/CHDU86j.png,channel-playlist:free-tv-br
Canais,Italy,Antenna 3 Veneto Nord Est,https://59d7d6f47d7fc.streamlock.net/antennatreveneto/antennatreveneto.stream/playlist.m3u8,https://i.imgur.com/NiVHLwp.png,channel-playlist:free-tv-br
Canais,Italy,Antenna Sicilia,https://antennasicilialive.cdn.netrw.it/antennasicilialive/hls/ccr/antennasicilia/master.m3u8,https://i.imgur.com/8DOdqsE.png,channel-playlist:free-tv-br
Canais,Italy,Antenna Sud,https://live-antennasud.cdn.netrw.it/antennasud/hls/ccr/antennasud/master.m3u8,https://i.imgur.com/b8y6ImZ.png,channel-playlist:free-tv-br
Canais,Italy,Antenna Sud Extra,https://live-antennasud.cdn.netrw.it/antennasud/hls/ccr/extra/master.m3u8,https://i.imgur.com/6tBv8VD.png,channel-playlist:free-tv-br
Canais,Italy,Aristanis SuperTv,https://video2.azotosolutions.com:1936/supertvoristano/supertvoristano/playlist.m3u8,https://i.imgur.com/v8PlAJO.png,channel-playlist:free-tv-br
Canais,Italy,Arte Network Orler,https://tsw.streamingwebtv24.it:1936/artenetwork/artenetwork/playlist.m3u8,https://i.imgur.com/DP5y0Er.png,channel-playlist:free-tv-br
Canais,Italy,Aurora Arte,https://59d7d6f47d7fc.streamlock.net/auroraarte/auroraarte/playlist.m3u8,https://i.imgur.com/BoLZ5wG.png,channel-playlist:free-tv-br
Canais,Italy,Azzurra Tv Vco,https://59d7d6f47d7fc.streamlock.net/azzurratv/azzurratv/playlist.m3u8,https://i.imgur.com/mSWw8uW.png,channel-playlist:free-tv-br
Canais,Italy,Basilicata 1 Tv,http://77.68.40.210:8888/hls/basilicata1.m3u8,https://i.imgur.com/VS6CQ88.png,channel-playlist:free-tv-br
Canais,Italy,Bergamo Tv,https://db142859fd5541b09de25d6507f1f2d3.msvdn.net/live/S17501676/oIxAsgEEA46M/playlist.m3u8?DVR,https://i.imgur.com/1doR6Vl.png,channel-playlist:free-tv-br
Canais,Italy,BOM Channel,https://5f22d76e220e1.streamlock.net/canale6/canale6/playlist.m3u8,https://i.imgur.com/hISoOK3.png,channel-playlist:free-tv-br
Canais,Italy,ByoBlu,https://09bd1346f7a44cc9ac230cc1cb22ca4f.msvdn.net/live/S39249178/EnTK3KeeN1Eg/playlist.m3u8,https://i.imgur.com/1xaHGtU.png,channel-playlist:free-tv-br
Canais,Italy,Cafe Tv 24,https://srvx1.selftv.video/cafe/live/playlist.m3u8,https://i.imgur.com/KbcbxFw.png,channel-playlist:free-tv-br
Canais,Italy,Calabria Uno Tv,https://635320cd397eb.streamlock.net/live/ngrp:calabriaunolive_all/playlist.m3u8,https://i.imgur.com/2TK1GQ5.png,channel-playlist:free-tv-br
Canais,Italy,Calabria tv,https://64b16f23efbee.streamlock.net/calabriatv-clone/calabriatv-clone/playlist.m3u8,https://i.imgur.com/qWirucd.png,channel-playlist:free-tv-br
Canais,Italy,Canale 10,https://nrvideo1.newradio.it:1936/desxcerbht/desxcerbht/playlist.m3u8,https://i.imgur.com/KuQcjYV.png,channel-playlist:free-tv-br
Canais,Italy,Canale 2,https://59d7d6f47d7fc.streamlock.net/canale2/canale2/playlist.m3u8,https://i.imgur.com/ETqDkS1.png,channel-playlist:free-tv-br
Canais,Italy,Canale 21,https://0ff9dd7fe9b64bc08a5fc4ed525454c3.msvdn.net/live/S38994111/B7j0ql4XaZtE/playlist.m3u8,https://i.imgur.com/mU6Cq89.png,channel-playlist:free-tv-br
Canais,Italy,Canale 21 Extra,https://0ff9dd7fe9b64bc08a5fc4ed525454c3.msvdn.net/live/S42170132/sT6C3LFaD1iA/playlist.m3u8,https://i.imgur.com/cDAsrBl.png,channel-playlist:free-tv-br
Canais,Italy,Canale 7,http://wms.shared.streamshow.it:80/canale7/canale7/playlist.m3u8,https://i.imgur.com/9cuOLCn.png,channel-playlist:free-tv-br
Canais,Italy,Canale 74 Sicilia,https://stream.cp.ets-sistemi.it:1936/canale74/canale74/playlist.m3u8,https://i.imgur.com/18JIVgu.png,channel-playlist:free-tv-br
Canais,Italy,Canale 8 Campania,https://59d7d6f47d7fc.streamlock.net/canale8/canale8/playlist.m3u8,https://i.imgur.com/ElAS2WC.png,channel-playlist:free-tv-br
Canais,Italy,Canale Italia,https://ovp-live.akamaized.net/ac115_live/canale1.smil/playlist.m3u8,https://i.imgur.com/QlwLRyh.png,channel-playlist:free-tv-br
Canais,Italy,Carina Tv,https://samson.streamerr.co:8081/carinatv/index.m3u8,https://i.imgur.com/FMGcm6I.jpg,channel-playlist:free-tv-br
Canais,Italy,Casa Italia 53,https://ovp-live.akamaized.net/ac115_live/canale3.smil/playlist.m3u8,https://i.imgur.com/O4GQVCk.png,channel-playlist:free-tv-br
Canais,Italy,Casa Sanremo Tv,https://router.xdevel.com/video0s975911-633/stream/playlist_dvr.m3u8,https://i.imgur.com/WL3SFTs.png,channel-playlist:free-tv-br
Canais,Italy,Castrovillari Tv,http://msh0062.stream.seeweb.it/live/flv:stream00.sdp/playlist.m3u8,https://i.imgur.com/V0kjYNG.png,channel-playlist:free-tv-br
Canais,Italy,Cittaceleste Tv,https://sportitaliaamd.akamaized.net/live/Cittaceleste/hls/A990687F506536598442FC5CD12C97CB78873FBA/index.m3u8,https://i.imgur.com/9RVriNK.jpeg,channel-playlist:free-tv-br
Canais,Italy,Company Tv,https://company.fluid.stream/CompanyTV/smil:Company_ALL.smil/playlist.m3u8,https://i.imgur.com/IbabUDd.png,channel-playlist:free-tv-br
Canais,Italy,Cremona 1,https://cdn2.streamshow.it/cloud-cremona1/cremona1/playlist.m3u8,https://i.imgur.com/a5d0F01.jpg,channel-playlist:free-tv-br
Canais,Italy,Cusano Italia Tv,https://router.xdevel.com/video0s975363-69/stream/playlist.m3u8,https://i.imgur.com/9F1sVjZ.png,channel-playlist:free-tv-br
Canais,Italy,Cusano News 7,https://router.xdevel.com/video1s975363-1596/stream/playlist.m3u8,https://i.imgur.com/L49Ie1Q.png,channel-playlist:free-tv-br
Canais,Italy,Delta Tv,http://hbbtv-server.zivoli.it:8080/hls/deltatv/deltatv/index.m3u8,https://i.imgur.com/mfwVXt7.png,channel-playlist:free-tv-br
Canais,Italy,Deluxe 139,https://59d7d6f47d7fc.streamlock.net/pierstyle/pierstyle/playlist.m3u8,https://i.imgur.com/kRexw3w.png,channel-playlist:free-tv-br
Canais,Italy,Di.Tv 80,https://5f22d76e220e1.streamlock.net/ditv80/ditv80/playlist.m3u8,https://i.imgur.com/kHxTsJw.png,channel-playlist:free-tv-br
Canais,Italy,Di.Tv 92,https://media2021.rtvweb.com/di_tv_92/live/playlist.m3u8,https://i.imgur.com/g3SI08H.png,channel-playlist:free-tv-br
Canais,Italy,Digital Tv7 Benevento,http://streaming.senecadot.com/live/flv:tv7.sdp/playlist.m3u8,https://i.imgur.com/NaQkklP.png,channel-playlist:free-tv-br
Canais,Italy,Donna Shopping Tv,https://5f22d76e220e1.streamlock.net/fascinotv/fascinotv/playlist.m3u8,https://i.imgur.com/oLDvx2T.png,channel-playlist:free-tv-br
Canais,Italy,E'live Brescia Tv,https://59d7d6f47d7fc.streamlock.net/elivebresciatv/elivebresciatv/playlist.m3u8,https://i.imgur.com/bZ3B7pi.png,channel-playlist:free-tv-br
Canais,Italy,Easy Tv Canale 190,https://diretta.arcapuglia.it:8080/live/easytv/index.m3u8,https://i.imgur.com/LKrVuRR.jpg,channel-playlist:free-tv-br
Canais,Italy,Entella Tv,https://5f22d76e220e1.streamlock.net:443/EntellaTV/EntellaTV/playlist.m3u8,https://i.imgur.com/1VPXKrW.png,channel-playlist:free-tv-br
Canais,Italy,EQUtv,https://ippicabetflag-live.morescreens.com/IPPICA_1_003/304p.m3u8,https://i.imgur.com/x9Wdz7h.png,channel-playlist:free-tv-br
Canais,Italy,Equos Tv,https://dacastmmd.mmdlive.lldns.net/dacastmmd/2824fb123d5e44b797232c7abf8195da/playlist.m3u8,https://i.imgur.com/YwyfNDF.png,channel-playlist:free-tv-br
Canais,Italy,Espansione Tv,https://srvx1.selftv.video/espansione/smil:live.smil/playlist.m3u8,https://i.imgur.com/mm9HKpD.png,channel-playlist:free-tv-br
Canais,Italy,Esperia Tv,https://59d7d6f47d7fc.streamlock.net/esperiatv/esperiatv/playlist.m3u8,https://patbuweb.com/tivustream/chanlogoz/ita/esperiatv.png,channel-playlist:free-tv-br
Canais,Italy,Etna Espresso Channel,https://5db313b643fd8.streamlock.net/Etnachannelponte/Etnachannelponte/playlist.m3u8,https://i.imgur.com/hMUxytZ.png,channel-playlist:free-tv-br
Canais,Italy,è Tv Marche,https://live.ipstream.it/etvmarche/etvmarche.stream/playlist.m3u8,https://i.imgur.com/vxgbFnR.png,channel-playlist:free-tv-br
Canais,Italy,è Tv Rete7,https://live.ipstream.it/etv/etv.stream/playlist.m3u8,https://i.imgur.com/FXFzJhM.png,channel-playlist:free-tv-br
Canais,Italy,è Tv Umbria,https://live.ipstream.it/etvumbria/etvumbria.stream/playlist.m3u8,https://i.imgur.com/DASRCe2.png,channel-playlist:free-tv-br
Canais,Italy,Euro Tv,https://5f22d76e220e1.streamlock.net/eurotv/eurotv/playlist.m3u8,https://i.imgur.com/HCl5Zbu.png,channel-playlist:free-tv-br
Canais,Italy,Extra Tv,https://rst2.saiuzwebnetwork.it:8081/extratvlive/index.m3u8,https://i.imgur.com/KCBurST.png,channel-playlist:free-tv-br
Canais,Italy,FM Tv Marche,https://bbtv.intvstream.net:3988/hybrid/play.m3u8,https://i.imgur.com/yY01NhL.jpg,channel-playlist:free-tv-br
Canais,Italy,Fano Tv,https://diretta.arcapuglia.it:8080/live/fanotv/index.m3u8,https://i.imgur.com/orqEzJ6.png,channel-playlist:free-tv-br
Canais,Italy,Fascino Tv,https://5f22d76e220e1.streamlock.net/canale157/canale157/playlist.m3u8,https://i.imgur.com/4XYYY5B.png,channel-playlist:free-tv-br
Canais,Italy,GRP Televisione,https://webstream.multistream.it/memfs/a3195c96-f884-4c74-924f-2648814fc0b5.m3u8,https://i.imgur.com/1zNPpVE.png,channel-playlist:free-tv-br
Canais,Italy,GarganoTv,https://cdn80-ger.azotosolutions.com:8443/cdnedge3/smil:live3.smil/playlist.m3u8,https://i.imgur.com/OlJohKK.png,channel-playlist:free-tv-br
Canais,Italy,Giornale Radio Tv,https://5f204aff97bee.streamlock.net/GR_tv/livestream/playlist.m3u8,https://i.imgur.com/TMtvCLL.jpg,channel-playlist:free-tv-br
Canais,Italy,Giovanni Paolo Tv,https://media2021.rtvweb.com/giovannipaolotv/web/chunklist_w663456797.m3u8,https://i.imgur.com/GH5eJE6.png,channel-playlist:free-tv-br
Canais,Italy,Globo Tv,https://nrvideo1.newradio.it:1936/awrgaebshj/awrgaebshj/playlist.m3u8,https://i.imgur.com/lR08pb3.jpeg,channel-playlist:free-tv-br
Canais,Italy,Globus Television,https://cdn.cubws.com/live/globus.m3u8,https://i.imgur.com/yUTYqCv.png,channel-playlist:free-tv-br
Canais,Italy,Gold Tv,https://streaming.softwarecreation.it/GoldTv/GoldTv/playlist.m3u8,https://i.imgur.com/3rVi4kD.png,channel-playlist:free-tv-br
Canais,Italy,GO-TV Channel,https://6zklxkbbdw9b-hls-live.mariatvcdn.it/msmotor/2f759512164fc6fe4acbed6a5648993a.sdp/playlist.m3u8,https://i.imgur.com/xgjrAAn.png,channel-playlist:free-tv-br
Canais,Italy,GS Channel,https://rst.saiuzwebnetwork.it:8081/retereggio/index.m3u8,https://i.imgur.com/ExfxCRv.png,channel-playlist:free-tv-br
Canais,Italy,Icaro Tv Rimini,https://59d7d6f47d7fc.streamlock.net/icarotv/icarotv/playlist.m3u8,https://i.imgur.com/z05VSSN.png,channel-playlist:free-tv-br
Canais,Italy,Idea Plus,https://rst.saiuzwebnetwork.it:19360/teleidea/teleidea.m3u8,https://i.imgur.com/2edmxYF.png,channel-playlist:free-tv-br
Canais,Italy,il61,https://5a1178b42cc03.streamlock.net/travel/travel/playlist.m3u8,https://i.imgur.com/1rUZsBv.png,channel-playlist:free-tv-br
Canais,Italy,Italia 2 Tv,https://59d7d6f47d7fc.streamlock.net/italia2/italia2/playlist.m3u8,https://i.imgur.com/ISbxfY0.png,channel-playlist:free-tv-br
Canais,Italy,Italia 7,https://streaming.softwarecreation.it/Italia7/Italia7/playlist.m3u8,https://i.imgur.com/YBXkY4w.png,channel-playlist:free-tv-br
Canais,Italy,Italia 8 Prestige,https://5f22d76e220e1.streamlock.net/italia8prestige/italia8prestige/playlist.m3u8,https://i.imgur.com/uDxWI4a.png,channel-playlist:free-tv-br
Canais,Italy,Italia Channel,https://stream1.aswifi.it/italiachannel/stream/index.m3u8,https://i.imgur.com/zuuKXGv.png,channel-playlist:free-tv-br
Canais,Italy,Iunior Tv,https://5f22d76e220e1.streamlock.net/iuniortv/iuniortv/playlist.m3u8,https://i.imgur.com/9jeNlLE.png,channel-playlist:free-tv-br
Canais,Italy,L'Altro Corriere Tv,https://stream.cp.ets-sistemi.it:1936/laltrocorriere-tv/laltrocorriere-tv/playlist.m3u8,https://i.imgur.com/dgj79J3.png,channel-playlist:free-tv-br
Canais,Italy,La Nuova Tv,https://5dcabf026b188.streamlock.net/lanuovatvbas/livestream/playlist.m3u8,https://i.imgur.com/wg8FhdN.png,channel-playlist:free-tv-br
Canais,Italy,La Tenda Tv,https://2-fss-1.streamhoster.com/pl_148/206202-2980948-1/playlist.m3u8,https://i.imgur.com/XnBp0hT.png,channel-playlist:free-tv-br
Canais,Italy,La tr3 Marsala,https://tsw.streamingwebtv24.it:1936/eslife1/eslife1/playlist.m3u8,https://i.imgur.com/XlxpfEx.png,channel-playlist:free-tv-br
Canais,Italy,LaC News 24,https://f5842579ff984c1c98d63b8d789673eb.msvdn.net/live/S27391994/HVvPMzy/playlist.m3u8,https://i.imgur.com/02vCECa.png,channel-playlist:free-tv-br
Canais,Italy,LaC Tv Calabria,https://f5842579ff984c1c98d63b8d789673eb.msvdn.net/live/S47282891/JWjL3xqPf4bX/playlist.m3u8,https://i.imgur.com/2Ef6crS.png,channel-playlist:free-tv-br
Canais,Italy,Lab Tv,https://customer-yzibk50951uq418a.cloudflarestream.com/a58893dee4b9922a75e41b4ec4243f84/manifest/video.m3u8,https://i.imgur.com/OpRS6Fl.png,channel-playlist:free-tv-br
Canais,Italy,Lazio Tv,https://streaming.softwarecreation.it/LazioTv/LazioTv/playlist.m3u8,https://i.imgur.com/DAj5Uwb.png,channel-playlist:free-tv-br
Canais,Italy,Le Cronache Lucane Tv,http://stucazz.com:8888/hls/cronache.m3u8,https://i.imgur.com/EBY3IZL.jpg,channel-playlist:free-tv-br
Canais,Italy,Lira Tv,https://a928c0678d284da5b383f29ecc5dfeec.msvdn.net/live/S57315730/8kTBWibNteJA/playlist.m3u8,https://i.imgur.com/S0ReVEo.png,channel-playlist:free-tv-br
Canais,Italy,Lombardia Tv,https://5db313b643fd8.streamlock.net/lmbiatv/lmbiatv/playlist.m3u8,https://i.imgur.com/aksVy9f.jpg,channel-playlist:free-tv-br
Canais,Italy,Love in Venice,http://59d7d6f47d7fc.streamlock.net/loveinvenice/loveinvenice/playlist.m3u8,https://i.imgur.com/lLBzzce.png,channel-playlist:free-tv-br
Canais,Italy,Lucania Tv,https://cdn15.streamshow.it/cloud-lucaniatv/lucaniatv/playlist.m3u8,https://i.imgur.com/wuUNVR5.png,channel-playlist:free-tv-br
Canais,Italy,Made in BO,https://srvx1.selftv.video/dmchannel/live/playlist.m3u8,https://i.imgur.com/WFnrMS0.png,channel-playlist:free-tv-br
Canais,Italy,Maria Vision,https://1601580044.rsc.cdn77.org/live/_jcn_/amls:CHANNEL_2/playlist.m3u8,https://i.imgur.com/fdx5YXi.png,channel-playlist:free-tv-br
Canais,Italy,Matrix Tv,https://5f22d76e220e1.streamlock.net/GrandeItalia/GrandeItalia/playlist.m3u8,https://i.imgur.com/m1HeXrn.png,channel-playlist:free-tv-br
Canais,Italy,Mediterranea Tv,https://stream1.aswifi.it/mediterraneatv/live/index.m3u8,https://i.imgur.com/GUTOqRt.png,channel-playlist:free-tv-br
Canais,Italy,Medjugorje Italia Tv,https://5f22d76e220e1.streamlock.net/medjugorjeitaliatv/medjugorjeitaliatv/playlist.m3u8,https://i.imgur.com/hkZScXf.png,channel-playlist:free-tv-br
Canais,Italy,Medjugorje Tv Puglia,https://diretta.arcapuglia.it:8080/live/medjugorietv/index.m3u8,https://i.imgur.com/IWBeddh.png,channel-playlist:free-tv-br
Canais,Italy,Minformo Tv,https://5db313b643fd8.streamlock.net:443/MinformoTV/MinformoTV/playlist.m3u8,https://i.imgur.com/VJNtnZM.jpg,channel-playlist:free-tv-br
Canais,Italy,Motori Tv,https://5f22d76e220e1.streamlock.net/servizio01/servizio01/playlist.m3u8,https://i.imgur.com/NWXQKbl.png,channel-playlist:free-tv-br
Canais,Italy,NTI Canale 271,https://www.ntimedia.it/video/S0B/S0B_master.m3u8,https://i.imgur.com/zlmcUe0.jpg,channel-playlist:free-tv-br
Canais,Italy,News24 City,https://dc3.telesveva.com:4433/news24.mp4,https://i.imgur.com/dak9AtV.png,channel-playlist:free-tv-br
Canais,Italy,Nuova TV Nazionale,https://stream4.xdevel.com/video0s975955-782/stream/playlist.m3u8,https://i.imgur.com/QWlRuXg.png,channel-playlist:free-tv-br
Canais,Italy,Nuova Tv 1,https://nuovatv.net:8443/tv/stream.m3u8,https://i.imgur.com/1yqTZhR.png,channel-playlist:free-tv-br
Canais,Italy,Nuova Tv 2,https://nuovatv.net:8443/tv2/stream.m3u8,https://i.imgur.com/0vauyV3.png,channel-playlist:free-tv-br
Canais,Italy,Nuvola Tv,https://stream.nuvola.tv:8181/memfs/4aaa6328-1879-4ebf-b18a-498146d0c61c.m3u8,https://i.imgur.com/EDGez2x.png,channel-playlist:free-tv-br
Canais,Italy,Odeon 24,https://streaming.softwarecreation.it/Odeon/Odeon/manifest.m3u8,https://i.imgur.com/M1tVBuH.png,channel-playlist:free-tv-br
Canais,Italy,Ofanto Tv,https://videostream.isgm.it:3276/live/tvofantolive.m3u8,https://i.imgur.com/UCgATWn.png,channel-playlist:free-tv-br
Canais,Italy,Onda Novara Tv,https://585b674743bbb.streamlock.net/9006/9006/playlist.m3u8,https://i.imgur.com/Qoh9CFy.png,channel-playlist:free-tv-br
Canais,Italy,Onda Tv Sicilia,https://5926fc9c7c5b2.streamlock.net/9040/9040/playlist.m3u8,https://i.imgur.com/0c5Y6lr.png,channel-playlist:free-tv-br
Canais,Italy,Onda Web Radio,http://178.33.224.197:1935/ondaradioweb/ondaradioweb/playlist.m3u8,https://i.imgur.com/3hTvrC8.jpg,channel-playlist:free-tv-br
Canais,Italy,Ora Tv,https://5db313b643fd8.streamlock.net/OraTv/OraTv/playlist.m3u8,https://i.imgur.com/clWVrvE.png,channel-playlist:free-tv-br
Canais,Italy,Orler Tv,https://w1.mediastreaming.it/orlertv/livestream/playlist.m3u8,https://i.imgur.com/dBkxD8e.png,channel-playlist:free-tv-br
Canais,Italy,Otto Channel,https://ottop-live-meride.akamaized.net/hls/live/2039996/ch1/playlist.m3u8,https://i.imgur.com/HRonD2N.png,channel-playlist:free-tv-br
Canais,Italy,Padre Pio Tv,https://600f07e114306.streamlock.net/PadrePioTV/livestream/playlist.m3u8,https://i.imgur.com/7ajxEPH.png,channel-playlist:free-tv-br
Canais,Italy,Paradise Tv,https://tsw.streamingwebtv24.it:1936/paradisetv/paradisetv/playlist.m3u8,https://i.imgur.com/okIBfIb.jpg,channel-playlist:free-tv-br
Canais,Italy,Parole di Vita,https://64b16f23efbee.streamlock.net/paroledivita/paroledivita/playlist.m3u8,https://i.imgur.com/M9mIiZD.png,channel-playlist:free-tv-br
Canais,Italy,Partenope Tv,https://diretta.arcapuglia.it:8080/live/partenope/index.m3u8,https://i.imgur.com/FtuWkj1.png,channel-playlist:free-tv-br
Canais,Italy,Peer Tv Alto Adige,https://iptv.peer.biz/live/peertv-it.m3u8,https://www.peer.biz/peertv-iptv/peer-tv-alto-adige.png,channel-playlist:free-tv-br
Canais,Italy,Peer TV Südtirol,https://iptv.peer.biz/live/peertv.m3u8,https://www.peer.biz/peertv-iptv/peer-tv-suedtirol.png,channel-playlist:free-tv-br
Canais,Italy,Pop Tv,https://stream1.aswifi.it/poptelevision/live/index.m3u8,https://i.imgur.com/TeolCu9.png,channel-playlist:free-tv-br
Canais,Italy,Prima Tv Napoli,https://57068da1deb21.streamlock.net/primatvnapoli/primatvnapoli/playlist.m3u8,https://i.imgur.com/yPuQeEy.jpg,channel-playlist:free-tv-br
Canais,Italy,Prima Tv Sicilia,https://5db313b643fd8.streamlock.net/PrimaTV/PrimaTV/playlist.m3u8,https://i.imgur.com/br45JER.png,channel-playlist:free-tv-br
Canais,Italy,PrimaFREE,https://5f22d76e220e1.streamlock.net/primafree/primafree/playlist.m3u8,https://i.imgur.com/YrSSmOL.png,channel-playlist:free-tv-br
Canais,Italy,Primantenna Torino,https://5f22d76e220e1.streamlock.net/primantenna14/primantenna14/playlist.m3u8,https://i.imgur.com/sqEcPFs.gif,channel-playlist:free-tv-br
Canais,Italy,Primocanale,https://msh0203.stream.seeweb.it/live/flv:stream2.sdp/playlist.m3u8,https://i.imgur.com/xWF1A1U.png,channel-playlist:free-tv-br
Canais,Italy,Promovideo Tv,https://media2021.rtvweb.com/promovideo_web/promovideo/playlist.m3u8,https://i.imgur.com/MwK9HVG.png,channel-playlist:free-tv-br
Canais,Italy,Quarto Canale Flegreo,http://live.mariatvcdn.com/dialogos/171e41deedf405f10c7dd6311387fb43.sdp/playlist.m3u8,https://i.imgur.com/8RKY3Du.png,channel-playlist:free-tv-br
Canais,Italy,Radio 3M InBlu,https://stream.mariatvcdn.com/telemistrettaradio/900bfcc0f9012ea272584fd5ff5281b8.sdp/playlist.m3u8,https://i.imgur.com/d7O7Uqa.png,channel-playlist:free-tv-br
Canais,Italy,Radio 51 Tv,https://59d7d6f47d7fc.streamlock.net/canale51/canale51/chunklist_w1193883900.m3u8,https://uaznao.com/wp-content/uploads/2023/03/radio51.png,channel-playlist:free-tv-br
Canais,Italy,Radio Birikina Tv,https://tvd-bk.fluid.stream/RadioBirikinaTV/livestream/chunklist_w84398277.m3u8,https://uaznao.com/wp-content/uploads/2023/03/radiobirikina.png,channel-playlist:free-tv-br
Canais,Italy,Radio Bruno Tv,https://router.xdevel.com/video0s975758-473/stream/playlist.m3u8,https://i.imgur.com/y4vKE83.png,channel-playlist:free-tv-br
Canais,Italy,Radio Ibiza,https://str48.fluid.stream/RadioIbizaTV/livestream/playlist.m3u8,https://i.imgur.com/uu0DHY5.png,channel-playlist:free-tv-br
Canais,Italy,Radio Immagine Tv,https://media.velcom.it:8081/RadioImmagineTV/index.fmp4.m3u8,https://i.imgur.com/iQlXRAB.png,channel-playlist:free-tv-br
Canais,Italy,Radio Italia Cina Tv,https://585b674743bbb.streamlock.net/9054/9054/playlist.m3u8,https://i.imgur.com/QGkyrO3.png,channel-playlist:free-tv-br
Canais,Italy,Radio Libertà,https://router.xdevel.com/video0s975360-67/stream/playlist_dvr.m3u8,https://i.imgur.com/HRvPlf5.png,channel-playlist:free-tv-br
Canais,Italy,Radio m2o Tv,https://4c4b867c89244861ac216426883d1ad0.msvdn.net/live/S62628868/uhdWBlkC1AoO/playlist.m3u8,https://i.imgur.com/wl30UFj.png,channel-playlist:free-tv-br
Canais,Italy,Radio Monte Kronio Tv (R.M.K.),https://648026e87a75e.streamlock.net/rmktv/rmktv/playlist.m3u8,https://i.imgur.com/t0I2Shi.jpg,channel-playlist:free-tv-br
Canais,Italy,Radio Norba Tv,https://router.xdevel.com/video0s975885-462/stream/playlist_dvr.m3u8,https://i.imgur.com/qftBPM9.png,channel-playlist:free-tv-br
Canais,Italy,Radio Piter Pan Tv,https://tvd-piter.fluid.stream/RadioPiterpanTV/livestream/chunklist_w1866496033.m3u8,https://uaznao.com/wp-content/uploads/2023/03/radiopiterpan.png,channel-playlist:free-tv-br
Canais,Italy,Radio Radio Tv,https://200912.global.ssl.fastly.net/646b335e2291a2022444bb7c/live_22f84390fe1411ed919df3da85a483cc/rewind-14400.m3u8,https://i.imgur.com/iKuRg2b.png,channel-playlist:free-tv-br
Canais,Italy,Radio Radiosa Tv,https://stream7.zivoli.it/radiosatv/radiosatv/playlist.m3u8,https://i.imgur.com/8kqyxvz.png,channel-playlist:free-tv-br
Canais,Italy,Radio Roma,https://585b674743bbb.streamlock.net/9044/9044/playlist.m3u8,https://i.imgur.com/RKvfStm.png,channel-playlist:free-tv-br
Canais,Italy,Radio Roma Television,https://5926fc9c7c5b2.streamlock.net/rtfeunawfu/rtfeunawfu/playlist.m3u8,https://i.imgur.com/RKvfStm.png,channel-playlist:free-tv-br
Canais,Italy,Ran Friul,https://5f22d76e220e1.streamlock.net/RanFriul/RanFriul/playlist.m3u8,https://i.imgur.com/Qs5eQPM.png,channel-playlist:free-tv-br
Canais,Italy,RDE Tv,https://rst2.saiuzwebnetwork.it:8081/rdetrieste/index.m3u8,https://i.imgur.com/NiwPlrr.png,channel-playlist:free-tv-br
Canais,Italy,Reggio Tv,https://cdn10.streamshow.it/cloud-reggiotv/reggiotv/playlist.m3u8,https://i.imgur.com/merrg2C.png,channel-playlist:free-tv-br
Canais,Italy,Rei Tv,https://5f22d76e220e1.streamlock.net/reitv/reitv/playlist.m3u8,https://i.imgur.com/YNRWFOo.png,channel-playlist:free-tv-br
Canais,Italy,Rete 55,https://live1.giocabet.tv/stream/6/index.m3u8,https://i.imgur.com/EsZn2cj.png,channel-playlist:free-tv-br
Canais,Italy,Rete 8 Vga,https://604e46ac2bdee.streamlock.net:1936/rete8_1/rete8_1/playlist.m3u8,https://i.imgur.com/3wF2AJX.jpg,channel-playlist:free-tv-br
Canais,Italy,Rete 8,https://64b16f23efbee.streamlock.net/rete8/rete8/playlist.m3u8,https://i.imgur.com/bGsjPRh.png,channel-playlist:free-tv-br
Canais,Italy,Rete 8 Sport,https://64b16f23efbee.streamlock.net/rete8sport/rete8sport/playlist.m3u8,https://i.imgur.com/uUAjWlF.png,channel-playlist:free-tv-br
Canais,Italy,Rete Biella Tv,https://sb.top-ix.org/retebiella/streaming/playlist.m3u8,https://i.imgur.com/e2ryHx7.png,channel-playlist:free-tv-br
Canais,Italy,Rete Mia,https://5db313b643fd8.streamlock.net/rete/rete/playlist.m3u8,https://i.imgur.com/kCJ621Q.png,channel-playlist:free-tv-br
Canais,Italy,Rete Oro Tv,https://5926fc9c7c5b2.streamlock.net/9094/9094/playlist.m3u8,https://i.imgur.com/OCxGtwA.png,channel-playlist:free-tv-br
Canais,Italy,Rete Sole,https://5926fc9c7c5b2.streamlock.net/9332/9332/playlist.m3u8,https://i.imgur.com/u0ezKgE.png,channel-playlist:free-tv-br
Canais,Italy,Rete Tv Italia,https://57068da1deb21.streamlock.net/retetvitalia/retetvitalia/playlist.m3u8,https://i.imgur.com/lXGWoV9.png,channel-playlist:free-tv-br
Canais,Italy,Rete Veneta,http://wms.shared.streamshow.it/reteveneta/reteveneta/playlist.m3u8,https://i.imgur.com/cInhQFp.png,channel-playlist:free-tv-br
Canais,Italy,Roma Tv 82,https://streaming.softwarecreation.it/RomaCH71/RomaCH71/playlist.m3u8,https://i.imgur.com/C3UnlFF.png,channel-playlist:free-tv-br
Canais,Italy,Rossini Tv,https://stream.rossinitv.it/memfs/3bca4ad7-adfc-4610-ac0e-e826743ddc57.m3u8,https://i.imgur.com/K0Em0nx.jpg,channel-playlist:free-tv-br
Canais,Italy,RTC Quarta Rete,https://msh0232.stream.seeweb.it/live/stream00.sdp/playlist.m3u8,https://i.imgur.com/rFGA6qL.png,channel-playlist:free-tv-br
Canais,Italy,RTC Telecalabria,https://w1.mediastreaming.it/calabriachannel/livestream/playlist.m3u8,https://i.imgur.com/tTYLcuh.jpg,channel-playlist:free-tv-br
Canais,Italy,RTI Calabria,https://stream.ets-sistemi.it:8081/rticalabria/index.m3u8,https://i.imgur.com/hVzEvmo.jpg,channel-playlist:free-tv-br
Canais,Italy,RTL 102.5 + Plus,https://streamcdng14-dd782ed59e2a4e86aabf6fc508674b59.msvdn.net/live/S82929343/cAcsSu4Wecc5/chunklist_b5256000.m3u8,https://i.imgur.com/mPqDtCO.png,channel-playlist:free-tv-br
Canais,Italy,RTM Manduria,https://5f22d76e220e1.streamlock.net/rtm/rtm/playlist.m3u8,https://i.imgur.com/WwzU0EP.png,channel-playlist:free-tv-br
Canais,Italy,RTR99 Tv,https://5e73cf528f404.streamlock.net/RTR99TV/livestream/playlist.m3u8,https://i.imgur.com/mkO95pD.png,channel-playlist:free-tv-br
Canais,Italy,Rtp Tv,http://flash2.xdevel.com/rtptv/rtptv/playlist.m3u8,https://i.imgur.com/I1hYI0C.png,channel-playlist:free-tv-br
Canais,Italy,Rttr,https://5f204aff97bee.streamlock.net/RTTRlive/livestream/playlist.m3u8,https://i.imgur.com/z7xMArA.png,channel-playlist:free-tv-br
Canais,Italy,Rtv 38 Toscana,https://845d8509d2cb4f249dd0b2ae5755b6c2.msvdn.net/rtv38/rtv38_live_main/mainabr/playlist_dvr.m3u8,https://i.imgur.com/xqlhJqK.png,channel-playlist:free-tv-br
Canais,Italy,SL 48 Tv,http://media.velcom.it:1935/sl48/sl48/playlist.m3u8,https://i.imgur.com/b58oouu.jpg,channel-playlist:free-tv-br
Canais,Italy,ST Europe Channel,https://5f22d76e220e1.streamlock.net/steuropetv/steuropetv/playlist.m3u8,https://i.imgur.com/QpPgSfr.png,channel-playlist:free-tv-br
Canais,Italy,Sardegna 1,https://7e1cc2454f2242afabe05cc0a2f483cd.msvdn.net/live/S30721796/ZS3Xu8mn5f0J/playlist.m3u8,https://i.imgur.com/YNEW2h2.png,channel-playlist:free-tv-br
Canais,Italy,Set Tv Cilento,https://stream1.aswifi.it/settv/live/index.m3u8,https://i.imgur.com/qN5D1jD.png,channel-playlist:free-tv-br
Canais,Italy,Sesta Rete,https://stream10.xdevel.com/video0s977089-1792/stream/playlist.m3u8,https://i.imgur.com/0B0S2gI.png,channel-playlist:free-tv-br
Canais,Italy,Sicilia 24 Tv,https://5f22d76e220e1.streamlock.net/sicilia24/sicilia24/playlist.m3u8,https://i.imgur.com/GhQX36O.png,channel-playlist:free-tv-br
Canais,Italy,Sicilia Tv,https://stream9.xdevel.com/video0s976441-1226/stream/playlist.m3u8,https://i.imgur.com/I5FoThW.png,channel-playlist:free-tv-br
Canais,Italy,Sienatv,https://router.xdevel.com/video0s976727-1441/stream/playlist.m3u8,https://i.imgur.com/gcysky4.png,channel-playlist:free-tv-br
Canais,Italy,Sophia Tv,https://bild-und-ton.stream/sophiatv-it/smil:sophia-tv-it.smil/playlist.m3u8,https://i.imgur.com/fiLNK3b.jpg,channel-playlist:free-tv-br
Canais,Italy,Stiletv,https://proxy.media.convergenze.it/stiletv/streams/oQOFd7JglHjO1631525551097.m3u8,https://i.imgur.com/ZP3cJi7.png,channel-playlist:free-tv-br
Canais,Italy,Super J Tv,https://59d39900ebfb8.streamlock.net/SuperJtv/SuperJtv/playlist.m3u8,https://i.imgur.com/5oy5Nuu.png,channel-playlist:free-tv-br
Canais,Italy,Super Six,https://5db313b643fd8.streamlock.net/SUPERSIXLombardia/SUPERSIXLombardia/playlist.m3u8,https://i.imgur.com/kHSuyub.png,channel-playlist:free-tv-br
Canais,Italy,Supertv,http://wms.shared.streamshow.it:1935/supertv/supertv/live.m3u8,https://i.imgur.com/7gUZcEh.png,channel-playlist:free-tv-br
Canais,Italy,T9,https://streaming.softwarecreation.it/tnove/tnove/playlist.m3u8,https://i.imgur.com/XzL05Py.png,channel-playlist:free-tv-br
Canais,Italy,TRC Santeramo,https://stream7.livinlive.it/trc/trc/playlist.m3u8,https://i.imgur.com/VbYdS8P.jpg,channel-playlist:free-tv-br
Canais,Italy,TRL Tele Radio Leo,https://5db313b643fd8.streamlock.net/TRL/TRL/playlist.m3u8,https://i.imgur.com/qAagkJT.png,channel-playlist:free-tv-br
Canais,Italy,TSD Tv Arezzo(Tele San Domenico),https://stream.mariatvcdn.com/tsd/7c59373bfdb38201b9215ff86f0ce6af.sdp/playlist.m3u8,https://i.imgur.com/WQ8eQXc.png,channel-playlist:free-tv-br
Canais,Italy,TVL (TV Libera Pistoia),http://live.mariatvcdn.com/mariatvcdn/70564e1c6884c007c76f0c128d679eed.sdp/mono.m3u8,https://i.imgur.com/07geF0L.png,channel-playlist:free-tv-br
Canais,Italy,Tcf Tv,https://stream10.xdevel.com/video1s977294-1864/stream/playlist.m3u8,https://i.imgur.com/fiylFs2.jpg,channel-playlist:free-tv-br
Canais,Italy,Tci,https://tbn-jw.cdn.vustreams.com/live/tci/live.isml/2b7d53c5-b504-4d26-b25f-a70deb8d0faf.m3u8,https://i.imgur.com/lCZTaKs.jpg,channel-playlist:free-tv-br
Canais,Italy,Teatro Tv,https://m.iostream.it/hls/teatrotv/teatrotv.m3u8,https://i.imgur.com/UsvffQL.png,channel-playlist:free-tv-br
Canais,Italy,Tele A,https://lostream.it/hls/telea/video.m3u8,https://i.imgur.com/l7Za9KH.jpg,channel-playlist:free-tv-br
Canais,Italy,Tele Abruzzo Tv,http://uk4.streamingpulse.com:1935/TeleabruzzoTV/TeleabruzzoTV/playlist.m3u8,https://i.imgur.com/koB8J4b.jpg,channel-playlist:free-tv-br
Canais,Italy,Tele Acras,https://5db313b643fd8.streamlock.net/teleacras/teleacras/playlist.m3u8,https://i.imgur.com/90Lsv8q.png,channel-playlist:free-tv-br
Canais,Italy,Tele Arena,https://5e73cf528f404.streamlock.net/TeleArena/TeleArena.stream/playlist.m3u8,https://i.imgur.com/9hsoWMO.png,channel-playlist:free-tv-br
Canais,Italy,Tele Bari,https://w1.mediastreaming.it/telebari/livestream/playlist.m3u8,https://i.imgur.com/HYSz4rx.png,channel-playlist:free-tv-br
Canais,Italy,Tele Belluno,https://live.mariatvcdn.com/telebelluno/a3b80388da9801906adf885282e73bc3.sdp/mono.m3u8,https://i.imgur.com/YiM2Z7E.png,channel-playlist:free-tv-br
Canais,Italy,Tele Boario,https://stream7.xdevel.com/video0s976425-1244/stream/playlist_dvr.m3u8,https://i.imgur.com/LlLD3L6.png,channel-playlist:free-tv-br
Canais,Italy,Tele Bruzzano,https://playerssl.telemia.tv/fileadmin/hls/Telebruzzano/telebruzzano_mediachunks.m3u8,https://i.imgur.com/7TWbCDt.jpg,channel-playlist:free-tv-br
Canais,Italy,Tele Chiara,http://fms.tvavicenza.it:1935/telechiara/diretta/playlist.m3u8,https://i.imgur.com/Q5XpnXR.png,channel-playlist:free-tv-br
Canais,Italy,Telecolor,https://1aadf145546f475282c5b4e658c0ac4b.msvdn.net/live/324149/hlbAWtl/playlist.m3u8,https://i.imgur.com/urUG78J.png,channel-playlist:free-tv-br
Canais,Italy,Telecolor Sicilia,https://antennasicilialive.cdn.netrw.it/antennasicilialive/hls/ccr/telecolor/master.m3u8,https://i.imgur.com/rfNg6fw.png,channel-playlist:free-tv-br
Canais,Italy,Tele Cupole,https://nrvideo1.newradio.it/euhsbdamnx/euhsbdamnx/playlist.m3u8,https://i.imgur.com/ZmUI9zb.png,channel-playlist:free-tv-br
Canais,Italy,Tele Estense,https://5e73cf528f404.streamlock.net/TeleEstense/livestream/playlist.m3u8,https://i.imgur.com/X7i7DWo.png,channel-playlist:free-tv-br
Canais,Italy,Tele Foggia,https://59d7d6f47d7fc.streamlock.net/telefoggia/telefoggia/playlist.m3u8,https://i.imgur.com/M7tqBu9.jpg,channel-playlist:free-tv-br
Canais,Italy,Tele Friuli,https://5757bf2aa08e42248fb9b9d620f5d900.msvdn.net/live/S11646715/pE3ax0lT0rBd/playlist.m3u8,https://i.imgur.com/AoQxZxD.png,channel-playlist:free-tv-br
Canais,Italy,Tele Ischia,https://rst.saiuzwebnetwork.it:8081/teleischia/index.m3u8,https://i.imgur.com/vihHVQn.jpg,channel-playlist:free-tv-br
Canais,Italy,Tele Jonio,http://59d7d6f47d7fc.streamlock.net/telejonio/telejonio/playlist.m3u8,https://i.imgur.com/qJeDV8R.png,channel-playlist:free-tv-br
Canais,Italy,Tele Liberta' HD,https://streaming.liberta.it/hls/liberta.m3u8,https://i.imgur.com/XzAB5k7.jpg,channel-playlist:free-tv-br
Canais,Italy,Tele Liguria Sud,https://64b16f23efbee.streamlock.net/teleliguriasud/teleliguriasud/playlist.m3u8,https://i.imgur.com/BeLAYJ6.jpg,channel-playlist:free-tv-br
Canais,Italy,Tele Mantova,https://5ce9406b73c33.streamlock.net/TeleMantova/livestream/playlist.m3u8,https://i.imgur.com/bkSPcs4.png,channel-playlist:free-tv-br
Canais,Italy,Tele Mia,https://playerssl.telemia.tv/fileadmin/hls/TelemiaHD/telemia85_mediachunks.m3u8,https://i.imgur.com/SdXpCwL.png,channel-playlist:free-tv-br
Canais,Italy,Tele Mia Extra,https://playerssl.telemia.tv/fileadmin/hls/TelemiaExtra/telemiaextra_mediachunks.m3u8,https://i.imgur.com/upzBG32.png,channel-playlist:free-tv-br
Canais,Italy,Tele Mistretta,https://live.mariatvcdn.com/telemistretta/8fbcd205ada81b295ee6c211c3a80dde.sdp/playlist.m3u8,https://i.imgur.com/OJ3zUS0.png,channel-playlist:free-tv-br
Canais,Italy,Tele Molise,http://185.202.128.1:1935/Telemolise4K/Telemolise4K/playlist.m3u8,https://i.imgur.com/u5VD0x9.png,channel-playlist:free-tv-br
Canais,Italy,Tele Nord Genova,https://64b16f23efbee.streamlock.net/telenord/telenord/playlist.m3u8,https://i.imgur.com/I6yegEK.png,channel-playlist:free-tv-br
Canais,Italy,TG Norba 24,https://live-telenorba.cdn.netrw.it/telenorba/hls/ccr/tgnorba/master.m3u8,https://upload.wikimedia.org/wikipedia/commons/thumb/1/15/Tg_norba24.png/500px-Tg_norba24.png,channel-playlist:free-tv-br
Canais,Italy,Telenorba,https://live-telenorba.cdn.netrw.it/telenorba/hls/ccr/telenorba/master.m3u8,https://upload.wikimedia.org/wikipedia/it/thumb/2/2c/Telenorba_-_logo.svg/500px-Telenorba_-_logo.svg.png,channel-playlist:free-tv-br
Canais,Italy,Tele Nostra,https://13574-8.b.cdn12.com/hls/f099fa8883.ulive/_c/master.m3u8,https://i.imgur.com/FACahKZ.png,channel-playlist:free-tv-br
Canais,Italy,Tele Occidente,https://stream9.xdevel.com/video0s976532-1292/stream/playlist.m3u8,https://i.imgur.com/3aOiWKa.png,channel-playlist:free-tv-br
Canais,Italy,Tele Oltre,http://1se1.troydesign.eu/np_teleoltre/_definst_/channel1_np_teleoltre/playlist.m3u8?ext=.m3u8,https://i.imgur.com/PxtJAxs.png,channel-playlist:free-tv-br
Canais,Italy,Tele One,https://648026e87a75e.streamlock.net/teleone/teleone/playlist.m3u8,https://i.imgur.com/9trB6mj.png,channel-playlist:free-tv-br
Canais,Italy,Tele Pace Trento,https://5a1178b42cc03.streamlock.net/telepacetrento/telepacetrento/playlist.m3u8,https://i.imgur.com/o5sQCpF.png,channel-playlist:free-tv-br
Canais,Italy,Tele Pavia,http://wms.shared.streamshow.it:1935/telepavia/telepavia/live.m3u8,https://i.imgur.com/YVodo4T.png,channel-playlist:free-tv-br
Canais,Italy,Tele Pegaso,https://flash2.xdevel.com/telepegasocanale812/telepegasocanale812/playlist.m3u8,https://i.imgur.com/FQkM8Vd.png,channel-playlist:free-tv-br
Canais,Italy,Tele Piadena,https://stream3.xdevel.com/video0s975441-151/stream/playlist_dvr.m3u8,https://i.imgur.com/VqaPuQN.png,channel-playlist:free-tv-br
Canais,Italy,Tele Pordenone,https://video.wifi4all.it/telepn/telepn.m3u8,https://i.imgur.com/dbYwXwg.png,channel-playlist:free-tv-br
Canais,Italy,Tele Quattro Trieste,http://wms.shared.streamshow.it/telequattro/telequattro/playlist.m3u8,https://i.imgur.com/MFxQxve.png,channel-playlist:free-tv-br
Canais,Italy,Tele Radio Ercolano,https://rst.saiuzwebnetwork.it:19360/teleradioercolano-1/teleradioercolano-1.m3u8,https://i.imgur.com/YPuoy8N.jpg,channel-playlist:free-tv-br
Canais,Italy,Tele Radio Pace 1,https://jk3lz2bwlw79-hls-live.mariatvcdn.it/teleradiopace1/efcc8fc46cab26315ce3f5845d76008f.sdp/playlist.m3u8,https://i.imgur.com/ORkkXM8.png,channel-playlist:free-tv-br
Canais,Italy,Tele Radio Pace 2,https://zkpywrbgdbeg-hls-live.mariatvcdn.it/teleradiopace2/254c9b5c52a73a94ef0f6169cbd05dc2.sdp/playlist.m3u8,https://i.imgur.com/U4E3eEr.png,channel-playlist:free-tv-br
Canais,Italy,Tele Radio Pace 3,https://932y4273djv8-hls-live.mariatvcdn.it/teleradiopace3/d2274c22e9ee09eb2eda01ed0496f8f5.sdp/playlist.m3u8,https://i.imgur.com/pTqIxFD.png,channel-playlist:free-tv-br
Canais,Italy,Tele Radio Pace 4,https://j78dpr7nyq5r-hls-live.mariatvcdn.it/teleradiopace4/13d74f2cfe921bfbc262697203d47d8f.sdp/playlist.m3u8,https://i.imgur.com/KPHHsN5.png,channel-playlist:free-tv-br
Canais,Italy,Tele Radio Orte,https://flash2.xdevel.com/ortetv/ortetv/index.m3u8,https://i.imgur.com/uX2uxvN.png,channel-playlist:free-tv-br
Canais,Italy,Tele Radio Sciacca,https://5db313b643fd8.streamlock.net/teleradiosciaccatv/teleradiosciaccatv/playlist.m3u8,https://i.imgur.com/suhz5mE.png,channel-playlist:free-tv-br
Canais,Italy,Tele Sirio,https://www.telesirio.it/live/stream.m3u8,https://i.imgur.com/mDN6QX1.png,channel-playlist:free-tv-br
Canais,Italy,Tele Spazio Messina,https://rtm.cyberspazio.cloud:5443/LiveApp/streams/049229794390395765037801.m3u8,https://i.imgur.com/Io5w6lT.png,channel-playlist:free-tv-br
Canais,Italy,Tele Sud Puglia,https://64b16f23efbee.streamlock.net/telesud/telesud/playlist.m3u8,https://i.imgur.com/fqTLtvs.png,channel-playlist:free-tv-br
Canais,Italy,Tele Tricolore,https://59d7d6f47d7fc.streamlock.net/rs2/rs2/playlist.m3u8,https://i.imgur.com/A2XouAd.png,channel-playlist:free-tv-br
Canais,Italy,Tele Tutto,https://600f07e114306.streamlock.net/TT_TELETUTTO/smil:TT.smil/playlist.m3u8,https://i.imgur.com/sZxMP7g.png,channel-playlist:free-tv-br
Canais,Italy,Tele Tutto 2,https://600f07e114306.streamlock.net/TT2_TELETUTTO/livestream/playlist.m3u8,https://i.imgur.com/mxXbMaw.png,channel-playlist:free-tv-br
Canais,Italy,Tele Tutto 24,https://600f07e114306.streamlock.net/TT24_TELETUTTO/livestream/playlist.m3u8,https://i.imgur.com/weKWQgx.png,channel-playlist:free-tv-br
Canais,Italy,Tele Venezia,https://59d7d6f47d7fc.streamlock.net/televenezia/televenezia/playlist.m3u8,https://i.imgur.com/SavGpCE.jpg,channel-playlist:free-tv-br
Canais,Italy,Tele Video Agrigento (T.V.A.),https://59d7d6f47d7fc.streamlock.net/tva/tva/playlist.m3u8,https://i.imgur.com/AaPr63E.png,channel-playlist:free-tv-br
Canais,Italy,Tele8 Tv,https://57068da1deb21.streamlock.net/teletv8/teletv8/playlist.m3u8,https://i.imgur.com/dM0HE6O.png,channel-playlist:free-tv-br
Canais,Italy,TeleAmbiente,https://5f22d76e220e1.streamlock.net/teleambiente2024/teleambiente2024/playlist.m3u8,https://i.imgur.com/jxZcQhU.png,channel-playlist:free-tv-br
Canais,Italy,Telecampione,https://5f22d76e220e1.streamlock.net/telecampione/telecampione/playlist.m3u8,https://i.imgur.com/LhjwmME.png,channel-playlist:free-tv-br
Canais,Italy,Telecittà Padova,https://tango.wifi4all.it/telecitta/telecitta.m3u8,https://i.imgur.com/xvVgEaA.jpg,channel-playlist:free-tv-br
Canais,Italy,Telecity Lombardia,https://64b16f23efbee.streamlock.net/telecitylombardia/telecitylombardia/playlist.m3u8,https://i.imgur.com/ECvJ3ZD.jpeg,channel-playlist:free-tv-br
Canais,Italy,Telecity Piemonte,https://64b16f23efbee.streamlock.net/telecitypiemonte/telecitypiemonte/playlist.m3u8,https://i.imgur.com/CrlzHjv.jpeg,channel-playlist:free-tv-br
Canais,Italy,Telecity Valle D'Aosta,https://64b16f23efbee.streamlock.net/telecityvda/telecityvda/playlist.m3u8,https://i.imgur.com/T9EsAOX.jpeg,channel-playlist:free-tv-br
Canais,Italy,TeleCostaSmeralda,https://7e1cc2454f2242afabe05cc0a2f483cd.msvdn.net/tcs_live/tcs/tcs/playlist.m3u8,https://i.imgur.com/QLqkbss.png,channel-playlist:free-tv-br
Canais,Italy,Telegenova,https://64b16f23efbee.streamlock.net/telegenova/telegenova/playlist.m3u8,https://i.imgur.com/D6HC0So.png,channel-playlist:free-tv-br
Canais,Italy,Teleiblea,https://5f22d76e220e1.streamlock.net/teleiblea/teleiblea/playlist.m3u8,https://i.imgur.com/n1THygZ.png,channel-playlist:free-tv-br
Canais,Italy,Teleitalia 41,https://streaming.softwarecreation.it/teleitalia/teleitalia/playlist.m3u8,https://i.imgur.com/lTuPSOn.png,channel-playlist:free-tv-br
Canais,Italy,Telejato,https://telejato.liberotratto.com/hls/stream.m3u8,https://i.imgur.com/r3Dqzdj.png,channel-playlist:free-tv-br
Canais,Italy,Teleleonessa,http://wms.shared.streamshow.it:1935/teleleonessa/teleleonessa/live.m3u8,https://i.imgur.com/jq3etlV.png,channel-playlist:free-tv-br
Canais,Italy,TeleMajg,https://59d7d6f47d7fc.streamlock.net/telemajg/telemajg/playlist.m3u8,https://i.imgur.com/9tefonp.jpg,channel-playlist:free-tv-br
Canais,Italy,Telenova,https://64b16f23efbee.streamlock.net/telenova/telenova/playlist.m3u8,https://i.imgur.com/x41IkJK.png,channel-playlist:free-tv-br
Canais,Italy,Telerama,https://58d921499d3d3.streamlock.net/TeleRama/livestream/playlist.m3u8,https://i.imgur.com/enfqUlI.jpg,channel-playlist:free-tv-br
Canais,Italy,TeleRegione,https://streaming.softwarecreation.it/TR118/TR118/playlist.m3u8,https://i.imgur.com/i5WozUP.png,channel-playlist:free-tv-br
Canais,Italy,TeleRegione Color,https://live.antennasudwebtv.it:9443/hls/vodtele.m3u8,https://i.imgur.com/vi5Nf3S.png,channel-playlist:free-tv-br
Canais,Italy,TeleRegione Live,https://5f22d76e220e1.streamlock.net/galluralive/galluralive/playlist.m3u8,https://i.imgur.com/DBrt8L3.png,channel-playlist:free-tv-br
Canais,Italy,TeleRent 7Gold,https://router.xdevel.com/video0s86-21/stream/playlist.m3u8,https://i.imgur.com/YZadq0M.png,channel-playlist:free-tv-br
Canais,Italy,Telereporter,https://5f22d76e220e1.streamlock.net/telereporter/telereporter/playlist.m3u8,https://i.imgur.com/WIo6SPc.png,channel-playlist:free-tv-br
Canais,Italy,Teleromagna,https://livetr.teleromagna.it/teleromagna/live/playlist.m3u8,https://i.imgur.com/4jWadI8.png,channel-playlist:free-tv-br
Canais,Italy,Teleromagna 24,https://livetr.teleromagna.it/mia/live/playlist.m3u8,https://i.imgur.com/Bpml478.png,channel-playlist:free-tv-br
Canais,Italy,TeleRomaDue,https://57068da1deb21.streamlock.net/teletibur/teletibur/playlist.m3u8,https://i.imgur.com/78hA7ma.png,channel-playlist:free-tv-br
Canais,Italy,Telesud Trapani,https://64b16f23efbee.streamlock.net/telesudtrapani/telesudtrapani/playlist.m3u8,https://i.imgur.com/tpZvU1P.png,channel-playlist:free-tv-br
Canais,Italy,Telesveva,https://dc3.telesveva.com:4433/cmaf/livetv/index.mpd,https://i.imgur.com/SCDETZC.jpeg,channel-playlist:free-tv-br
Canais,Italy,Teleuniverso,https://stream.ets-sistemi.it:19360/teleuniverso/teleuniverso.m3u8,https://i.imgur.com/u8E9wBb.png,channel-playlist:free-tv-br
Canais,Italy,Televallo Trapani,https://64b16f23efbee.streamlock.net/televallo/televallo/playlist.m3u8,https://i.imgur.com/P6zuiRH.png,channel-playlist:free-tv-br
Canais,Italy,TG Norba 24,https://router.xdevel.com/video0s976570-1326/stream/playlist_dvr.m3u8,https://i.imgur.com/9MhrrJK.png,channel-playlist:free-tv-br
Canais,Italy,TLT Molise,https://5f22d76e220e1.streamlock.net/tltmolise/tltmolise/playlist.m3u8,https://i.imgur.com/wgwD7gh.png,channel-playlist:free-tv-br
Canais,Italy,Top Calcio 24,https://sportitaliaamd.akamaized.net/live/Telelombardia/hls/1CCCD0BCA2F9C979BC0632230F8E31EAEA41562B/index.m3u8,https://i.imgur.com/DnVPKPE.png,channel-playlist:free-tv-br
Canais,Italy,Tremedia Tv,https://stream4.xdevel.com/video0s976062-1263/stream/playlist_dvr.m3u8,https://i.imgur.com/dqRV1ff.jpeg,channel-playlist:free-tv-br
Canais,Italy,Trentino Tv,https://5e73cf528f404.streamlock.net/TrentinoTV/livestream/playlist.m3u8,https://i.imgur.com/ROKOCR2.png,channel-playlist:free-tv-br
Canais,Italy,Tuscia Sabina 2000Tv,http://ts2000tv.streaming.nextware.it:8081/ts2000tv/ts2000tv/chunks.m3u8,https://i.imgur.com/Tq5nEAy.png,channel-playlist:free-tv-br
Canais,Italy,Tv 12,https://59d7d6f47d7fc.streamlock.net/tv12/tv12/playlist.m3u8,https://i.imgur.com/oxv08pJ.png,channel-playlist:free-tv-br
Canais,Italy,Tv Campi Flegrei,https://tv.radiosaiuz.com:3836/live/campiflegreilive.m3u8,https://i.imgur.com/9d2K1nX.png,channel-playlist:free-tv-br
Canais,Italy,Tv Luna Napoli,https://diretta.arcapuglia.it:8080/live/teleluna/index.m3u8,https://i.imgur.com/jxhuoyE.png,channel-playlist:free-tv-br
Canais,Italy,Tv Prato,https://live.mariatvcdn.com/tvprato/2db0dd5674586686a867ec52c3aa8e06.sdp/mono.m3u8,https://i.imgur.com/zDeVpZd.png,channel-playlist:free-tv-br
Canais,Italy,Tv Qui Modena,https://59d7d6f47d7fc.streamlock.net/tvqui/tvqui/playlist.m3u8,https://i.imgur.com/4bOYlfg.png,channel-playlist:free-tv-br
Canais,Italy,Tv Uno,http://ftp.tiscali.it/francescovernata/TVUNO/monoscopioTvUNOint-1.wmv,https://i.imgur.com/OtCwYsh.jpg,channel-playlist:free-tv-br
Canais,Italy,Tv Yes,https://stream1.aswifi.it/radioyes/live/index.m3u8,https://i.imgur.com/1wsO8U7.png,channel-playlist:free-tv-br
Canais,Italy,Tva Vicenza,http://fms.tvavicenza.it:1935/live/diretta_1/playlist.m3u8,https://i.imgur.com/FtFuPCC.png,channel-playlist:free-tv-br
Canais,Italy,Tvr Xenon,https://cdn107-ita.azotosolutions.com:8443/cdnedge4/smil:live4.smil/playlist.m3u8,https://i.imgur.com/kLzW1Pf.jpg,channel-playlist:free-tv-br
Canais,Italy,Tvrs Tv,https://cdn8.streamshow.it/cloud-tvrs/tvrs/playlist.m3u8,https://i.imgur.com/6p7hTmY.jpg,channel-playlist:free-tv-br
Canais,Italy,Umbria+ TRT,https://diretta.teleterni.it:8080//show/show.m3u8,https://i.imgur.com/CU6BBgs.png,channel-playlist:free-tv-br
Canais,Italy,Umbria Tv,https://umbriatv.stream.rubidia.it:8083/live/umbriatv/playlist.m3u8,https://i.imgur.com/XKCVEmK.png,channel-playlist:free-tv-br
Canais,Italy,Uno Tv,https://stream1.aswifi.it/unotv/live/index.m3u8,https://i.imgur.com/4PNbqqL.png,channel-playlist:free-tv-br
Canais,Italy,Uno4 Tv,https://cdn.uno4.it/index.m3u8,https://i.imgur.com/wfPPpBA.png,channel-playlist:free-tv-br
Canais,Italy,Vera Tv,http://wms.shared.streamshow.it/veratv/veratv/playlist.m3u8,https://i.imgur.com/djMvkvN.png,channel-playlist:free-tv-br
Canais,Italy,VB33,https://live.ipstream.it/vb33/vb33.stream/playlist.m3u8,https://i.imgur.com/ygDuIxU.png,channel-playlist:free-tv-br
Canais,Italy,Video Calabria,https://a8a02dd9a49a4fc9810743615c65ab73.msvdn.net/live/S76734991/i6NeNqLYaspb/playlist.m3u8,https://i.imgur.com/Bc2AvIm.png,channel-playlist:free-tv-br
Canais,Italy,Video Mediterraneo,https://bfbe5f347ac4424faf719dda285bc39e.msvdn.net/live/S54897858/4gWO7tTzpK3N/playlist.m3u8,https://i.imgur.com/hJHC3uQ.png,channel-playlist:free-tv-br
Canais,Italy,Video Nola,https://videonola.aswifi.it/videonolaabr/live.m3u8,https://i.imgur.com/M5z5UoD.jpg,channel-playlist:free-tv-br
Canais,Italy,Video Regione Sicilia,https://57214cb172d84f8cb311b91513952b03.msvdn.net/live/S40896499/ZuaLjACsWIL4/playlist.m3u8,https://i.imgur.com/0szwnR3.png,channel-playlist:free-tv-br
Canais,Italy,Video Star Tv Sicilia,https://stream9.xdevel.com/video0s976556-1321/stream/playlist.m3u8,https://i.imgur.com/1ddJVZ7.jpg,channel-playlist:free-tv-br
Canais,Italy,Video Touring Tv,https://streamingvideo.auranex.cloud/memfs/70baacad-47c6-41a6-aee0-86530c31e080.m3u8,https://i.imgur.com/E2Feao5.jpg,channel-playlist:free-tv-br
Canais,Italy,Videolina,http://livestreaming.videolina.it/live/Videolina/playlist.m3u8,https://i.imgur.com/bnDZJwd.gif,channel-playlist:free-tv-br
Canais,Italy,Videonovara,https://ed04.top-ix.org/avtvlive/videonovara/streaming/playlist.m3u8,https://i.imgur.com/NnO7E5I.png,channel-playlist:free-tv-br
Canais,Italy,Videotelecarnia,https://rst2.saiuzwebnetwork.it:8081/vtccarnia/index.m3u8,https://i.imgur.com/r4K9JHW.png,channel-playlist:free-tv-br
Canais,Italy,Vintage Radio Tv,https://5f22d76e220e1.streamlock.net/vintageradiotv/vintageradiotv/playlist.m3u8,https://i.imgur.com/n3LtBNT.jpg,channel-playlist:free-tv-br
Canais,Italy,Vuemme Tv,https://5db313b643fd8.streamlock.net/Vuemme/Vuemme/playlist.m3u8,https://i.imgur.com/x5A0xU6.png,channel-playlist:free-tv-br
Canais,Italy,Webcom Tv,https://www.webcomiptv.it/mistserver/passionelotto/index.m3u8,https://i.imgur.com/KLwj2vj.png,channel-playlist:free-tv-br
Canais,Italy,WLTV,https://5db313b643fd8.streamlock.net/WLTV/WLTV/playlist.m3u8,https://i.imgur.com/aL8jKtU.png,channel-playlist:free-tv-br
Canais,Italy,Yvii Tv,https://stream.wired-shop.com/hls/yviitv.m3u8,https://i.imgur.com/yP5AvDo.png,channel-playlist:free-tv-br
Canais,Italy,Zerouno Tv Music,https://5f22d76e220e1.streamlock.net/zerounotvmusic/zerounotvmusic/playlist.m3u8,https://i.imgur.com/r74lqW8.png,channel-playlist:free-tv-br
Canais,Italy,Zerouno Tv News,https://5f22d76e220e1.streamlock.net/01news/01news/playlist.m3u8,https://i.imgur.com/vxRzyjE.png,channel-playlist:free-tv-br
Canais,Italy,Radio Colonna Tv Ⓨ,https://www.youtube.com/radiocolonna/live,https://i.imgur.com/EcQvDfq.png,channel-playlist:free-tv-br
Canais,Italy,TRM h24 Ⓨ,https://www.youtube.com/user/trmh24/live,https://i.imgur.com/d47CdYU.png,channel-playlist:free-tv-br
Canais,Italy,Euronews Italian Ⓨ,https://www.youtube.com/user/euronewsit/live,https://upload.wikimedia.org/wikipedia/commons/thumb/9/9c/Euronews_2022.svg/640px-Euronews_2022.svg.png,channel-playlist:free-tv-br
Canais,Italy,Teleroma 56 Ⓣ,https://www.twitch.tv/teleroma_56,https://i.imgur.com/wGfpUj8.png,channel-playlist:free-tv-br
Canais,Italy,TeleRadioStereo Ⓣ,https://www.twitch.tv/teleradiostereo,https://i.imgur.com/eRNgqnA.png,channel-playlist:free-tv-br
Canais,日本 / Japan,NHK総合 (東京),https://naori-test.netgenx.site/pxx.php?shk_cid=hdgd01#.m3u8,https://i.imgur.com/fAZ2BEZ.png,channel-playlist:free-tv-br
Canais,日本 / Japan,NHK Eテレ（東京）,https://naori-test.netgenx.site/pxx.php?shk_cid=hdgd02#.m3u8,https://i.imgur.com/WxtftlO.png,channel-playlist:free-tv-br
Canais,日本 / Japan,日本テレビ,https://naori-test.netgenx.site/pxx.php?shk_cid=hdgd03#.m3u8,https://i.imgur.com/ecbM7QS.png,channel-playlist:free-tv-br
Canais,日本 / Japan,テレビ朝日,https://naori-test.netgenx.site/pxx.php?shk_cid=hdgd06#.m3u8,https://i.imgur.com/5XnMfcR.png,channel-playlist:free-tv-br
Canais,日本 / Japan,TBSテレビ,https://naori-test.netgenx.site/pxx.php?shk_cid=hdgd04#.m3u8,https://i.imgur.com/jIZ9TlO.png,channel-playlist:free-tv-br
Canais,日本 / Japan,テレビ東京,https://naori-test.netgenx.site/pxx.php?shk_cid=hdgd07#.m3u8,https://i.imgur.com/U8jBxEi.png,channel-playlist:free-tv-br
Canais,日本 / Japan,フジテレビ,https://naori-test.netgenx.site/pxx.php?shk_cid=hdgd05#.m3u8,https://i.imgur.com/epJYc7P.png,channel-playlist:free-tv-br
Canais,日本 / Japan,NHK BS,https://naori-test.netgenx.site/pxx.php?shk_cid=bs02#.m3u8,https://i.imgur.com/t0uZcSR.png,channel-playlist:free-tv-br
Canais,日本 / Japan,BS日テレ,https://naori-test.netgenx.site/pxx.php?shk_cid=bs03#.m3u8,https://i.imgur.com/26ATUNc.png,channel-playlist:free-tv-br
Canais,日本 / Japan,BS朝日,https://naori-test.netgenx.site/pxx.php?shk_cid=bs04#.m3u8,https://i.imgur.com/Cl68ZMA.png,channel-playlist:free-tv-br
Canais,日本 / Japan,BS-TBS,https://naori-test.netgenx.site/pxx.php?shk_cid=bs05#.m3u8,https://i.imgur.com/BSt9UG2.png,channel-playlist:free-tv-br
Canais,日本 / Japan,BSテレ東,https://naori-test.netgenx.site/pxx.php?shk_cid=bs06#.m3u8,https://i.imgur.com/LsQlNcz.png,channel-playlist:free-tv-br
Canais,日本 / Japan,BSフジ,https://naori-test.netgenx.site/pxx.php?shk_cid=bs11#.m3u8,https://i.imgur.com/N4xeDxJ.png,channel-playlist:free-tv-br
Canais,日本 / Japan,BS10,https://naori-test.netgenx.site/pxx.php?shk_cid=bs10#.m3u8,https://i.imgur.com/KPZiuHl.png,channel-playlist:free-tv-br
Canais,日本 / Japan,BS10スターチャンネル,https://naori-test.netgenx.site/pxx.php?shk_cid=bs07#.m3u8,https://i.imgur.com/SN0ED0U.png,channel-playlist:free-tv-br
Canais,日本 / Japan,釣りビジョン,https://stream01.willfonk.com/live_playlist.m3u8?cid=BS251&r=FHD&ccode=JP&m=d0:20:20:04:35:cc&t=0d6938cb3dcf4b79848bc1753a59daf1,https://i.imgur.com/Yc7JvSK.png,channel-playlist:free-tv-br
Canais,日本 / Japan,日本映画専門チャンネル,https://stream01.willfonk.com/live_playlist.m3u8?cid=BS255&r=FHD&ccode=JP&m=d0:20:20:04:35:cc&t=0d6938cb3dcf4b79848bc1753a59daf1,https://i.imgur.com/HdC3Hdc.png,channel-playlist:free-tv-br
Canais,日本 / Japan,ショップチャンネル,https://stream3.shopch.jp/HLS/master.m3u8,https://i.imgur.com/CCMAF7W.png,channel-playlist:free-tv-br
Canais,日本 / Japan,QVC,https://cdn-live1.qvc.jp/iPhone/1501/1501.m3u8,https://i.imgur.com/FznYA39.png,channel-playlist:free-tv-br
Canais,日本 / Japan,東映チャンネル,https://stream01.willfonk.com/live_playlist.m3u8?cid=CS218&r=FHD&ccode=JP&m=d0:20:20:04:35:cc&t=0d6938cb3dcf4b79848bc1753a59daf1,https://www.lyngsat-logo.com/logo/tv/tt/toei_channel.png,channel-playlist:free-tv-br
Canais,日本 / Japan,チャンネルNECO,https://stream01.willfonk.com/live_playlist.m3u8?cid=CS223&r=FHD&ccode=JP&m=d0:20:20:04:35:cc&t=0d6938cb3dcf4b79848bc1753a59daf1,https://www.lyngsat-logo.com/logo/tv/cc/channel-neco-jp.png,channel-playlist:free-tv-br
Canais,日本 / Japan,ムービープラス,https://stream01.willfonk.com/live_playlist.m3u8?cid=CS240&r=FHD&ccode=JP&m=d0:20:20:04:35:cc&t=0d6938cb3dcf4b79848bc1753a59daf1,https://www.lyngsat-logo.com/logo/tv/mm/movie_plus_jp.png,channel-playlist:free-tv-br
Canais,日本 / Japan,GAORA,https://stream01.willfonk.com/live_playlist.m3u8?cid=CS254&r=FHD&ccode=JP&m=d0:20:20:04:35:cc&t=0d6938cb3dcf4b79848bc1753a59daf1,https://i.imgur.com/Myh0PWD.png,channel-playlist:free-tv-br
Canais,日本 / Japan,日テレジータス,https://stream01.willfonk.com/live_playlist.m3u8?cid=CS257&r=FHD&ccode=JP&m=d0:20:20:04:35:cc&t=0d6938cb3dcf4b79848bc1753a59daf1,https://i.imgur.com/xq1VG0E.png,channel-playlist:free-tv-br
Canais,日本 / Japan,ゴルフネットワーク,https://stream01.willfonk.com/live_playlist.m3u8?cid=CS262&r=FHD&ccode=JP&m=d0:20:20:04:35:cc&t=0d6938cb3dcf4b79848bc1753a59daf1,https://i.imgur.com/EVd8Vvp.png,channel-playlist:free-tv-br
Canais,日本 / Japan,時代劇専門チャンネル,https://stream01.willfonk.com/live_playlist.m3u8?cid=CS292&r=FHD&ccode=JP&m=d0:20:20:04:35:cc&t=0d6938cb3dcf4b79848bc1753a59daf1,https://www.lyngsat-logo.com/logo/tv/jj/jidaigeki.png,channel-playlist:free-tv-br
Canais,日本 / Japan,ファミリー劇場,https://stream01.willfonk.com/live_playlist.m3u8?cid=CS293&r=FHD&ccode=JP&m=d0:20:20:04:35:cc&t=0d6938cb3dcf4b79848bc1753a59daf1,https://i.postimg.cc/k5fXKzj3/o023302751417597653027.jpg,channel-playlist:free-tv-br
Canais,日本 / Japan,ホームドラマチャンネル,https://stream01.willfonk.com/live_playlist.m3u8?cid=CS294&r=FHD&ccode=JP&m=d0:20:20:04:35:cc&t=0d6938cb3dcf4b79848bc1753a59daf1,https://www.lyngsat-logo.com/logo/tv/hh/home-drama-channelpng-jp.png,channel-playlist:free-tv-br
Canais,日本 / Japan,チャンネル銀河,https://stream01.willfonk.com/live_playlist.m3u8?cid=CS305&r=FHD&ccode=JP&m=d0:20:20:04:35:cc&t=0d6938cb3dcf4b79848bc1753a59daf1,https://www.lyngsat-logo.com/logo/tv/cc/channel_ginga.png,channel-playlist:free-tv-br
Canais,日本 / Japan,スーパー！ドラマTV,https://stream01.willfonk.com/live_playlist.m3u8?cid=CS310&r=FHD&ccode=JP&m=d0:20:20:04:35:cc&t=0d6938cb3dcf4b79848bc1753a59daf1,https://www.lyngsat-logo.com/logo/tv/ss/super_drama_tv.png,channel-playlist:free-tv-br
Canais,日本 / Japan,アクションチャンネル,https://stream01.willfonk.com/live_playlist.m3u8?cid=CS311&r=FHD&ccode=JP&m=d0:20:20:04:35:cc&t=0d6938cb3dcf4b79848bc1753a59daf1,https://i.imgur.com/K0YyPwC.png,channel-playlist:free-tv-br
Canais,日本 / Japan,Dlife,https://stream01.willfonk.com/live_playlist.m3u8?cid=CS312&r=FHD&ccode=JP&m=d0:20:20:04:35:cc&t=0d6938cb3dcf4b79848bc1753a59daf1,https://i.imgur.com/6gJZHPv.png,channel-playlist:free-tv-br
Canais,日本 / Japan,LaLa TV,https://stream01.willfonk.com/live_playlist.m3u8?cid=CS314&r=FHD&ccode=JP&m=d0:20:20:04:35:cc&t=0d6938cb3dcf4b79848bc1753a59daf1,https://www.lyngsat-logo.com/logo/tv/ll/lala_tv.png,channel-playlist:free-tv-br
Canais,日本 / Japan,Mnet,https://stream01.willfonk.com/live_playlist.m3u8?cid=BS241&r=FHD&ccode=JP&m=d0:20:20:04:35:cc&t=0d6938cb3dcf4b79848bc1753a59daf1,https://www.lyngsat.com/logo/tv/mm/m_net_jp.png,channel-playlist:free-tv-br
Canais,日本 / Japan,Music ON TV!（エムオン）,https://stream01.willfonk.com/live_playlist.m3u8?cid=CS325&r=FHD&ccode=JP&m=d0:20:20:04:35:cc&t=0d6938cb3dcf4b79848bc1753a59daf1,https://www.lyngsat-logo.com/logo/tv/mm/music_on_tv.png,channel-playlist:free-tv-br
Canais,日本 / Japan,歌謡ポップスチャンネル,https://stream01.willfonk.com/live_playlist.m3u8?cid=CS329&r=FHD&ccode=JP&m=d0:20:20:04:35:cc&t=0d6938cb3dcf4b79848bc1753a59daf1,https://www.lyngsat-logo.com/logo/tv/kk/kayo-pops-jp.png,channel-playlist:free-tv-br
Canais,日本 / Japan,キッズステーション,https://stream01.willfonk.com/live_playlist.m3u8?cid=CS330&r=FHD&ccode=JP&m=d0:20:20:04:35:cc&t=0d6938cb3dcf4b79848bc1753a59daf1,https://www.lyngsat-logo.com/logo/tv/kk/kidsstation.png,channel-playlist:free-tv-br
Canais,日本 / Japan,日テレNEWS24,https://stream01.willfonk.com/live_playlist.m3u8?cid=CS349&r=FHD&ccode=JP&m=d0:20:20:04:35:cc&t=0d6938cb3dcf4b79848bc1753a59daf1,https://i.imgur.com/jtSYegn.png,channel-playlist:free-tv-br
Canais,日本 / Japan,囲碁・将棋チャンネル,https://stream01.willfonk.com/live_playlist.m3u8?cid=CS363&r=FHD&ccode=JP&m=d0:20:20:04:35:cc&t=0d6938cb3dcf4b79848bc1753a59daf1,https://www.lyngsat-logo.com/logo/tv/ii/igoshogi.png,channel-playlist:free-tv-br
Canais,日本 / Japan,GSTV,"https://gstv-tnz-gsmediastreaming.preview-jpea.channel.media.azure.net/dfd06b62-e9d1-4a7f-bcbb-89d2ecbc82ee/preview.ism/manifest(format=mpd-time-csf,audio-only=false)",https://i.imgur.com/ECnVG5I.png,channel-playlist:free-tv-br
Canais,日本 / Japan,NHK WORLD JAPAN,https://master.nhkworld.jp/nhkworld-tv/playlist/live.m3u8,https://i.imgur.com/Mhw1Ihk.png,channel-playlist:free-tv-br
Canais,日本 / Japan,ウェザーニュースLiVE,https://rch01e-alive-hls.akamaized.net/38fb45b25cdb05a1/out/v1/4e907bfabc684a1dae10df8431a84d21/index.m3u8,https://channel.rakuten.co.jp/service/img/logo/chlogo-with-number/106_whethernews.png,channel-playlist:free-tv-br
Canais,日本 / Japan,TOKYO MX チャンネル,https://cdn-uw2-prod.tsv2.amagi.tv/linear/amg01287-rakutentvjapan-tokyomx-cmaf-rakutenjp/playlist.m3u8,https://channel.rakuten.co.jp/service/img/logo/chlogo-with-number/108_mx.png,channel-playlist:free-tv-br
Canais,Kazakhstan,Balapan TV,https://balapantv-stream.qazcdn.com/balapantv/balapantv/playlist.m3u8,,channel-playlist:free-tv-br
Canais,Kazakhstan,Qazaqstan,https://qazaqstantv-stream.qazcdn.com/international/international/playlist.m3u8,,channel-playlist:free-tv-br
Canais,Kenya,KTN NEWS TV,https://www.standardmedia.co.ke/ktnnews/live,https://i.imgur.com/7yzunBK.png,channel-playlist:free-tv-br
Canais,Kenya,Citizen TV,https://citizentv.co.ke/live,https://i.imgur.com/DjDaD7h.png,channel-playlist:free-tv-br
Canais,Kenya,NTV Kenya,https://nation.africa/kenya/tv/live,https://i.imgur.com/OpoLjfv,channel-playlist:free-tv-br
Canais,Kenya,KTN Home,https://www.standardmedia.co.ke/ktnhome/live,https://i.imgur.com/7yzunBK.png,channel-playlist:free-tv-br
Canais,Kenya,K24 TV,https://k24tv.co.ke/live,https://i.imgur.com/ce2P9Y4,channel-playlist:free-tv-br
Canais,Korea,KBS 1TV,http://mytv.dothome.co.kr/ch/public/1.php,https://upload.wikimedia.org/wikipedia/commons/thumb/d/d5/KBS_1_logo.svg/500px-KBS_1_logo.svg.png,channel-playlist:free-tv-br
Canais,Korea,KBS 2TV,http://ye23.vip/z7z8/2021/kbs2020.php?id=2,https://upload.wikimedia.org/wikipedia/commons/thumb/2/26/KBS_2_logo.svg/500px-KBS_2_logo.svg.png,channel-playlist:free-tv-br
Canais,Korea,KBS News D,http://ye23.vip/z7z8/2021/kbs2020.php?id=4,https://i.imgur.com/4qKgvHN.png,channel-playlist:free-tv-br
Canais,Korea,EBS 1 Ⓢ,https://ebsonair.ebs.co.kr/ebs1familypc/familypc1m/playlist.m3u8,https://upload.wikimedia.org/wikipedia/commons/thumb/e/e2/EBS_1TV_Logo.svg/500px-EBS_1TV_Logo.svg.png,channel-playlist:free-tv-br
Canais,Korea,EBS 2 Ⓢ,https://ebsonair.ebs.co.kr/ebs2familypc/familypc1m/playlist.m3u8,https://upload.wikimedia.org/wikipedia/commons/thumb/d/db/EBS_2TV_Logo.svg/500px-EBS_2TV_Logo.svg.png,channel-playlist:free-tv-br
Canais,Korea,MBC TV,http://123.254.72.24:1935/tvlive/livestream2/playlist.m3u8,https://upload.wikimedia.org/wikipedia/commons/thumb/6/63/Munhwa_Broadcasting_Company.svg/500px-Munhwa_Broadcasting_Company.svg.png,channel-playlist:free-tv-br
Canais,Korea,SBS TV,https://allanf181.github.io/adaptive-streams/streams/kr/SBSTV.m3u8,https://upload.wikimedia.org/wikipedia/commons/thumb/9/90/SBS_Korea_Logo_%28Word_Only%29.svg/500px-SBS_Korea_Logo_%28Word_Only%29.svg.png,channel-playlist:free-tv-br
Canais,Korea,KNN TV,http://211.220.195.200:1935/live/mp4:KnnTV.sdp/playlist.m3u8,https://upload.wikimedia.org/wikipedia/commons/thumb/6/65/KNN_logo.svg/500px-KNN_logo.svg.png,channel-playlist:free-tv-br
Canais,Korea,KBC TV,http://119.200.131.11:1935/KBCTV/tv/playlist.m3u8,https://upload.wikimedia.org/wikipedia/commons/thumb/3/32/KBC_Gwangju_Broadcasting_logo.svg/500px-KBC_Gwangju_Broadcasting_logo.svg.png,channel-playlist:free-tv-br
Canais,Korea,TJB TV,http://1.245.74.5:1935/live/tv/.m3u8,https://i.imgur.com/q9Nx801.png,channel-playlist:free-tv-br
Canais,Korea,UBC TV,http://59.23.231.102:1935/live/UBCstream/playlist.m3u8,https://upload.wikimedia.org/wikipedia/en/thumb/c/c3/Ubc_logo2.svg/500px-Ubc_logo2.svg.png,channel-playlist:free-tv-br
Canais,Korea,JTV TV,https://61ff3340258d2.streamlock.net/jtv_live/myStream/playlist.m3u8,https://upload.wikimedia.org/wikipedia/commons/thumb/f/fa/Jtv_logo.svg/500px-Jtv_logo.svg.png,channel-playlist:free-tv-br
Canais,Korea,CJB TV,http://1.222.207.80:1935/live/cjbtv/playlist.m3u8,https://i.imgur.com/MvxdZhX.png,channel-playlist:free-tv-br
Canais,Korea,JIBS TV,http://123.140.197.22/stream/1/play.m3u8,https://i.imgur.com/RVWpBoz.png,channel-playlist:free-tv-br
Canais,Korea,OBS TV,https://allanf181.github.io/adaptive-streams/streams/kr/OBSGyeonginTV.m3u8,https://i.imgur.com/oWB3ApR.png,channel-playlist:free-tv-br
Canais,Korea,Arirang,http://amdlive.ctnd.com.edgesuite.net/arirang_1ch/smil:arirang_1ch.smil/playlist.m3u8,https://i.imgur.com/RuHZ6Dx.png,channel-playlist:free-tv-br
Canais,Korea,EBS Kids Ⓢ,https://ebsonair.ebs.co.kr/ebsufamilypc/familypc1m/playlist.m3u8,https://i.imgur.com/62oo8Bx.png,channel-playlist:free-tv-br
Canais,Korea,EBS Plus 1 Ⓢ,https://ebsonair.ebs.co.kr/plus1familypc/familypc1m/playlist.m3u8,https://i.imgur.com/ImUHRG2.png,channel-playlist:free-tv-br
Canais,Korea,EBS Plus 2 Ⓢ,https://ebsonair.ebs.co.kr/plus2familypc/familypc1m/playlist.m3u8,https://i.imgur.com/mgFRZFq.png,channel-playlist:free-tv-br
Canais,Korea,EBS English Ⓢ,https://ebsonair.ebs.co.kr/plus3familypc/familypc1m/playlist.m3u8,https://i.imgur.com/qceaIf7.png,channel-playlist:free-tv-br
Canais,Korea,KBS Drama,http://ye23.vip/z7z8/2021/kbs2020.php?id=5,https://upload.wikimedia.org/wikipedia/commons/thumb/f/f2/KBS_DRAMA.svg/500px-KBS_DRAMA.svg.png,channel-playlist:free-tv-br
Canais,Korea,KBS Joy,http://ye23.vip/z7z8/2021/kbs2020.php?id=6,https://upload.wikimedia.org/wikipedia/commons/thumb/6/6b/KBS_JOY.svg/500px-KBS_JOY.svg.png,channel-playlist:free-tv-br
Canais,Korea,KBS Kids,http://ye23.vip/z7z8/2021/kbs2020.php?id=9,https://upload.wikimedia.org/wikipedia/commons/thumb/a/a5/KBS_kids.svg/500px-KBS_kids.svg.png,channel-playlist:free-tv-br
Canais,Korea,KBS Life,http://ye23.vip/z7z8/2021/kbs2020.php?id=7,https://upload.wikimedia.org/wikipedia/commons/thumb/6/64/KBS_Life.svg/500px-KBS_Life.svg.png,channel-playlist:free-tv-br
Canais,Korea,KBS Story,http://ye23.vip/z7z8/2021/kbs2020.php?id=8,https://upload.wikimedia.org/wikipedia/commons/thumb/7/7e/KBS_Story.svg/500px-KBS_Story.svg.png,channel-playlist:free-tv-br
Canais,Korea,KBS World,http://ye23.vip/z7z8/2021/kbs2020.php?id=3,https://upload.wikimedia.org/wikipedia/commons/thumb/1/1b/KBS_World_%282009%29.svg/500px-KBS_World_%282009%29.svg.png,channel-playlist:free-tv-br
Canais,Korea,KBS Korea Ⓨ,https://www.youtube.com/c/kbsworldtv/live,https://kbsworldimage.kbs.co.kr/images/layout/logo/logo_korea_n.png,channel-playlist:free-tv-br
Canais,Korea,All the K-Pop Ⓨ,https://www.youtube.com/c/ALLTHEKPOP/live,https://i.imgur.com/tBbTTAx.png,channel-playlist:free-tv-br
Canais,Kosovo,RTK 3,https://gjirafa-video-live.gjirafa.net/gjvideo-livestream/rtk3/index.m3u8,https://i.imgur.com/Ut9VcT3.png,channel-playlist:free-tv-br
Canais,Latvia,ReTV,https://retv2132.bstrm.net/slive/_definst_/retv_retv_channel_5k7_42787_default_891_hls.smil/playlist.m3u8,https://upload.wikimedia.org/wikipedia/lv/thumb/d/db/ReTV_Logo_2022.svg/320px-ReTV_Logo_2022.svg.png,channel-playlist:free-tv-br
Canais,Latvia,TV Jūrmala,https://air.star.lv/TV_Jurmala_multistream/index.m3u8,https://i.imgur.com/tQHkHD0.png,channel-playlist:free-tv-br
Canais,Latvia,Vidusdaugavas Televīzija,https://straume.vdtv.lv/vdtv2/index.m3u8,https://i.imgur.com/L5U3PQR.png,channel-playlist:free-tv-br
Canais,Latvia,LTV1,https://ltvlive3167.bstrm.net/slive/_definst_/ltvlive_dzsv1_8wg_43518_default_1710_hls.smil/playlist.m3u8,https://upload.wikimedia.org/wikipedia/commons/thumb/4/4a/LTV1_%282022%29.svg/768px-LTV1_%282022%29.svg.png,channel-playlist:free-tv-br
Canais,Latvia,LTV7 Ⓖ,https://ltvlive3167.bstrm.net/slive/_definst_/ltvlive_event_3_pg2_44004_default_2306_hls.smil/playlist.m3u8,https://upload.wikimedia.org/wikipedia/commons/thumb/f/f2/LTV7_Logo_2021.svg/768px-LTV7_Logo_2021.svg.png,channel-playlist:free-tv-br
Canais,Lithuania,LRT TV,https://stream-syncwords.lrt.lt/out/v1/channel-group-lrt-portal-prod-01/channel-lrt-portal-prod-01/endpoint-lrt-portal-prod-01/index.m3u8,https://i.imgur.com/FL2ZuGC.png,channel-playlist:free-tv-br
Canais,Lithuania,LRT Lituanica,https://stream-live.lrt.lt/lituanica/master.m3u8,https://upload.wikimedia.org/wikipedia/commons/thumb/d/d2/LRT_Lituanica_Logo_2022.svg/640px-LRT_Lituanica_Logo_2022.svg.png,channel-playlist:free-tv-br
Canais,Lithuania,Lietuvos Rytas TV,https://live.lietuvosryto.tv/live/hls/eteris.m3u8,https://i.imgur.com/5wpxVI0.png,channel-playlist:free-tv-br
Canais,Lithuania,Delfi TV,https://s1.dcdn.lt/live/televizija/playlist.m3u8,https://i.imgur.com/IFoHP5M.png,channel-playlist:free-tv-br
Canais,Luxembourg,RTL Télé Lëtzebuerg,https://live-edge.rtl.lu/channel1/smil:channel1/playlist.m3u8,https://upload.wikimedia.org/wikipedia/commons/thumb/c/c0/RTL_Luxembourg_2023.svg/640px-RTL_Luxembourg_2023.svg.png,channel-playlist:free-tv-br
Canais,Luxembourg,RTL Zwee,https://live-edge.rtl.lu/channel2/smil:channel2/playlist.m3u8,https://upload.wikimedia.org/wikipedia/commons/thumb/4/43/RTL_Zwee_2023.svg/1024px-RTL_Zwee_2023.svg.png,channel-playlist:free-tv-br
Canais,Luxembourg,Chamber TV,https://media02.webtvlive.eu/chd-edge/_definst_/smil:chamber_tv_hd.smil/playlist.m3u8,https://upload.wikimedia.org/wikipedia/commons/thumb/0/01/Logo_of_the_Chamber_of_Deputies_of_Luxembourg.svg/2560px-Logo_of_the_Chamber_of_Deputies_of_Luxembourg.svg.png,channel-playlist:free-tv-br
Canais,Malta,One,https://2-fss-1.streamhoster.com/pl_148/201830-1293592-1/playlist.m3u8,https://i.imgur.com/UPlfzFx.png,channel-playlist:free-tv-br
Canais,Malta,Smash TV,http://a3.smashmalta.com/hls/smash/smash.m3u8,https://i.imgur.com/ZKF0fG3.png,channel-playlist:free-tv-br
Canais,Mexico,Alcarria TV,http://cls.alcarria.tv/live/alcarriatv-livestream.m3u8,https://i.imgur.com/zNSuxVZ.jpg,channel-playlist:free-tv-br
Canais,Mexico,Hipodromo de las Americas,http://wms30.tecnoxia.com/soelvi/abr_soelvi/playlist.m3u8,https://i.imgur.com/wc8MlGw.png,channel-playlist:free-tv-br
Canais,Mexico,MVM NoticiasⓈ,http://dcunilive21-lh.akamaihd.net/i/dclive_1@59479/index_1_av-p.m3u8,https://i.imgur.com/dhLXN9n.png,channel-playlist:free-tv-br
Canais,Mexico,RCG 3 Saltillo,http://wowzacontrol.com:1936/stream56/stream56/playlist.m3u8,https://i.imgur.com/NefH5qZ.png,channel-playlist:free-tv-br
Canais,Mexico,TeleFormula,https://wms60.tecnoxia.com/radiof/abr_radioftele/playlist.m3u8,https://i.imgur.com/jR6taXt.png,channel-playlist:free-tv-br
Canais,Mexico,NRT 4 Monclova,https://59e88b197fb16.streamlock.net:4443/live/canal4/playlist.m3u8,https://i.imgur.com/IudKE0n.png,channel-playlist:free-tv-br
Canais,Mexico,Las Estrellas,https://linear-416.frequency.stream/416/hls/master/playlist.m3u8,https://upload.wikimedia.org/wikipedia/commons/4/41/Las_Estrellas.svg,channel-playlist:free-tv-br
Canais,Moldova,Moldova 1,https://v0.trm.md/static/streaming-playlists/hls/9b79338b-1870-4cd7-91d4-0f6ce5cac7ca/master.m3u8,https://i.imgur.com/ZbQY56v.png,channel-playlist:free-tv-br
Canais,Moldova,Moldova 2,https://v0.trm.md/static/streaming-playlists/hls/d5fafab0-9c37-4746-9e7a-b2d6c0427015/master.m3u8,https://i.imgur.com/Hv6Nk8A.png,channel-playlist:free-tv-br
Canais,Moldova,TVR Moldova Ⓖ,https://tvr-moldova.lg.mncdn.com/tvrmoldova/smil:tvrmoldova.smil/chunklist.m3u8,https://upload.wikimedia.org/wikipedia/commons/thumb/e/e4/TVR_Moldova_Logo_2022.svg/640px-TVR_Moldova_Logo_2022.svg.png,channel-playlist:free-tv-br
Canais,Moldova,Sor TV,http://188.237.212.16:8888/live/cameraFeed.m3u8,https://i.imgur.com/BcfZgD8.png,channel-playlist:free-tv-br
Canais,Monaco,TV Monaco,https://production-fast-mcrtv.content.okast.tv/channels/2116dc08-1959-465d-857f-3619daefb66b/b702b2b9-aebd-436c-be69-2118f56f3d86/master.m3u8,https://upload.wikimedia.org/wikipedia/commons/thumb/4/4b/TVMonaco_2023.svg/320px-TVMonaco_2023.svg.png,channel-playlist:free-tv-br
Canais,Monaco,MonacoInfo,https://webtv.monacoinfo.com/live/prod/index.m3u8,https://www.lyngsat.com/logo/tv/mm/monaco_info.png,channel-playlist:free-tv-br
Canais,Mongolia,MNB HD,https://cdn4.skygo.mn/live/disk1/MNB/HLSv3-FTA/MNB.m3u8,,channel-playlist:free-tv-br
Canais,Mongolia,MNB Монголын Мэдээ,https://cdn4.skygo.mn/live/disk1/MNB2/HLSv3-FTA/MNB2.m3u8,,channel-playlist:free-tv-br
Canais,Mongolia,MNB Sport,https://live.mnb.mn/hls/mnb_sport.stream.m3u8,,channel-playlist:free-tv-br
Canais,Mongolia,MNB International,https://cdn4.skygo.mn/live/disk1/MNB_World/HLSv3-FTA/MNB_World.m3u8,,channel-playlist:free-tv-br
Canais,Mongolia,MNB Гэр бүл,https://cdn4.skygo.mn/live/disk1/MNB_Family/HLSv3-FTA/MNB_Family.m3u8,,channel-playlist:free-tv-br
Canais,Mongolia,MN25,https://cdn4.skygo.mn/live/disk1/MN25/HLSv3-FTA/MN25.m3u8,,channel-playlist:free-tv-br
Canais,Mongolia,TV5,https://cdn4.skygo.mn/live/disk1/TV5HD/HLSv3-FTA/TV5HD.m3u8,,channel-playlist:free-tv-br
Canais,Mongolia,TV8 HD,https://cdn4.skygo.mn/live/disk1/TV8HD/HLSv3-FTA/TV8HD.m3u8,,channel-playlist:free-tv-br
Canais,Mongolia,TV9,https://cdn4.skygo.mn/live/disk1/TV9HD/HLSv3-FTA/TV9HD.m3u8,,channel-playlist:free-tv-br
Canais,Mongolia,NTV,https://cdn4.skygo.mn/live/disk1/NTVHD/HLSv3-FTA/NTVHD.m3u8,,channel-playlist:free-tv-br
Canais,Mongolia,Eagle News HD,https://cdn4.skygo.mn/live/disk1/Eagle/HLSv3-FTA/Eagle.m3u8,,channel-playlist:free-tv-br
Canais,Mongolia,UBS (720p),https://cdn4.skygo.mn/live/disk1/UBSHD/HLSv3-FTA/UBSHD.m3u8,,channel-playlist:free-tv-br
Canais,Mongolia,SBN,https://cdn4.skygo.mn/live/disk1/SBN/HLSv3-FTA/SBN.m3u8,,channel-playlist:free-tv-br
Canais,Mongolia,C1,https://cdn4.skygo.mn/live/disk1/C1/HLSv3-FTA/C1.m3u8,,channel-playlist:free-tv-br
Canais,Mongolia,Central HD,https://cdn4.skygo.mn/live/disk1/Ekh_Oron/HLSv3-FTA/Ekh_Oron.m3u8,,channel-playlist:free-tv-br
Canais,Mongolia,MovieBox,https://cdn4.skygo.mn/live/disk1/Moviebox/HLSv3-FTA/Moviebox.m3u8,,channel-playlist:free-tv-br
Canais,Mongolia,CNBC MGL,https://cdn4.skygo.mn/live/disk1/CNBC/HLSv3-FTA/CNBC.m3u8,,channel-playlist:free-tv-br
Canais,Mongolia,AsianBox,https://cdn4.skygo.mn/live/disk1/AsianBOX/HLSv3-FTA/AsianBOX.m3u8,,channel-playlist:free-tv-br
Canais,Mongolia,Education TV,https://cdn4.skygo.mn/live/disk1/Education/HLSv3-FTA/Education.m3u8,,channel-playlist:free-tv-br
Canais,Mongolia,ETV,https://cdn4.skygo.mn/live/disk1/ETV/HLSv3-FTA/ETV.m3u8,,channel-playlist:free-tv-br
Canais,Mongolia,N Sports,https://cdn4.skygo.mn/live/disk1/ONTV/HLSv3-FTA/ONTV.m3u8,,channel-playlist:free-tv-br
Canais,Mongolia,Channel 11,https://cdn4.skygo.mn/live/disk1/Channel11/HLSv3-FTA/Channel11.m3u8,,channel-playlist:free-tv-br
Canais,Mongolia,Gandan TV,https://cdn4.skygo.mn/live/disk1/GTV/HLSv3-FTA/GTV.m3u8,,channel-playlist:free-tv-br
Canais,Mongolia,Soyon Geegerulch,https://cdn4.skygo.mn/live/disk1/SoyonGegeeruulegch/HLSv3-FTA/SoyonGegeeruulegch.m3u8,,channel-playlist:free-tv-br
Canais,Mongolia,Tanin Mehehgui TV,https://cdn4.skygo.mn/live/disk1/TM/HLSv3-FTA/TM.m3u8,,channel-playlist:free-tv-br
Canais,Mongolia,TenGer TV (720p),https://cdn4.skygo.mn/live/disk1/VTV/HLSv3-FTA/VTV.m3u8,,channel-playlist:free-tv-br
Canais,Mongolia,UlZii,https://cdn4.skygo.mn/live/disk1/UlziiTV/HLSv3-FTA/UlziiTV.m3u8,,channel-playlist:free-tv-br
Canais,Mongolia,Malchin TV,https://cdn4.skygo.mn/live/disk1/Malchin/HLSv3-FTA/Malchin.m3u8,,channel-playlist:free-tv-br
Canais,Mongolia,Parliament TV,https://cdn4.skygo.mn/live/disk1/Parlament/HLSv3-FTA/Parlament.m3u8,,channel-playlist:free-tv-br
Canais,Mongolia,Star TV,https://cdn4.skygo.mn/live/disk1/Star/HLSv3-FTA/Star.m3u8,,channel-playlist:free-tv-br
Canais,Mongolia,Suld TV,https://cdn4.skygo.mn/live/disk1/SuldTV/HLSv3-FTA/SuldTV.m3u8,,channel-playlist:free-tv-br
Canais,Mongolia,Seven Channel,https://cdn4.skygo.mn/live/disk1/TV7/HLS-FTA/TV7.m3u8,,channel-playlist:free-tv-br
Canais,Mongolia,Aist Global,https://cdn4.skygo.mn/live/disk1/GlobalTV/HLSv3-FTA/GlobalTV.m3u8,,channel-playlist:free-tv-br
Canais,Mongolia,MNC,https://cdn4.skygo.mn/live/disk1/MNCTV/HLSv3-FTA/MNCTV.m3u8,,channel-playlist:free-tv-br
Canais,Mongolia,Bantan,https://cdn4.skygo.mn/live/disk1/Popcorn/HLSv3-FTA/Popcorn.m3u8,,channel-playlist:free-tv-br
Canais,Mongolia,Auto TV (720p),https://cdn4.skygo.mn/live/disk1/AutoTV/HLSv3-FTA/AutoTV.m3u8,,channel-playlist:free-tv-br
Canais,Mongolia,Bloomberg TV Mongolia HD (720p),https://cdn4.skygo.mn/live/disk1/BloombergMon/HLSv3-FTA/BloombergMon.m3u8,,channel-playlist:free-tv-br
Canais,Mongolia,Cinema,https://cdn4.skygo.mn/live/disk1/CinemaTV/HLSv3-FTA/CinemaTV.m3u8,,channel-playlist:free-tv-br
Canais,Mongolia,Mongolian Plus1,https://cdn4.skygo.mn/live/disk1/VolumePlus/HLSv3-FTA/VolumePlus.m3u8,,channel-playlist:free-tv-br
Canais,Mongolia,Mongolia Music,https://cdn4.skygo.mn/live/disk1/Khugjim/HLSv3-FTA/Khugjim.m3u8,,channel-playlist:free-tv-br
Canais,Montenegro,TVCG 1 Ⓖ,https://rtcg-live-open-geo.morescreens.com/RTCG_1_001/playlist.m3u8,https://i.imgur.com/QORHrXu.png,channel-playlist:free-tv-br
Canais,Montenegro,TVCG 2 Ⓖ,https://rtcg-live-open-geo.morescreens.com/RTCG_1_002/playlist.m3u8,https://i.imgur.com/WECmUKH.png,channel-playlist:free-tv-br
Canais,Montenegro,TVCG 3 Ⓖ,https://rtcg-live-open-geo.morescreens.com/RTCG_1_003/playlist.m3u8,https://i.imgur.com/XC7zVog.png,channel-playlist:free-tv-br
Canais,Montenegro,TVCG MNE,https://rtcg-live-open.morescreens.com/RTCG_1_004/playlist.m3u8,https://i.imgur.com/pf8VEwf.png,channel-playlist:free-tv-br
Canais,Netherlands,Omrop Fryslân,https://d3pvma9xb2775h.cloudfront.net/live/omropfryslan/f8f68bd5/playlist.m3u8,https://i.imgur.com/0VKJLAK.png,channel-playlist:free-tv-br
Canais,Netherlands,RTV Noord,https://media.rtvnoord.nl/live/rtvnoord/tv/playlist.m3u8,https://i.imgur.com/pO5Mexa.png,channel-playlist:free-tv-br
Canais,Netherlands,RTV Drenthe,https://cdn.rtvdrenthe.nl/live/rtvdrenthe/tv/1080p/prog_index.m3u8,https://i.imgur.com/GaGqM4z.png,channel-playlist:free-tv-br
Canais,Netherlands,RTV Oost,https://d34cg2bnc08ruf.cloudfront.net/live/rtvoost/tv/index.m3u8,https://i.imgur.com/8ropV29.png,channel-playlist:free-tv-br
Canais,Netherlands,Omroep Gelderland,https://d2od87akyl46nm.cloudfront.net/live/omroepgelderland/tvgelderland-hls/index.m3u8,https://i.imgur.com/TPlyvUQ.png,channel-playlist:free-tv-br
Canais,Netherlands,RTV Utrecht,http://media.rtvutrecht.nl/live/rtvutrecht/rtvutrecht/index.m3u8,https://i.imgur.com/c0I24N6.png,channel-playlist:free-tv-br
Canais,Netherlands,Omroep Flevoland Ⓢ,https://d5ms27yy6exnf.cloudfront.net/live/omroepflevoland/tv/index.m3u8,https://i.imgur.com/d1CmTcI.png,channel-playlist:free-tv-br
Canais,Netherlands,NH Nieuws,https://rrr.sz.xlcdn.com/?account=nhnieuws&file=live&type=live&service=wowza&protocol=https&output=playlist.m3u8,https://i.imgur.com/SQPVOwn.png,channel-playlist:free-tv-br
Canais,Netherlands,RTV Rijnmond,https://dcur8bjarl5c2.cloudfront.net/live/rijnmond/tv/index.m3u8,https://i.imgur.com/TNhUVEm.png,channel-playlist:free-tv-br
Canais,Netherlands,Omroep West,https://d1axml5ozykh3g.cloudfront.net/live/omroepwest/tv/index.m3u8,https://i.imgur.com/aax1HPH.png,channel-playlist:free-tv-br
Canais,Netherlands,Omroep Zeeland,http://d3isaxd2t6q8zm.cloudfront.net/live/omroepzeeland/tv/index.m3u8,https://i.imgur.com/8aLDyUI.png,channel-playlist:free-tv-br
Canais,Netherlands,Omroep Brabant,http://d3slqp9xhts6qb.cloudfront.net/live/omroepbrabant/tv/index.m3u8,https://i.imgur.com/Jv7IjHJ.png,channel-playlist:free-tv-br
Canais,Netherlands,L1 Ⓢ,http://d34pj260kw1xmk.cloudfront.net/live/l1/tv/index.m3u8,https://i.imgur.com/Jyhn1iP.png,channel-playlist:free-tv-br
Canais,Nigeria,Advocate Broadcasting Network,https://viewmedia7219.bozztv.com/wmedia/viewmedia100/web_045/Stream/playlist.m3u8,https://i.imgur.com/eZrhTam.png,channel-playlist:free-tv-br
Canais,Nigeria,Channels TV Ⓨ,https://www.youtube.com/@ChannelsTelevision/live,https://i.imgur.com/O237VLC.png,channel-playlist:free-tv-br
Canais,Nigeria,Itage TV,https://viewmedia7219.bozztv.com/wmedia/viewmedia100/web_011/Stream/playlist.m3u8,https://i.imgur.com/ojLIfkt.jpeg,channel-playlist:free-tv-br
Canais,Nigeria,News Central,https://wf.newscentral.ng:8443/hls/stream.m3u8,https://i.imgur.com/1oSxhmp.png,channel-playlist:free-tv-br
Canais,Nigeria,Rave TV,https://viewmedia7219.bozztv.com/wmedia/viewmedia100/web_039/Stream/playlist.m3u8,https://i.imgur.com/fDSyf6u.png,channel-playlist:free-tv-br
Canais,Nigeria,Silverbird News 24,https://viewmedia7219.bozztv.com/wmedia/viewmedia100/web_029/Stream/playlist.m3u8,https://i.imgur.com/ssEAjq5.jpeg,channel-playlist:free-tv-br
Canais,Nigeria,Soundcity TV Ⓨ,https://www.youtube.com/channel/UCGuIbAVY4_O-KOQmLkU0IKQ/live,https://i.imgur.com/zfi4SXW.png,channel-playlist:free-tv-br
Canais,Nigeria,Superscreen TV,https://video1.getstreamhosting.com:1936/8398/8398/playlist.m3u8,https://i.imgur.com/DuhRy48.png,channel-playlist:free-tv-br
Canais,Nigeria,TVC News Ⓨ,https://www.youtube.com/tvcnewsnigeria/live,https://i.imgur.com/jaSq18B.png,channel-playlist:free-tv-br
Canais,Nigeria,Waffi TV,https://oqgdro3xd4rm-hls-live.5centscdn.com/waffiitvstreaminglivetfmediacast/e0885d428bea69e372309657f3bd895f.sdp/playlist.m3u8,https://i.imgur.com/ejlCb5g.png,channel-playlist:free-tv-br
Canais,Nigeria,Wazobia Max TV Nigeria,https://wazobia.live:8333/channel/wmax.m3u8,https://i.imgur.com/sEnLR0B.jpeg,channel-playlist:free-tv-br
Canais,Nigeria,Wazobia Max TV Port Harcourt,https://wazobia.live:8333/channel/wmaxph.m3u8,https://i.imgur.com/sEnLR0B.jpeg,channel-playlist:free-tv-br
Canais,North Korea,KCTV,https://tv.nknews.org/tvdash/stream.mpd,https://upload.wikimedia.org/wikipedia/commons/thumb/2/26/Logo_of_the_Korean_Central_Television.svg/640px-Logo_of_the_Korean_Central_Television.svg.png,channel-playlist:free-tv-br
Canais,North Macedonia,MRT1 Ⓖ,https://vod-c57.interspace.com:443/channel_abr/42/playlist.m3u8?wmsAuthSign=c2VydmVyX3RpbWU9NC8yNy8yMDI2IDI6MDc6MTcgUE0maGFzaF92YWx1ZT1JNmgrQytUN2xXb1J3aDdRSDBjcW9RPT0mdmFsaWRtaW51dGVzPTMwJmlkPTY5ZWY2ZDk1MDMxMjM=,https://i.imgur.com/EkkyAE0.png,channel-playlist:free-tv-br
Canais,North Macedonia,MRT2 Ⓖ,https://vod-c57.interspace.com:443/channel_abr/43/playlist.m3u8?wmsAuthSign=c2VydmVyX3RpbWU9NC8yNy8yMDI2IDI6MjM6NTQgUE0maGFzaF92YWx1ZT1ZT2dHa29qd09TbDcvVFpqQU1udVh3PT0mdmFsaWRtaW51dGVzPTMwJmlkPTY5ZWY3MTdhN2ZmY2Q=,https://i.imgur.com/YvOrUnN.png,channel-playlist:free-tv-br
Canais,North Macedonia,MRT Sobraniski kanal Ⓖ,https://vod-c57.interspace.com:443/channel_abr/44/playlist.m3u8?wmsAuthSign=c2VydmVyX3RpbWU9NC8yNy8yMDI2IDI6MzA6MTQgUE0maGFzaF92YWx1ZT0yS29FektrRDdpNXpza1hhV01kcENRPT0mdmFsaWRtaW51dGVzPTMwJmlkPTY5ZWY3MmY2MzcwMzg=,https://i.imgur.com/fyNQ8Nf.png,channel-playlist:free-tv-br
Canais,North Macedonia,MRT3 Ⓖ,https://vod-c57.interspace.com:443/channel_abr/658323455489957/playlist.m3u8?wmsAuthSign=c2VydmVyX3RpbWU9NC8yNy8yMDI2IDI6MzU6NTkgUE0maGFzaF92YWx1ZT1Xb0JsUWRMN1JKLytjbnMyQjVuMUFRPT0mdmFsaWRtaW51dGVzPTMwJmlkPTY5ZWY3NDRmM2M5MDI=,https://i.imgur.com/3VZrG4T.png,channel-playlist:free-tv-br
Canais,North Macedonia,MRT4 Ⓖ,https://vod-c57.interspace.com:443/channel_abr/712108910819540/playlist.m3u8?wmsAuthSign=c2VydmVyX3RpbWU9NC8yNy8yMDI2IDI6NDA6MzEgUE0maGFzaF92YWx1ZT13WmtQTWM2U0ZUUTF0VGc5TzlIRVZRPT0mdmFsaWRtaW51dGVzPTMwJmlkPTY5ZWY3NTVmYzlkZDc=,https://i.imgur.com/wSmxUqY.png,channel-playlist:free-tv-br
Canais,North Macedonia,MRT5 Ⓖ,https://vod-c57.interspace.com:443/channel_abr/553171400681132/playlist.m3u8?wmsAuthSign=c2VydmVyX3RpbWU9NC8yNy8yMDI2IDM6NDI6NDMgUE0maGFzaF92YWx1ZT0wZXRxNHh1UnMyVStVZnU3K0RNZUh3PT0mdmFsaWRtaW51dGVzPTMwJmlkPTY5ZWY4M2YzYzIyYmI=,https://i.imgur.com/zcvKu1h.png,channel-playlist:free-tv-br
Canais,North Macedonia,MRT Sat,https://vod-c57.interspace.com:443/channel_abr/45/playlist.m3u8?wmsAuthSign=c2VydmVyX3RpbWU9NC8yNy8yMDI2IDI6NDU6NDMgUE0maGFzaF92YWx1ZT1XVzZCQVZaRysvOEU0M2Z5VHNYNUl3PT0mdmFsaWRtaW51dGVzPTMwJmlkPTY5ZWY3Njk3ODdkNmU=,https://i.imgur.com/2bc5PvQ.png,channel-playlist:free-tv-br
Canais,North Macedonia,MRT 2 Sat,https://vod-c57.interspace.com:443/channel_abr/46/playlist.m3u8?wmsAuthSign=c2VydmVyX3RpbWU9NC8yNy8yMDI2IDI6NTE6MDkgUE0maGFzaF92YWx1ZT05S1hVR3ExVVVPUnU5Zk9sTGpDY2dRPT0mdmFsaWRtaW51dGVzPTMwJmlkPTY5ZWY3N2RkZGIxYTU=,https://i.imgur.com/WF1Eeuz.png,channel-playlist:free-tv-br
Canais,North Macedonia,TV 21 Ⓢ Ⓖ,https://t2.tvmak.com/tv/TV21MK.m3u8?QScgsh2FfM,https://i.imgur.com/IC1f4h3.png,channel-playlist:free-tv-br
Canais,North Macedonia,Телевизија Здравкин,http://zdravkin.hugo.mk:1935/live/zdravkin/playlist.m3u8,https://i.imgur.com/kSmcAER.png,channel-playlist:free-tv-br
Canais,North Macedonia,M»Net,http://ares.mnet.mk/hls/mnet.m3u8,https://i.imgur.com/JWHcGMX.png,channel-playlist:free-tv-br
Canais,North Macedonia,M»Net Sport,http://ares.mnet.mk/hls/mnet-sport.m3u8,https://i.imgur.com/q3DV2gP.png,channel-playlist:free-tv-br
Canais,North Macedonia,M»Net Info,http://ares.mnet.mk/hls/mnet-info.m3u8,https://i.imgur.com/O26HEyC.png,channel-playlist:free-tv-br
Canais,North Macedonia,ТВ НОВА 12,http://151.236.247.171:8080/nova/index.m3u8,https://i.imgur.com/Qo3Hj3t.png,channel-playlist:free-tv-br
Canais,North Macedonia,ЗОНА М1 ТВ,https://zonam1.ddns.net/hls/stream1.m3u8,https://i.imgur.com/yTR7A0d.png,channel-playlist:free-tv-br
Canais,North Macedonia,Наша ТВ,https://stream.nasatv.com.mk/hls/nasatv_live.m3u8,https://i.imgur.com/EOLrXvB.png,channel-playlist:free-tv-br
Canais,North Macedonia,Cool TV,https://stream.nasatv.com.mk/cooltv/hls/cooltv_live.m3u8,https://i.imgur.com/2tFrjUz.png,channel-playlist:free-tv-br
Canais,North Macedonia,Folk TV,https://stream.nasatv.com.mk/folktv/hls/folktv_live.m3u8,https://i.imgur.com/4b9aZ9P.png,channel-playlist:free-tv-br
Canais,North Macedonia,Jazz TV,https://stream.nasatv.com.mk/jazztv/hls/jazztv_live.m3u8,https://i.imgur.com/4U6Ju5G.png,channel-playlist:free-tv-br
Canais,North Macedonia,Love TV,https://stream.nasatv.com.mk/lovetv/hls/lovetv_live.m3u8,https://i.imgur.com/B8iaejQ.png,channel-playlist:free-tv-br
Canais,North Macedonia,Rock TV,https://stream.nasatv.com.mk/rocktv/hls/rocktv_live.m3u8,https://i.imgur.com/Y9miDQo.png,channel-playlist:free-tv-br
Canais,North Macedonia,Sky Folk,https://skyfolk.mk/live.m3u8,https://i.imgur.com/xRw4Hmu.png,channel-playlist:free-tv-br
Canais,North Macedonia,Хуго 2,http://fta.hugo.mk:1935/live/tvhugo/stream/2.m3u8,https://i.imgur.com/yb3xjOZ.png,channel-playlist:free-tv-br
Canais,North Macedonia,Folk Club TV,http://tv1.intv.mk:1935/live2/folkklub/index.m3u8,https://i.imgur.com/vkGFSl8.png,channel-playlist:free-tv-br
Canais,North Macedonia,INTV,http://tv1.intv.mk:1935/live/intv/index.m3u8,https://i.imgur.com/K7BSjqY.png,channel-playlist:free-tv-br
Canais,North Macedonia,Вистел,https://live.vtv.mk/live/vtv/chunks.m3u8,https://i.imgur.com/MbM0E6L.png,channel-playlist:free-tv-br
Canais,Norway,NRK1 Ⓖ,https://nrk-live-no.akamaized.net/nrk1/muxed.m3u8,https://i.imgur.com/9tj8ds7.png,channel-playlist:free-tv-br
Canais,Norway,NRK2 Ⓖ,https://nrk-live-no.akamaized.net/nrk2/muxed.m3u8,https://i.imgur.com/SiAdoK9.png,channel-playlist:free-tv-br
Canais,Norway,NRK3 Ⓖ,https://nrk-live-no.akamaized.net/nrk3/muxed.m3u8,https://i.imgur.com/TNhV2I7.png,channel-playlist:free-tv-br
Canais,Norway,NRK Super Ⓖ,https://nrk-live-no.akamaized.net/nrksuper/muxed.m3u8,https://i.imgur.com/xIATe2T.png,channel-playlist:free-tv-br
Canais,Norway,Frikanalen,https://frikanalen.no/stream/index.m3u8,https://i.imgur.com/rY3Owxl.png,channel-playlist:free-tv-br
Canais,Norway,Kanal 10 Norge Ⓨ,https://www.youtube.com/c/Kanal10Norge/live,https://i.imgur.com/2fOcZfK.png,channel-playlist:free-tv-br
Canais,Paraguay,Unicanal Ⓨ,https://www.youtube.com/@unicanalpy/live,https://i.imgur.com/brlepuX.png,channel-playlist:free-tv-br
Canais,Paraguay,ABC TV Ⓨ,https://www.youtube.com/user/canalabctv/live,https://i.imgur.com/tBdgllD.png,channel-playlist:free-tv-br
Canais,Peru,Panamericana TV,http://45.171.108.253:8888/PANAMERICANA/index.m3u8,https://upload.wikimedia.org/wikipedia/commons/2/26/Panamericana_tv_2009.png,channel-playlist:free-tv-br
Canais,Peru,ATV+ Noticias,http://45.171.108.253:8888/ATV/index.m3u8,https://upload.wikimedia.org/wikipedia/commons/f/f4/Atv_noticias_logo.png,channel-playlist:free-tv-br
Canais,Peru,Karibeña TV,http://187.102.210.46/KARIBENA/index.m3u8,https://i.pinimg.com/280x280_RS/11/85/b6/1185b667fe3f80d7072359d7ce7ce52d.jpg,channel-playlist:free-tv-br
Canais,Poland,TVP1,https://www.tvkaista.net/stream-forwarder/get.php?x=TVP1,https://upload.wikimedia.org/wikipedia/commons/thumb/4/4a/TVP1_logo.svg/640px-TVP1_logo.svg.png,channel-playlist:free-tv-br
Canais,Poland,TVP2,https://strims.top/tv/tvp2.m3u8,https://upload.wikimedia.org/wikipedia/commons/thumb/2/27/TVP2_logo.svg/640px-TVP2_logo.svg.png,channel-playlist:free-tv-br
Canais,Poland,TVP3 Warszawa,https://www.tvkaista.net/stream-forwarder/get.php?x=TVP3Warszawa,https://upload.wikimedia.org/wikipedia/commons/thumb/a/a7/TVP3_%282016%29.svg/640px-TVP3_%282016%29.svg.png,channel-playlist:free-tv-br
Canais,Poland,TVP Polonia,https://www.tvkaista.net/stream-forwarder/get.php?x=TVPPolonia,https://upload.wikimedia.org/wikipedia/commons/thumb/1/1a/TVP_Polonia_Logo_2020.svg/640px-TVP_Polonia_Logo_2020.svg.png,channel-playlist:free-tv-br
Canais,Poland,Alfa TVP,https://www.tvkaista.net/stream-forwarder/get.php?x=AlfaTVP,https://upload.wikimedia.org/wikipedia/commons/thumb/1/1f/Alfa_TVP_%282022%29.svg/640px-Alfa_TVP_%282022%29.svg.png,channel-playlist:free-tv-br
Canais,Poland,TVP Info,https://www.tvkaista.net/stream-forwarder/get.php?x=TVPInfo,https://upload.wikimedia.org/wikipedia/commons/thumb/c/ce/TVP_Info_logo.svg/640px-TVP_Info_logo.svg.png,channel-playlist:free-tv-br
Canais,Poland,Belsat,http://149.5.17.34:20041/play/a076,https://upload.wikimedia.org/wikipedia/commons/thumb/6/63/Belsat_%282022%29.svg/768px-Belsat_%282022%29.svg.png,channel-playlist:free-tv-br
Canais,Poland,TVP World,https://www.tvkaista.net/stream-forwarder/get.php?x=TVPWorld,https://upload.wikimedia.org/wikipedia/commons/thumb/8/8d/TVP_World_%282021%29.svg/640px-TVP_World_%282021%29.svg.png,channel-playlist:free-tv-br
Canais,Poland,TVP ABC 2,https://www.tvkaista.net/stream-forwarder/get.php?x=TVPABC2,https://upload.wikimedia.org/wikipedia/en/thumb/c/cb/TVP_ABC_2_%282022%29.svg/640px-TVP_ABC_2_%282022%29.svg.png,channel-playlist:free-tv-br
Canais,Poland,TVP Historia 2,https://www.tvkaista.net/stream-forwarder/get.php?x=TVPHistoria2,https://upload.wikimedia.org/wikipedia/commons/thumb/1/18/TVP_Historia_2_%282021%29.svg/640px-TVP_Historia_2_%282021%29.svg.png,channel-playlist:free-tv-br
Canais,Poland,TVP Kultura 2,https://www.tvkaista.net/stream-forwarder/get.php?x=TVPKultura2,https://upload.wikimedia.org/wikipedia/commons/thumb/1/13/TVP_Kultura_2_%282020%29.svg/640px-TVP_Kultura_2_%282020%29.svg.png,channel-playlist:free-tv-br
Canais,Poland,4fun.tv Ⓢ,https://stream.4fun.tv:8888/hls/4f_high/index.m3u8,https://upload.wikimedia.org/wikipedia/commons/thumb/d/dd/4fun.tv_Logo_%282017%29.svg/640px-4fun.tv_Logo_%282017%29.svg.png,channel-playlist:free-tv-br
Canais,Poland,TV Republika,https://redir.cache.orange.pl/jupiter/o1-cl7/ssl/live/tvrepublika/live.m3u8,https://i.imgur.com/ljpK6dZ.png,channel-playlist:free-tv-br
Canais,Portugal,RTP1,https://streaming-live.rtp.pt/liverepeater/smil:rtp1HD.smil/playlist.m3u8,https://upload.wikimedia.org/wikipedia/commons/thumb/e/ec/RTP1_-_Logo_2016.svg/640px-RTP1_-_Logo_2016.svg.png,channel-playlist:free-tv-br
Canais,Portugal,RTP2 Ⓖ,https://streaming-live.rtp.pt/liverepeater/rtp2HD.smil/playlist.m3u8,https://upload.wikimedia.org/wikipedia/en/4/4d/Rtp2_2016_logo.png,channel-playlist:free-tv-br
Canais,Portugal,RTP3,https://streaming-live.rtp.pt/livetvhlsDVR/rtpnHDdvr.smil/playlist.m3u8?DVR=,https://upload.wikimedia.org/wikipedia/commons/b/b9/Rtp3.png,channel-playlist:free-tv-br
Canais,Portugal,SIC,https://production-fast-sic.content.okast.tv/fa2e8c4385712f9aa54bbe52b1bd9b6b/channels/d9070446-8448-455e-8075-773b1ba12562/fc831b20-f252-4e7d-8cc5-2d05f4d43c1c/media_.m3u8,https://i.imgur.com/SPMqiDG.png,channel-playlist:free-tv-br
Canais,Portugal,TVI,https://d36mxwpltmym4d.cloudfront.net/playlist.m3u8,https://upload.wikimedia.org/wikipedia/en/6/63/TVI_logo_2017.png,channel-playlist:free-tv-br
Canais,Portugal,RTP Açores,https://streaming-live.rtp.pt/liverepeater/smil:rtpacoresHD.smil/playlist.m3u8,https://upload.wikimedia.org/wikipedia/commons/thumb/a/aa/RTP_A%C3%A7ores_%282016%29.svg/640px-RTP_A%C3%A7ores_%282016%29.svg.png,channel-playlist:free-tv-br
Canais,Portugal,RTP Madeira Ⓢ,https://streaming-live.rtp.pt/liverepeater/smil:rtpmadeira.smil/playlist.m3u8,https://upload.wikimedia.org/wikipedia/en/a/ac/RTP_Madeira_2016.png,channel-playlist:free-tv-br
Canais,Portugal,RTP notícias,https://streaming-live.rtp.pt/liverepeater/smil:rtpnHD.smil/playlist.m3u8,https://upload.wikimedia.org/wikipedia/commons/b/b9/Rtp3.png,channel-playlist:free-tv-br
Canais,Portugal,RTP Mundo,https://streaming-live.rtp.pt/liverepeater/smil:rtpi.smil/playlist.m3u8,https://upload.wikimedia.org/wikipedia/commons/thumb/1/17/RTP_Mundo.svg/330px-RTP_Mundo.svg.png,channel-playlist:free-tv-br
Canais,Portugal,Porto Canal Ⓢ,https://streamer-a01.videos.sapo.pt/live/portocanal/playlist.m3u8,https://i.imgur.com/wsyvP2H.png,channel-playlist:free-tv-br
Canais,Portugal,ADtv Ⓢ,https://playout172.livextend.cloud/liveiframe/_definst_/ngrp:liveartvabr_abr/playlist.m3u8,https://i.imgur.com/FvlcU3z.png,channel-playlist:free-tv-br
Canais,Portugal,CNN Portugal,https://sktv-forwarders.7m.pl/get.php?x=CNN_Portugal,https://i.imgur.com/NYH39xs.png,channel-playlist:free-tv-br
Canais,Portugal,RTP África,https://streaming-live.rtp.pt/liverepeater/smil:rtpafrica.smil/playlist.m3u8,https://i.imgur.com/ISFNy17.png,channel-playlist:free-tv-br
Canais,Portugal,Euronews em Português Ⓨ,https://www.youtube.com/euronewspt/live,https://upload.wikimedia.org/wikipedia/commons/thumb/9/9c/Euronews_2022.svg/640px-Euronews_2022.svg.png,channel-playlist:free-tv-br
Canais,Qatar,Qatar Television,https://qatartv.akamaized.net/hls/live/20000609/qtv1/master.m3u8,https://i.imgur.com/N5RB4sp.png,channel-playlist:free-tv-br
Canais,Qatar,Qatar Television 2,https://qatartv.akamaized.net/hls/live/20000611/qtv2/master.m3u8,https://i.imgur.com/iWJxDUm.png,channel-playlist:free-tv-br
Canais,Qatar,Qatar Television The Holy Quran,https://qatartv.akamaized.net/hls/live/20000612/qtvquran/master1080p.m3u8,https://i.imgur.com/N5RB4sp.png,channel-playlist:free-tv-br
Canais,Qatar,Al Rayyan,https://alrayyancdn.vidgyor.com/pub-noalrayy3pwz0l/liveabr/playlist_dvr.m3u8,https://i.imgur.com/Ts3RjTV.png,channel-playlist:free-tv-br
Canais,Qatar,Al Rayyan Old TV,https://alrayyancdn.vidgyor.com/pub-nooldraybinbdh/liveabr/playlist_dvr.m3u8,https://i.imgur.com/4qB5iN0.png,channel-playlist:free-tv-br
Canais,Qatar,Al Jazeera Mubasher,https://live-hls-web-ajm.getaj.net/AJM/index.m3u8,https://upload.wikimedia.org/wikipedia/en/9/90/Al_Jazeera_Mubasher_logo.png,channel-playlist:free-tv-br
Canais,Qatar,Al Jazeera 2,https://live-hls-web-aja2-gcp.thehlive.com/AJA2/index.m3u8,https://i.imgur.com/BB93NQP.png,channel-playlist:free-tv-br
Canais,Qatar,Al Araby TV,https://live.kwikmotion.com/alaraby1live/alaraby_abr/playlist.m3u8,https://i.imgur.com/YMqWEe4.png,channel-playlist:free-tv-br
Canais,Romania,TVR 1 Ⓖ,https://tvr-1.lg.mncdn.com/tvr1/smil:tvr1.smil/playlist.m3u8,https://i.imgur.com/CKQ7mpB.png,channel-playlist:free-tv-br
Canais,Romania,TVR 2 Ⓖ,https://tvr-2.lg.mncdn.com/tvr2/smil:tvr2.smil/playlist.m3u8,https://upload.wikimedia.org/wikipedia/commons/4/4c/TVR_2_2022_logo.png,channel-playlist:free-tv-br
Canais,Romania,TVR 3 Ⓖ,https://tvr-3.lg.mncdn.com/tvr3/smil:tvr3.smil/playlist.m3u8,https://upload.wikimedia.org/wikipedia/commons/0/0d/TVR3_2022.png,channel-playlist:free-tv-br
Canais,Romania,TVR Info Ⓖ,https://tvr-info.lg.mncdn.com/tvrinfo/smil:tvrinfo.smil/playlist.m3u8,https://i.imgur.com/7oE7ThR.png,channel-playlist:free-tv-br
Canais,Romania,TVR International Ⓖ,https://tvr-international.lg.mncdn.com/tvrinternational/smil:tvrinternational.smil/playlist.m3u8,https://i.imgur.com/AlW8jyl.png,channel-playlist:free-tv-br
Canais,Romania,Pro TV,https://cmero-ott-live.ssl.cdn.cra.cz/channels/cme-ro-voyo-news/playlist.m3u8?offsetSeconds=0&url=0,https://i.imgur.com/aKAfKtW.png,channel-playlist:free-tv-br
Canais,Romania,România TV Ⓖ,https://livestream.romaniatv.net/clients/romaniatv/playlist.m3u8,https://i.imgur.com/ZIfEp5I.png,channel-playlist:free-tv-br
Canais,Romania,Telestar1,https://dvb.tennet.ro/mobile_tv/telestar.m3u8,https://i.imgur.com/UZQjEsd.png,channel-playlist:free-tv-br
Canais,Romania,Euronews România Ⓨ,https://www.youtube.com/euronewsro/live,https://i.imgur.com/jUOVUXt.png,channel-playlist:free-tv-br
Canais,Romania,TVR Cluj Ⓖ,https://tvr-cluj.lg.mncdn.com/tvrcluj/smil:tvrcluj.smil/playlist.m3u8,https://i.imgur.com/8DqsGHO.png,channel-playlist:free-tv-br
Canais,Romania,TVR Craiova Ⓖ,https://tvr-craiova.lg.mncdn.com/tvrcraiova/smil:tvrcraiova.smil/playlist.m3u8,https://i.imgur.com/vxWbQiy.png,channel-playlist:free-tv-br
Canais,Romania,TVR Iași Ⓖ,http://82.208.141.70:8778/1.m3u8,https://i.imgur.com/Kxkihds.png,channel-playlist:free-tv-br
Canais,Romania,TVR Timișoara Ⓖ,https://tvr-timisoara.lg.mncdn.com/tvrtimisoara/smil:tvrtimisoara.smil/playlist.m3u8,https://i.imgur.com/Db3DV6H.png,channel-playlist:free-tv-br
Canais,Romania,TVR Tîrgu-Mureș Ⓖ,https://tvr-tgmures.lg.mncdn.com/tvrtgmures/smil:tvrtgmures.smil/playlist.m3u8,https://i.imgur.com/9Hptdqj.png,channel-playlist:free-tv-br
Canais,Russia,Первый канал,https://edge1.1internet.tv/dash-live2/streams/1tv-dvr/1tvdash.mpd,https://i.imgur.com/1IqCGe9.png,channel-playlist:free-tv-br
Canais,Russia,Россия 1,https://player.smotrim.ru/iframe/stream/live_id/2961,https://upload.wikimedia.org/wikipedia/commons/thumb/6/64/Russia-1.svg/1024px-Russia-1.svg.png,channel-playlist:free-tv-br
Canais,Russia,Матч ТВ Ⓢ,https://streaming.televizor-24-tochka.ru/live/6.m3u8,https://i.imgur.com/kFdooR4.png,channel-playlist:free-tv-br
Canais,Russia,НТВ Ⓢ,http://ott-cdn.ucom.am/s17/index.m3u8,https://i.imgur.com/DtQX5P2.png,channel-playlist:free-tv-br
Canais,Russia,Пятый канал Ⓢ,https://streaming.televizor-24-tochka.ru/live/8.m3u8,https://i.imgur.com/u8Q69D9.png,channel-playlist:free-tv-br
Canais,Russia,Россия-Культура Ⓢ,https://player.smotrim.ru/iframe/stream/live_id/19201,https://i.imgur.com/S12gaLc.png,channel-playlist:free-tv-br
Canais,Russia,Россия-24 Ⓢ,https://player.smotrim.ru/iframe/stream/live_id/21,https://i.imgur.com/tpqsFzm.png,channel-playlist:free-tv-br
Canais,Russia,Карусель Ⓢ,https://streaming102.interskytech.com/live/232.m3u8,https://i.imgur.com/4fFMlVq.png,channel-playlist:free-tv-br
Canais,Russia,ОТР Ⓢ,https://streaming.televizor-24-tochka.ru/live/12.m3u8,https://i.imgur.com/QyZvT3e.png,channel-playlist:free-tv-br
Canais,Russia,ТВ Центр Ⓢ,http://ott-cdn.ucom.am/s54/index.m3u8,https://i.imgur.com/ZP0D6Rd.png,channel-playlist:free-tv-br
Canais,Russia,Рен ТВ Ⓢ,https://streaming.televizor-24-tochka.ru/live/14.m3u8,https://i.imgur.com/18TAzYV.png,channel-playlist:free-tv-br
Canais,Russia,Спас Ⓢ,https://spas.mediacdn.ru/cdn/spas/playlist.m3u8,https://i.imgur.com/A6Cqsom.jpeg,channel-playlist:free-tv-br
Canais,Russia,СТС Ⓢ,http://ott-cdn.ucom.am/s52/04.m3u8,https://i.imgur.com/y9bpqUD.png,channel-playlist:free-tv-br
Canais,Russia,Домашний Ⓢ,http://ott-cdn.ucom.am/s88/index.m3u8,https://i.imgur.com/e8wlMIt.png,channel-playlist:free-tv-br
Canais,Russia,ТВ-3 Ⓢ,https://streaming.televizor-24-tochka.ru/live/18.m3u8,https://upload.wikimedia.org/wikipedia/commons/thumb/9/9e/%D0%A2V3_logo_2023.svg/556px-%D0%A2V3_logo_2023.svg.png,channel-playlist:free-tv-br
Canais,Russia,Пятница! Ⓢ,https://streaming.televizor-24-tochka.ru/live/19.m3u8,https://i.imgur.com/rS11zVB.png,channel-playlist:free-tv-br
Canais,Russia,Звезда,https://tvchannelstream1.tvzvezda.ru/cdn/tvzvezda/playlist.m3u8,https://i.imgur.com/c0L0ncA.png,channel-playlist:free-tv-br
Canais,Russia,Мир,http://hls.mirtv.cdnvideo.ru/mirtv-parampublish/mirtv_2500/playlist.m3u8,https://i.imgur.com/L2slsbG.png,channel-playlist:free-tv-br
Canais,Russia,ТНТ Ⓢ,http://ott-cdn.ucom.am/s19/index.m3u8,https://i.imgur.com/1WqIPOB.png,channel-playlist:free-tv-br
Canais,Russia,Муз-ТВ Ⓢ,https://streaming102.interskytech.com/live/618.m3u8,https://i.imgur.com/Ml3qqOF.png,channel-playlist:free-tv-br
Canais,Russia,РБК,http://92.50.128.180/utv/1358/index.m3u8,https://i.imgur.com/P2Qii5B.png,channel-playlist:free-tv-br
Canais,Russia,RT Д Русский Ⓖ,https://hls.rt.com/hls/rtdru.m3u8,https://i.imgur.com/v5fpEBo.png,channel-playlist:free-tv-br
Canais,Russia,CGTN Pусский,https://news.cgtn.com/resource/live/russian/cgtn-r.m3u8,https://i.imgur.com/fMsJYzl.png,channel-playlist:free-tv-br
Canais,Russia,Euronews по-русски Ⓨ,https://www.youtube.com/euronewsru/live,https://upload.wikimedia.org/wikipedia/commons/thumb/9/9c/Euronews_2022.svg/640px-Euronews_2022.svg.png,channel-playlist:free-tv-br
Canais,Russia,РТР-Планета Ⓢ,https://player.smotrim.ru/iframe/stream/live_id/63251,https://upload.wikimedia.org/wikipedia/commons/8/85/RTR_Planeta_Europe.png,channel-playlist:free-tv-br
Canais,Russia,Че,https://cdn4.skygo.mn/live/disk1/Che/HLSv3-FTA/Che.m3u8,,channel-playlist:free-tv-br
Canais,Russia,Арктика 24 Ⓥ,https://vk.com/video-213370539_456239018,https://i.imgur.com/CL0G88u.png,channel-playlist:free-tv-br
Canais,Russia,Архыз 24,https://live.mediacdn.ru/sr1/arhis24/playlist_hdhigh.m3u8,https://i.imgur.com/mve0sSS.png,channel-playlist:free-tv-br
Canais,Russia,Астрахан 24,https://streaming.astrakhan.ru/astrakhan24/playlist.m3u8,https://i.imgur.com/9WcnjQN.png,channel-playlist:free-tv-br
Canais,Russia,Башкортостан 24,https://vgtrkregion-reg.cdnvideo.ru/vgtrk/ufa/russia1-hd/index.m3u8,https://i.imgur.com/FQhWs1M.png,channel-playlist:free-tv-br
Canais,Russia,Белгород 24,http://belnovosti.cdn.easyhoster.ru:8080/stream.m3u8,https://i.imgur.com/EEirvyx.png,channel-playlist:free-tv-br
Canais,Russia,Ветта 24,http://serv24.vintera.tv:8081/vetta/vetta_office/playlist.m3u8,https://i.imgur.com/zKH1b5k.png,channel-playlist:free-tv-br
Canais,Russia,Волгоград 24 Ⓢ,https://vgtrkregion-reg.cdnvideo.ru/vgtrk/volgograd/russia1-hd/index.m3u8,https://i.imgur.com/gFMnaU5.png,channel-playlist:free-tv-br
Canais,Russia,Запад 24,https://vgtrkregion-reg.cdnvideo.ru/vgtrk/kaliningrad/russia1-hd/index.m3u8,https://upload.wikimedia.org/wikipedia/commons/f/f8/Zapad_24.jpg,channel-playlist:free-tv-br
Canais,Russia,Катунь 24 Ⓞ,https://ok.ru/video/1166706155179,https://i.imgur.com/mr2Peqj.png,channel-playlist:free-tv-br
Canais,Russia,Крым 24,https://cdn.1tvcrimea.ru/24tvcrimea.m3u8,https://i.imgur.com/k4C0uvp.png,channel-playlist:free-tv-br
Canais,Russia,Кубань 24 Ⓞ,https://ok.ru/video/4157442498242,https://i.imgur.com/atzrXcz.png,channel-playlist:free-tv-br
Canais,Russia,Луганск 24,https://tv.gtrklnr.ru/hls/Lugansk24.m3u8,https://i.imgur.com/YnLFQnt.png,channel-playlist:free-tv-br
Canais,Russia,Мир Белогорья,http://mirbelogorya.ru:8080/mirbelogorya/index.m3u8,https://i.imgur.com/CCNAg7R.png,channel-playlist:free-tv-br
Canais,Russia,Москва 24,https://player.smotrim.ru/iframe/stream/live_id/1661,https://i.imgur.com/gXbUMVy.png,channel-playlist:free-tv-br
Canais,Russia,Нижний Новгород 24,https://live-vestinn.cdnvideo.ru/vestinn/nn24-khl/playlist.m3u8,https://i.imgur.com/ZWgPVIC.png,channel-playlist:free-tv-br
Canais,Russia,Самара 24,https://vgtrkregion.cdnvideo.ru/vgtrk/samara/regionHD/playlist.m3u8,https://i.imgur.com/Xg7Xzna.png,channel-playlist:free-tv-br
Canais,Russia,Саратов 24,https://saratov24.tv/online/playlist.php,https://i.imgur.com/Y5G3ET6.png,channel-playlist:free-tv-br
Canais,Russia,Сибирь 24,https://vgtrkregion-reg.cdnvideo.ru/vgtrk/novosibirsk/russia1-hd/index.m3u8,https://i.imgur.com/WxU6QUB.png,channel-playlist:free-tv-br
Canais,Russia,Тольятти 24,https://tvtogliatti24.ru/hls/live1080/index.m3u8,https://i.imgur.com/5jVKopE.png,channel-playlist:free-tv-br
Canais,Russia,Урал 24,https://vgtrkregion-reg.cdnvideo.ru/vgtrk/chelyabinsk/russia1-hd/index.m3u8,https://i.imgur.com/EaxyGh0.png,channel-playlist:free-tv-br
Canais,Russia,Якутия 24,https://live-saha.cdnvideo.ru/saha2/yak24rtmp_live.smil/playlist.m3u8,https://i.imgur.com/2BAQklm.png,channel-playlist:free-tv-br
Canais,Russia,360 Новости,https://live-vgtrksmotrim.cdnvideo.ru/vgtrksmotrim/smotrim-live-03-srt.smil/playlist.m3u8,https://i.imgur.com/YXDeX8q.png,channel-playlist:free-tv-br
Canais,Russia,Вести ФМ,https://player.smotrim.ru/iframe/stream/live_id/52035,https://cdn-st3.smotrim.ru/vh/pictures/r/371/033/8.png,channel-playlist:free-tv-br
Canais,Russia,Небеса ТВ7 Ⓢ,https://vod.tv7.fi/tv7-ru/tv7-ru.smil/playlist.m3u8,https://www.nebesatv7.com/wp-content/themes/tv7-theme/assets/img/logo_nebesa_short.png,channel-playlist:free-tv-br
Canais,Russia,Север,https://live.mediacdn.ru/sr1/sever/playlist.m3u8,https://i.imgur.com/sTOQLYl.png,channel-playlist:free-tv-br
Canais,Russia,Смотрим: Мелодрамы,https://live-vgtrksmotrim.cdnvideo.ru/vgtrksmotrim/smotrim-live-02.smil/playlist.m3u8,https://cdn-st1.smotrim.ru/vh/pictures/r/456/967/6.png,channel-playlist:free-tv-br
Canais,Russia,Смотрим: Тайны,https://live-vgtrksmotrim.cdnvideo.ru/vgtrksmotrim/smotrim-live-07.smil/playlist.m3u8,https://cdn-st3.smotrim.ru/vh/pictures/r/456/396/2.png,channel-playlist:free-tv-br
Canais,Russia,Смотрим: Честный Детектив,https://live-vgtrksmotrim.cdnvideo.ru/vgtrksmotrim/smotrim-live-01.smil/playlist.m3u8,https://cdn-st3.smotrim.ru/vh/pictures/r/444/241/8.png,channel-playlist:free-tv-br
Canais,Russia,Соловьёв Live,https://player.smotrim.ru/iframe/stream/live_id/63338,https://i.imgur.com/v0OYe1d.png,channel-playlist:free-tv-br
Canais,Russia,Ю Ⓢ,https://strm.yandex.ru/kal/utv/utv0.m3u8,https://upload.wikimedia.org/wikipedia/ru/a/ac/%D0%9B%D0%BE%D0%B3%D0%BE%D1%82%D0%B8%D0%BF_%D1%82%D0%B5%D0%BB%D0%B5%D0%BA%D0%B0%D0%BD%D0%B0%D0%BB%D0%B0_%C2%AB%D0%AE%C2%BB_%28%D1%81_3_%D1%81%D0%B5%D0%BD%D1%82%D1%8F%D0%B1%D1%80%D1%8F_2018_%D0%B3%D0%BE%D0%B4%D0%B0%29.png,channel-playlist:free-tv-br
Canais,Russia,Матч! Планета Ⓢ,http://212.0.211.102:9999/play/a00b/index.m3u8,https://i.imgur.com/vhyMb9D.png,channel-playlist:free-tv-br
Canais,San Marino,San Marino Rtv,https://d2hrvno5bw6tg2.cloudfront.net/smrtv-ch01/_definst_/smil:ch-01.smil/chunklist_b2192000_slita.m3u8,https://i.imgur.com/lJpOlLv.png,channel-playlist:free-tv-br
Canais,San Marino,San Marino Rtv Sport,https://d2hrvno5bw6tg2.cloudfront.net/smrtv-ch02/_definst_/smil:ch-02.smil/chunklist_b1692000_slita.m3u8,https://i.imgur.com/PGm944g.png,channel-playlist:free-tv-br
Canais,Saudi Arabia,Al Saudiya,https://shd-gcp-live.edgenextcdn.net/live/bitmovin-saudi-tv/2ad66056b51fd8c1b624854623112e43/index.m3u8,https://i.imgur.com/GRQTndk.png,channel-playlist:free-tv-br
Canais,Saudi Arabia,SBC Saudi Arabia,https://shd-gcp-live.edgenextcdn.net/live/bitmovin-sbc/90e09c0c28db26435799b4a14892a167/index.m3u8,https://i.imgur.com/9JSQglj.png,channel-playlist:free-tv-br
Canais,Saudi Arabia,Al Ekhbariya,https://shd-gcp-live.edgenextcdn.net/live/bitmovin-al-ekhbaria/297b3ef1cd0633ad9cfba7473a686a06/index.m3u8,https://i.imgur.com/WcRlHQm.png,channel-playlist:free-tv-br
Canais,Saudi Arabia,Al Saudiya Alaan,https://shd-gcp-live.edgenextcdn.net/live/bitmovin-ksa-now/71ed3aa814c643306c0a8bc4fcc7d17f/index.m3u8,https://i.imgur.com/sEOjApe.png,channel-playlist:free-tv-br
Canais,Saudi Arabia,Al Quran Al Kareem TV,https://al-ekhbaria-prod-dub.shahid.net/out/v1/9885cab0a3ec4008b53bae57a27ca76b/index.m3u8,https://i.imgur.com/A2fJysM.png,channel-playlist:free-tv-br
Canais,Saudi Arabia,Rotana Cinema KSA,https://bcovlive-a.akamaihd.net/9527a892aeaf43019fd9eeb77ad1516e/eu-central-1/6057955906001/playlist.m3u8,https://i.imgur.com/pGgp38I.png,channel-playlist:free-tv-br
Canais,Saudi Arabia,Rotana Classic,https://bcovlive-a.akamaihd.net/0debf5648e584e5fb795c3611c5c0252/eu-central-1/6057955906001/playlist.m3u8,https://i.imgur.com/pMMUvkt.png,channel-playlist:free-tv-br
Canais,Serbia,RTS 1,https://webtvstream.bhtelecom.ba/rts1.m3u8,https://i.imgur.com/S1pKHSR.png,channel-playlist:free-tv-br
Canais,Serbia,RTS 2,https://webtvstream.bhtelecom.ba/rts2.m3u8,https://i.imgur.com/jltAf5h.png,channel-playlist:free-tv-br
Canais,Serbia,Red TV,https://edge8.pink.rs/redtv/index.m3u8,https://i.imgur.com/cpN7NrL.png,channel-playlist:free-tv-br
Canais,Serbia,Kurir TV,https://static.am.mediaoutcast.com/storage/nQJnjJkO/nQJnjJkO/stream/O68x4o8g/720p/720p.m3u8,https://i.imgur.com/HBPnUD5.png,channel-playlist:free-tv-br
Canais,Serbia,Informer TV,https://edge-rs-03.maksnet.tv/informertv-secure/web/playlist.m3u8,https://i.imgur.com/9wdEHRf.png,channel-playlist:free-tv-br
Canais,Slovakia,Markíza,https://sktv.mxnticek.eu/new/stream.php?ch=Markiza,https://raw.githubusercontent.com/tv-logo/tv-logos/main/countries/slovakia/markiza-sk.png,channel-playlist:free-tv-br
Canais,Slovakia,Doma,https://sktv.mxnticek.eu/new/stream.php?ch=Doma,https://raw.githubusercontent.com/tv-logo/tv-logos/main/countries/slovakia/markiza-doma-sk.png,channel-playlist:free-tv-br
Canais,Slovakia,Dajto,https://sktv.mxnticek.eu/new/stream.php?ch=Dajto,https://raw.githubusercontent.com/tv-logo/tv-logos/main/countries/slovakia/markiza-dajto-sk.png,channel-playlist:free-tv-br
Canais,Slovakia,Krimi,https://sktv.mxnticek.eu/new/stream.php?ch=Krimi,https://raw.githubusercontent.com/tv-logo/tv-logos/main/countries/slovakia/markiza-krimi-sk.png,channel-playlist:free-tv-br
Canais,Slovakia,Klasik,https://sktv.mxnticek.eu/new/stream.php?ch=Klasik,https://raw.githubusercontent.com/tv-logo/tv-logos/main/countries/slovakia/markiza-sk.png,channel-playlist:free-tv-br
Canais,Slovakia,Markíza TN Live,https://sktv.mxnticek.eu/new/stream.php?ch=Mark%C3%ADza%20TN%20Live,https://raw.githubusercontent.com/tv-logo/tv-logos/main/countries/slovakia/markiza-sk.png,channel-playlist:free-tv-br
Canais,Slovakia,JOJ,https://sktv.mxnticek.eu/new/stream.php?ch=JOJ,https://raw.githubusercontent.com/tv-logo/tv-logos/main/countries/slovakia/joj-sk.png,channel-playlist:free-tv-br
Canais,Slovakia,JOJ Plus,https://sktv.mxnticek.eu/new/stream.php?ch=JOJ%20Plus,https://raw.githubusercontent.com/tv-logo/tv-logos/main/countries/slovakia/joj-plus-sk.png,channel-playlist:free-tv-br
Canais,Slovakia,Wau,https://sktv.mxnticek.eu/new/stream.php?ch=Wau,https://raw.githubusercontent.com/tv-logo/tv-logos/main/countries/slovakia/joj-wau-sk.png,channel-playlist:free-tv-br
Canais,Slovakia,JOJ 24,https://sktv.mxnticek.eu/new/stream.php?ch=JOJ%2024,https://raw.githubusercontent.com/tv-logo/tv-logos/main/countries/slovakia/joj-24-sk.png,channel-playlist:free-tv-br
Canais,Slovakia,JOJ Šport,https://sktv.mxnticek.eu/new/stream.php?ch=JOJ%20%C5%A0port,https://raw.githubusercontent.com/tv-logo/tv-logos/main/countries/slovakia/joj-sport-sk.png,channel-playlist:free-tv-br
Canais,Slovakia,Jojko,https://sktv.mxnticek.eu/new/stream.php?ch=Jojko,https://raw.githubusercontent.com/tv-logo/tv-logos/main/countries/slovakia/jojko-sk.png,channel-playlist:free-tv-br
Canais,Slovakia,Jednotka,https://sktv.mxnticek.eu/new/stream.php?ch=Jednotka,https://raw.githubusercontent.com/tv-logo/tv-logos/main/countries/slovakia/jednotka-sk.png,channel-playlist:free-tv-br
Canais,Slovakia,Dvojka,https://sktv.mxnticek.eu/new/stream.php?ch=Dvojka,https://raw.githubusercontent.com/tv-logo/tv-logos/main/countries/slovakia/dvojka-sk.png,channel-playlist:free-tv-br
Canais,Slovakia,STVR :24,https://sktv.mxnticek.eu/new/stream.php?ch=STVR%20%3A24,https://raw.githubusercontent.com/tv-logo/tv-logos/main/countries/slovakia/rtvs-24-sk.png,channel-playlist:free-tv-br
Canais,Slovakia,Šport,https://sktv.mxnticek.eu/new/stream.php?ch=%C5%A0port,https://raw.githubusercontent.com/tv-logo/tv-logos/main/countries/slovakia/rtvs-sport-sk.png,channel-playlist:free-tv-br
Canais,Slovakia,STVR :O,https://sktv.mxnticek.eu/new/stream.php?ch=STVR%20%3AO,:,channel-playlist:free-tv-br
Canais,Slovakia,NR SR,https://sktv.mxnticek.eu/new/stream.php?ch=NR%20SR,,channel-playlist:free-tv-br
Canais,Slovakia,STVR Live,https://sktv.mxnticek.eu/new/stream.php?ch=STVR%20Live,Liv,channel-playlist:free-tv-br
Canais,Slovakia,TA3,https://sktv.mxnticek.eu/new/stream.php?ch=TA3,https://raw.githubusercontent.com/tv-logo/tv-logos/main/countries/slovakia/ta3-sk.png,channel-playlist:free-tv-br
Canais,Slovenia,TV SLO 1,https://www.tvkaista.net/stream-forwarder/get.php?x=TVSLO1,https://i.imgur.com/YIZOtcm.png,channel-playlist:free-tv-br
Canais,Slovenia,TV SLO 2,https://www.tvkaista.net/stream-forwarder/get.php?x=TVSLO2,https://i.imgur.com/mQe9U2h.png,channel-playlist:free-tv-br
Canais,Slovenia,TV SLO 3,https://www.tvkaista.net/stream-forwarder/get.php?x=TVSLO3,https://i.imgur.com/WGUyj7r.png,channel-playlist:free-tv-br
Canais,Slovenia,TV Koper/Capodistria,https://www.tvkaista.net/stream-forwarder/get.php?x=TVKC,https://i.imgur.com/NQvOJNh.png,channel-playlist:free-tv-br
Canais,Slovenia,TV Maribor,https://www.tvkaista.net/stream-forwarder/get.php?x=TVMaribor,https://i.imgur.com/tWf3dgf.png,channel-playlist:free-tv-br
Canais,Slovenia,MMC TV,https://www.tvkaista.net/stream-forwarder/get.php?x=MMCTV,https://i.imgur.com/yzETQJ4.png,channel-playlist:free-tv-br
Canais,Slovenia,Nova 24 TV Ⓨ,https://www.youtube.com/@Nova24TVSlovenija/live,https://i.imgur.com/M2207Vh.png,channel-playlist:free-tv-br
Canais,Slovenia,Folx Slovenija,https://cdne.folxplay.tv/folx-trz/streams/ch-5/master.m3u8,https://i.imgur.com/RK1IASU.png,channel-playlist:free-tv-br
Canais,Somalia,Dacwa TV Ⓢ,https://ap02.iqplay.tv:8082/iqb8002/d13w1/playlist.m3u8,https://i.imgur.com/rMqrLzV.png,channel-playlist:free-tv-br
Canais,Somalia,MM Somali TV Ⓨ,https://www.youtube.com/@mmsomalitv/live,https://www.lyngsat.com/logo/tv/mm/mm-somali-tv-so.png,channel-playlist:free-tv-br
Canais,Somalia,Puntland TV Ⓢ,http://cdn.mediavisionuae.com:1935/live/putlandtv2.stream/playlist.m3u8,https://i.imgur.com/C8EvQUo.png,channel-playlist:free-tv-br
Canais,Somalia,Saab TV Ⓢ,https://ap02.iqplay.tv:8082/iqb8002/s03btv/playlist.m3u8,https://i.imgur.com/JEC1J89.png,channel-playlist:free-tv-br
Canais,Somalia,SBC Somalia Ⓢ,http://cdn.mediavisionuae.com:1935/live/sbctv.stream/playlist.m3u8,https://i.imgur.com/VLhgTIA.png,channel-playlist:free-tv-br
Canais,Somalia,SNTV Daljir Ⓢ,https://ap02.iqplay.tv:8082/iqb8002/s2tve/playlist.m3u8,https://i.imgur.com/Re3ur88.png,channel-playlist:free-tv-br
Canais,Somalia,Somali Cable TV Ⓢ,https://ap02.iqplay.tv:8082/iqb8002/somc131/playlist.m3u8,https://i.imgur.com/iPkaCts.png,channel-playlist:free-tv-br
Canais,Somalia,Somali National TV Ⓢ,https://ap02.iqplay.tv:8082/iqb8002/s4ne/playlist.m3u8,https://upload.wikimedia.org/wikipedia/commons/d/d6/SNTV_REBRANDED_LOGO.png,channel-playlist:free-tv-br
Canais,Spain,La 1,https://dh6vo1bovy43s.cloudfront.net/v1/master/3722c60a815c199d9c0ef36c5b73da68a62b09d1/cc-x3gcl32l5ffq2/La_1_ES.m3u8,https://i.imgur.com/NbesiPn.png,channel-playlist:free-tv-br
Canais,Spain,La 2,https://di2qeq48iv8ps.cloudfront.net/v1/master/3722c60a815c199d9c0ef36c5b73da68a62b09d1/cc-o8u23e6v7vptv/La_2_ES.m3u8,https://i.imgur.com/DmuTwDw.png,channel-playlist:free-tv-br
Canais,Spain,24h,https://d3pfmk89wc0vm9.cloudfront.net/v1/master/3722c60a815c199d9c0ef36c5b73da68a62b09d1/cc-nlow3qkp9tmdm/24H_ES.m3u8,https://i.imgur.com/ZKR2jKr.png,channel-playlist:free-tv-br
Canais,Spain,tdp,https://rtvelivestream.akamaized.net/rtvesec/tdp/tdp_main.m3u8,https://i.imgur.com/HliegRJ.png,channel-playlist:free-tv-br
Canais,Spain,clan,https://rtvelivestream.akamaized.net/rtvesec/clan/clan_main_dvr.m3u8,https://i.imgur.com/38xIfQ3.png,channel-playlist:free-tv-br
Canais,Spain,TVE Internacional Europe-Asia,https://rtvelivestream.akamaized.net/rtvesec/int/tvei_eu_main_dvr.m3u8,https://i.imgur.com/ow1HArj.png,channel-playlist:free-tv-br
Canais,Spain,Atreseries Ⓢ,http://181.78.109.48:8000/play/a00l/index.m3u8,https://raw.githubusercontent.com/tv-logo/tv-logos/refs/heads/main/countries/spain/atreseries-es.png,channel-playlist:free-tv-br
Canais,Spain,Divinity Ⓖ,https://directos.divinity.es/orilinear04/live/linear04/main/main.isml/main-audio_spa=128000-video=1500000.m3u8,https://i.imgur.com/o7fvEr6.png,channel-playlist:free-tv-br
Canais,Spain,Energy Ⓖ,https://directos.energytv.es/orilinear03/live/linear03/main/main.isml/main-audio_spa=128000-video=1500000.m3u8,https://raw.githubusercontent.com/tv-logo/tv-logos/refs/heads/main/countries/spain/energy-es.png,channel-playlist:free-tv-br
Canais,Spain,Be Mad Ⓖ,https://directos.bemad.es/orilinear02/live/linear02/main/main.isml/main-audio_spa=128000-video=1500000.m3u8,https://upload.wikimedia.org/wikipedia/commons/thumb/7/70/Be_Mad_TV.svg/500px-Be_Mad_TV.svg.png,channel-playlist:free-tv-br
Canais,Spain,Paramount Network,https://jmp2.uk/plu-68d566603d3a9580eb461251.m3u8,https://upload.wikimedia.org/wikipedia/commons/thumb/9/9f/Paramount_Network.svg/500px-Paramount_Network.svg.png,channel-playlist:free-tv-br
Canais,Spain,RNE para todos,https://rtvelivestream.akamaized.net/rtvesec/rne/rne_para_todos_main.m3u8,https://graph.facebook.com/radionacionalrne/picture?width=200&height=200,channel-playlist:free-tv-br
Canais,Spain,euronews,https://euronews-live-spa-es.fast.rakuten.tv/v1/master/0547f18649bd788bec7b67b746e47670f558b6b2/production-LiveChannel-6571/bitok/eyJzdGlkIjoiMDA0YjY0NTMtYjY2MC00ZTZkLTlkNzEtMTk3YTM3ZDZhZWIxIiwibWt0IjoiZXMiLCJjaCI6NjU3MSwicHRmIjoxfQ==/26034/euronews-es.m3u8,https://raw.githubusercontent.com/tv-logo/tv-logos/refs/heads/main/countries/international/euro-news-int.png,channel-playlist:free-tv-br
Canais,Spain,El País,https://d2xqbi89ghm9hh.cloudfront.net/v1/master/3722c60a815c199d9c0ef36c5b73da68a62b09d1/cc-79fx3huimw4xc-ssai-prd/fast-channel-el-pais.m3u8,https://graph.facebook.com/elpais/picture?width=200&height=200,channel-playlist:free-tv-br
Canais,Spain,Negocios,https://streaming013.gestec-video.com/hls/negociostv.m3u8,https://pbs.twimg.com/profile_images/1321367703731523584/bNMmbetI_200x200.jpg,channel-playlist:free-tv-br
Canais,Spain,Squirrel,https://tsw.streamingwebtv24.it:1936/inteccdn1/inteccdn1/playlist.m3u8,https://i.imgur.com/urF0kYA.png,channel-playlist:free-tv-br
Canais,Spain,BOM Cine,https://tsw.streamingwebtv24.it:1936/inteccdn3/inteccdn3/playlist.m3u8,https://i.imgur.com/cqhofMU.png,channel-playlist:free-tv-br
Canais,Spain,Telemadrid,https://telemadrid-23-secure2.akamaized.net/master.m3u8,https://upload.wikimedia.org/wikipedia/commons/thumb/7/71/TeleMadrid.svg/500px-TeleMadrid.svg.png,channel-playlist:free-tv-br
Canais,Spain,La Otra,https://laotra-1-23-secure2.akamaized.net/master.m3u8,https://i.imgur.com/W1UZyXH.png,channel-playlist:free-tv-br
Canais,Spain,Canal Sur Andalucía,https://d35x6iaiw8f75z.cloudfront.net/v1/master/3722c60a815c199d9c0ef36c5b73da68a62b09d1/cc-kbwsl0jk1bvoo/canal_sur_andalucia_es.m3u8,https://i.imgur.com/WcVOXPr.png,channel-playlist:free-tv-br
Canais,Spain,La 8 Mediterráneo,https://streaming004.gestec-video.com/hls/8TV.m3u8,https://graph.facebook.com/la8mediterraneo/picture?width=200&height=200,channel-playlist:free-tv-br
Canais,Spain,Televisión Canaria Ⓨ,https://www.youtube.com/user/TelevisionCanaria/live,https://i.imgur.com/68LNS8e.png,channel-playlist:free-tv-br
Canais,Spain,IB3 Global Ⓨ,https://www.youtube.com/c/ib3/live,https://raw.githubusercontent.com/tv-logo/tv-logos/refs/heads/main/countries/spain/ib3-es.png,channel-playlist:free-tv-br
Canais,Spain,Canal Extremadura,https://cdnapisec.kaltura.com/p/5581662/sp/558166200/playManifest/entryId/1_1u7ssdy3/protocol/https/format/applehttp/flavorIds/1_8xbndriw/a.m3u8,https://i.imgur.com/xBeywIA.png,channel-playlist:free-tv-br
Canais,Spain,Aragón TV Ⓢ,https://cartv.streaming.aranova.es/hls/live/aragontv_canal1.m3u8,https://i.imgur.com/8H3Q07b.png,channel-playlist:free-tv-br
Canais,Spain,ETB1,https://multimedia.eitb.eus/live-content/etb1hd-hls/master.m3u8,https://upload.wikimedia.org/wikipedia/commons/thumb/f/f4/ETB1_2022_logo.svg/500px-ETB1_2022_logo.svg.png,channel-playlist:free-tv-br
Canais,Spain,ETB2,https://multimedia.eitb.eus/live-content/etb2hd-hls/master.m3u8,https://upload.wikimedia.org/wikipedia/commons/thumb/c/c4/ETB2_2022_logo.svg/500px-ETB2_2022_logo.svg.png,channel-playlist:free-tv-br
Canais,Spain,TV3Cat Ⓖ,https://directes3-tv-int.3catdirectes.cat/live-content/tvi-hls/master.m3u8,https://upload.wikimedia.org/wikipedia/commons/thumb/9/97/TV3CAT.svg/500px-TV3CAT.svg.png,channel-playlist:free-tv-br
Canais,Spain,3/24,https://directes-tv-int.3catdirectes.cat/live-origin/canal324-hls/master.m3u8,https://raw.githubusercontent.com/tv-logo/tv-logos/refs/heads/main/countries/spain/3-24-es.png,channel-playlist:free-tv-br
Canais,Spain,Bon Dia,https://directes-tv-int.3catdirectes.cat/live-content/bondia-hls/master.m3u8,https://upload.wikimedia.org/wikipedia/commons/4/4f/Logo_Bon_Dia_TV.png,channel-playlist:free-tv-br
Canais,Spain,SX3 Ⓖ,https://directes-tv-cat.3catdirectes.cat/live-content/super3-hls/master.m3u8,https://upload.wikimedia.org/wikipedia/commons/thumb/0/01/SX3_logo.svg/2880px-SX3_logo.svg.png,channel-playlist:free-tv-br
Canais,Spain,El 33 Ⓖ,https://directes-tv-cat.3catdirectes.cat/live-origin/c33-super3-hls/master.m3u8,https://raw.githubusercontent.com/tv-logo/tv-logos/refs/heads/main/countries/spain/el-33-es.png,channel-playlist:free-tv-br
Canais,Spain,Esport3 Ⓖ,https://directes-tv-es.3catdirectes.cat/live-origin/esport3-hls/master.m3u8,https://upload.wikimedia.org/wikipedia/commons/thumb/9/9a/Esport3.svg/1200px-Esport3.svg.png,channel-playlist:free-tv-br
Canais,Spain,Canal TE24,https://ingest1-video.streaming-pro.com/esportsteABR/etestream/playlist.m3u8,https://i.ibb.co/3ynghbW/logox2.png,channel-playlist:free-tv-br
Canais,Spain,À Punt TV,https://bcovlive-a.akamaihd.net/8499d938ef904e39b58a4adec2ddeada/eu-west-1/6057955885001/playlist_dvr.m3u8,https://i.imgur.com/M88LoNl.png,channel-playlist:free-tv-br
Canais,Spain,7 Región de Murcia Ⓢ,https://rtv-murcia-live.globalmest.com/principal/smil:principal.smil/playlist.m3u8,https://upload.wikimedia.org/wikipedia/commons/thumb/2/26/La_7_logo.svg/150px-La_7_logo.svg.png,channel-playlist:free-tv-br
Canais,Spain,Canal 4 Tenerife,https://videoserver.tmcreativos.com:19360/ccxwhsfcnq/ccxwhsfcnq.m3u8,https://i.imgur.com/Egymir4.png,channel-playlist:free-tv-br
Canais,Spain,La 1 (Catalunya),https://rtvelivestream-clnx.rtve.es/rtvesec/cat/la1_cat_main_dvr.m3u8,https://i.imgur.com/NbesiPn.png,channel-playlist:free-tv-br
Canais,Spain,La 1 (Canarias),https://rtvelivestream-clnx.rtve.es/rtvesec/can/la1_can_main_720.m3u8,https://i.imgur.com/NbesiPn.png,channel-playlist:free-tv-br
Canais,Spain,La 2 (Catalunya),https://rtvelivestream.akamaized.net/rtvesec/cat/la2_cat_main_dvr.m3u8,https://i.imgur.com/DmuTwDw.png,channel-playlist:free-tv-br
Canais,Spain,La 2 (Canarias),https://ztnr.rtve.es/ztnr/5468585.m3u8,https://i.imgur.com/DmuTwDw.png,channel-playlist:free-tv-br
Canais,Spain VOD,HQM Arabic,https://livelist01.yowi.tv/lista/39596c72840d27b213caf4e58c39599a6f2ed203/master.m3u8,https://hqm.es/wp-content/uploads/arabic-hqm-logo.png,channel-playlist:free-tv-br
Canais,Spain VOD,HQM Baladas,https://livelist01.yowi.tv/lista/5d7d2c21e0ec7a8a99fd1fdbc52cbdc0782f77fc/master.m3u8,https://hqm.es/wp-content/uploads/baladas-hqm-logo.png,channel-playlist:free-tv-br
Canais,Spain VOD,HQM Blues,https://livelist01.yowi.tv/lista/81c601f370e44dc566113fd752204be5f5f53b61/master.m3u8,https://hqm.es/wp-content/uploads/blues-hqm-logo.png,channel-playlist:free-tv-br
Canais,Spain VOD,HQM Chill Out,https://livelist01.yowi.tv/lista/183a351ddb0e57af6d735256226e6033c32219ab/master.m3u8,https://hqm.es/wp-content/uploads/chill-out-hqm-logo.png,channel-playlist:free-tv-br
Canais,Spain VOD,HQM Classic,https://livelist01.yowi.tv/lista/f04129475945936b248aa723de56519ea2ff10fc/master.m3u8,https://hqm.es/wp-content/uploads/classic-hqm-logo.png,channel-playlist:free-tv-br
Canais,Spain VOD,HQM Dance,https://livelist01.yowi.tv/lista/57cf2f51b07ff21988a7a6f0270a66d41086d4a4/master.m3u8,https://hqm.es/wp-content/uploads/dance-hqm-logo.png,channel-playlist:free-tv-br
Canais,Spain VOD,HQM Folk,https://livelist01.yowi.tv/lista/9f5310c179e8e840188d183be235f755b18cf703/master.m3u8,https://hqm.es/wp-content/uploads/folk-hqm-logo.png,channel-playlist:free-tv-br
Canais,Spain VOD,HQM Gym,https://livelist01.yowi.tv/lista/abb87f329d0ed03072b1930e9636a53e8076c8d5/master.m3u8,https://hqm.es/wp-content/uploads/gym-hqm-logo.png,channel-playlist:free-tv-br
Canais,Spain VOD,HQM Hip Hop,https://livelist01.yowi.tv/lista/8327abc87895df4c76db1155435fdca6a3607bbd/master.m3u8,https://hqm.es/wp-content/uploads/hip-hop-hqm-logo.png,channel-playlist:free-tv-br
Canais,Spain VOD,HQM Hits,https://livelist01.yowi.tv/lista/5e2db2017a8fd03f73b40ede363d1a586db4e9a6/master.m3u8,https://hqm.es/wp-content/uploads/hits-hqm-logo.png,channel-playlist:free-tv-br
Canais,Spain VOD,HQM Jazz,https://livelist01.yowi.tv/lista/f204aa5b3f0691e69851b54b7746ef09ede26f6a/master.m3u8,https://hqm.es/wp-content/uploads/jazz-hqm-logo.png,channel-playlist:free-tv-br
Canais,Spain VOD,HQM Kids,https://livelist01.yowi.tv/lista/e4bc12dafe33c3ceb3e382e3acc0ec2c012cf7fd/master.m3u8,https://hqm.es/wp-content/uploads/kids-hqm-logo.png,channel-playlist:free-tv-br
Canais,Spain VOD,HQM Latin,https://livelist01.yowi.tv/lista/9a4da7871ec57b4b63ed49597a13d09869172be0/master.m3u8,https://hqm.es/wp-content/uploads/latin-hqm-logo.png,channel-playlist:free-tv-br
Canais,Spain VOD,HQM Pop,https://livelist01.yowi.tv/lista/eb2fa68a058a701fa5bd2c80f6c8a6075896f71d/master.m3u8,https://hqm.es/wp-content/uploads/pop-hqm-logo.png,channel-playlist:free-tv-br
Canais,Spain VOD,HQM Relax,https://livelist01.yowi.tv/lista/dc1b71c6fda2e687050facaa7242062cbf5a7f2a/master.m3u8,https://hqm.es/wp-content/uploads/relax-hqm-logo.png,channel-playlist:free-tv-br
Canais,Spain VOD,HQM Remember,https://livelist01.yowi.tv/lista/57c98e2e295a0b69b52dc5f84edc4b1b68783ba2/master.m3u8,https://hqm.es/wp-content/uploads/remember-hqm-logo.png,channel-playlist:free-tv-br
Canais,Spain VOD,HQM Rock,https://livelist01.yowi.tv/lista/0d6c7ccfac89946bfd41ae34c527e8d94734065c/master.m3u8,https://hqm.es/wp-content/uploads/rock-hqm-logo.png,channel-playlist:free-tv-br
Canais,Spain VOD,HQM Spanish,https://livelist01.yowi.tv/lista/8635ae40f8d1a32eccd63d1f58b55662c9c98f9f/master.m3u8,https://hqm.es/wp-content/uploads/spanish-hqm-logo.png,channel-playlist:free-tv-br
Canais,Sweden,SVT 1 Ⓖ,https://ed2.cdn.svt.se/ed7/d1/c/se/svt1/manifest.mpd?defaultSubLang=1,https://upload.wikimedia.org/wikipedia/commons/thumb/1/1b/SVT1_logo_2016.svg/800px-SVT1_logo_2016.svg.png,channel-playlist:free-tv-br
Canais,Sweden,SVT 2 Ⓖ,https://ed2.cdn.svt.se/ed7/d1/c/se/svt2/manifest.mpd?defaultSubLang=1,https://i.imgur.com/iB3veGx.png,channel-playlist:free-tv-br
Canais,Sweden,ATG Live Ⓢ,https://httpcache0-00688-cacheliveedge0.dna.qbrick.com/00688-cacheliveedge0/out/u/atg_sdi_1_free.m3u8,https://i.imgur.com/bPWFXkL.png,channel-playlist:free-tv-br
Canais,Sweden,Expressen TV,https://cdn0-03837-liveedge0.dna.ip-only.net/03837-liveedge0/smil:03837-tx2/playlist.m3u8,https://i.imgur.com/8EjMSr7.png,channel-playlist:free-tv-br
Canais,Sweden,Kanal 10 Sverige,https://rrr.sz.xlcdn.com/?account=cn_kanal10media&file=live_transcoded&type=live&service=wowza&protocol=https&output=playlist.m3u8,https://i.imgur.com/vlh699v.png,channel-playlist:free-tv-br
Canais,Sweden,SVT 24 Ⓖ,https://ed2.cdn.svt.se/ed7/d1/c/se/svtb/manifest.mpd?defaultSubLang=1,https://i.imgur.com/o9M7Tiq.png,channel-playlist:free-tv-br
Canais,Sweden,Kunskapskanalen Ⓖ,https://ed2.cdn.svt.se/ed7/d1/c/se/svtk/manifest.mpd?defaultSubLang=1,https://i.imgur.com/9YBxoGc.png,channel-playlist:free-tv-br
Canais,Sweden,Di TV,https://cdn0-03837-liveedge0.dna.ip-only.net/03837-liveedge0/smil:03837-tx4/playlist.m3u8,https://i.imgur.com/zApTDWn.png,channel-playlist:free-tv-br
Canais,Sweden,Öppna Kanalen Stockholm Ⓢ,https://edg03-prd-se-ixn.solidtango.com/edge/451iw2h/playlist.m3u8,https://i.imgur.com/GWlstv5.png,channel-playlist:free-tv-br
Canais,Sweden,Öppna Kanalen Malmö Ⓢ,https://edg01-prd-de-ixn.solidtango.com/edge/_8ynhbua3_/8ynhbua3/manifest.m3u8,https://i.imgur.com/sjw8dsM.jpg,channel-playlist:free-tv-br
Canais,Sweden,Västmanlands TV,https://edg01-prd-se-dcs.solidtango.com/edge/lo9yf4l5/playlist.m3u8,https://i.imgur.com/EXBaQ88.jpg,channel-playlist:free-tv-br
Canais,Sweden,Sundskanalen,https://stream.sundskanalen.se/live/view/index.m3u8,https://i.imgur.com/8uT0p3q.jpg,channel-playlist:free-tv-br
Canais,Sweden,Öppna Kanalen Skövde,https://edg01-prd-de-ixn.solidtango.com/edge/_c6697zkv_/c6697zkv/manifest.m3u8,https://i.imgur.com/1LkYbaQ.png,channel-playlist:free-tv-br
Canais,Sweden,Lokal-TV Uddevalla / Fyrbodal-TV Ⓨ,https://www.youtube.com/@LtvuSeTube/live,https://i.imgur.com/cnLkbOT.png,channel-playlist:free-tv-br
Canais,Sweden,Aryen TV,https://aryen.tv/live/tv/playlist.m3u8,https://i.imgur.com/qUg7edz.png,channel-playlist:free-tv-br
Canais,Sweden,Suryoyo Sat,https://player-api.new.livestream.com/accounts/10187302/events/6785118/broadcasts/237816618.secure.m3u8,https://i.imgur.com/naCNjaB.png,channel-playlist:free-tv-br
Canais,Switzerland,SRF 1,http://51.91.73.99:25461/sweden/PM66f7Y43H/25849,https://i.imgur.com/KCPHba2.png,channel-playlist:free-tv-br
Canais,Switzerland,TVO,https://cdnapisec.kaltura.com/p/1719221/sp/171922100/playManifest/entryId/1_t5h46v64/format/applehttp/protocol/https/a.m3u8,https://i.imgur.com/5QFZ05B.png,channel-playlist:free-tv-br
Canais,Switzerland,RTS Un,http://hotiptv.site:8080/zkby2013/1d469e6d9e42/67585,https://i.imgur.com/gWuuBZc.png,channel-playlist:free-tv-br
Canais,Switzerland,TVM 3,http://livevideo.infomaniak.com/streaming/livecast/tvm3/playlist.m3u8,https://i.imgur.com/3v6iZE6.png,channel-playlist:free-tv-br
Canais,Switzerland,RSI La 1,http://190.2.155.162/RSI1/index.m3u8,https://i.imgur.com/j8ogbli.png,channel-playlist:free-tv-br
Canais,Switzerland,RSI La 2,http://190.2.155.162/RSI2/index.m3u8,https://i.imgur.com/vm62h3t.png,channel-playlist:free-tv-br
Canais,Switzerland,Teleticino,https://vstream-cdn.ch/hls/teleticino_720p/index.m3u8,https://i.imgur.com/zm2ruqz.png,channel-playlist:free-tv-br
Canais,Taiwan,CTV News Channel (中視新聞台) Ⓨ,https://www.youtube.com/watch?v=TCnaIE_SAtM,https://upload.wikimedia.org/wikipedia/zh/6/67/CTV_News_logo.png,channel-playlist:free-tv-br
Canais,Taiwan,PTS Taigi (公視台語台) Ⓨ Ⓖ,https://www.youtube.com/watch?v=6KlRR_DGhmI,https://upload.wikimedia.org/wikipedia/zh/thumb/8/8a/PTS_Taigi.svg/640px-PTS_Taigi.svg.png,channel-playlist:free-tv-br
Canais,Taiwan,TaiwanPlus Ⓨ,https://www.youtube.com/watch?v=dZp87qnWelE,https://upload.wikimedia.org/wikipedia/zh/thumb/7/79/Taiwan_Plus_logo.svg/640px-Taiwan_Plus_logo.svg.png,channel-playlist:free-tv-br
Canais,Taiwan,民視無線台,http://seb.sason.top/ptv/ftv.php?id=ms,https://upload.wikimedia.org/wikipedia/zh/thumb/4/49/FTV_HD_Logo.svg/640px-FTV_HD_Logo.svg.png,channel-playlist:free-tv-br
Canais,Taiwan,FTV One (民視第一台),http://seb.sason.top/ptv/ftv.php?id=dy,https://i.imgur.com/HBT2o0I.png,channel-playlist:free-tv-br
Canais,Taiwan,FTV News (民視新聞台) Ⓨ,https://www.youtube.com/watch?v=ylYJSBUgaMA,https://i.imgur.com/j9Gebr5.png,channel-playlist:free-tv-br
Canais,Taiwan,FTV Taiwan (民視台灣台),http://seb.sason.top/ptv/ftv.php?id=tw,https://i.imgur.com/p108I5g.png,channel-playlist:free-tv-br
Canais,Taiwan,TTV Main Channel (臺灣電視台) Ⓨ Ⓖ,https://www.youtube.com/watch?v=uDqQo8a7Xmk,https://upload.wikimedia.org/wikipedia/zh/4/43/TTV_Home_Channel_with_HD_2016.png,channel-playlist:free-tv-br
Canais,Taiwan,TTV News (台視新聞台) Ⓨ,https://www.youtube.com/watch?v=xL0ch83RAK8,https://upload.wikimedia.org/wikipedia/zh/3/3f/TTV_News_Channel_with_HD_2016.png,channel-playlist:free-tv-br
Canais,Taiwan,Congress Channel 1 Ⓨ,https://www.youtube.com/watch?v=4HysYHJ6GkY,https://i.imgur.com/0dVlvsz.png,channel-playlist:free-tv-br
Canais,Taiwan,Congress Channel 2 Ⓨ,https://www.youtube.com/watch?v=RAP4h3q6_Sg,https://i.imgur.com/htGr996.png,channel-playlist:free-tv-br
Canais,Trinidad,CNC3,https://sktv-forwarders.7m.pl/get.php?x=CNC3,https://i.imgur.com/1E73l2j.png,channel-playlist:free-tv-br
Canais,Trinidad,gayelle,https://sktv-forwarders.7m.pl/get.php?x=gayelle,https://i.imgur.com/GhWdqLq.jpg,channel-playlist:free-tv-br
Canais,Trinidad,Synergy TV,https://sktv-forwarders.7m.pl/get.php?x=Synergy_TV,https://i.imgur.com/ugAy0UG.jpg,channel-playlist:free-tv-br
Canais,Trinidad,TTT,https://sktv-forwarders.7m.pl/get.php?x=TTT,https://i.imgur.com/rxf4x8J.jpg,channel-playlist:free-tv-br
Canais,Trinidad,IBN,https://sktv-forwarders.7m.pl/get.php?x=IBN,https://i.imgur.com/hSJGncF.jpg,channel-playlist:free-tv-br
Canais,Trinidad,Trinity TV,https://sktv-forwarders.7m.pl/get.php?x=Trinity_TV,https://i.imgur.com/prgVynR.jpg,channel-playlist:free-tv-br
Canais,Turkey,TRT 1,https://tv-trt1.medya.trt.com.tr/master.m3u8,https://i.imgur.com/j786OLG.png,channel-playlist:free-tv-br
Canais,Turkey,TRT 2 Ⓖ,https://tv-trt2.medya.trt.com.tr/master.m3u8,https://i.imgur.com/lNWrOE2.png,channel-playlist:free-tv-br
Canais,Turkey,TRT Haber,https://tv-trthaber.medya.trt.com.tr/master.m3u8,https://i.imgur.com/OVfo8Ab.png,channel-playlist:free-tv-br
Canais,Turkey,TRT Spor Ⓖ,https://tv-trtspor1.medya.trt.com.tr/master.m3u8,https://i.imgur.com/N2wGZyf.png,channel-playlist:free-tv-br
Canais,Turkey,TRT Spor 2 Ⓖ,https://tv-trtspor2.medya.trt.com.tr/master.m3u8,https://i.imgur.com/ysKteM8.png,channel-playlist:free-tv-br
Canais,Turkey,TRT Çocuk,https://tv-trtcocuk.medya.trt.com.tr/master.m3u8,https://i.imgur.com/QLFmD6d.png,channel-playlist:free-tv-br
Canais,Turkey,TRT Müzik,https://tv-trtmuzik.medya.trt.com.tr/master.m3u8,https://i.imgur.com/fIVFCEd.png,channel-playlist:free-tv-br
Canais,Turkey,TRT Belgesel,https://tv-trtbelgesel-dai.medya.trt.com.tr/master.m3u8,https://i.imgur.com/MGO87pe.png,channel-playlist:free-tv-br
Canais,Turkey,TRT Avaz,https://tv-trtavaz.medya.trt.com.tr/master.m3u8,https://i.imgur.com/VhTwXu5.png,channel-playlist:free-tv-br
Canais,Turkey,TRT Kurdî,https://tv-trtkurdi.medya.trt.com.tr/master.m3u8,https://i.imgur.com/6BpymfB.png,channel-playlist:free-tv-br
Canais,Turkey,TRT Arabi,https://tv-trtarabi.medya.trt.com.tr/master.m3u8,https://i.imgur.com/yyhWOZs.png,channel-playlist:free-tv-br
Canais,Turkey,TRT World,https://tv-trtworld.medya.trt.com.tr/master.m3u8,https://i.imgur.com/JEA2xpv.png,channel-playlist:free-tv-br
Canais,Turkey,TRT Türk,https://tv-trtturk.medya.trt.com.tr/master.m3u8,https://i.imgur.com/OSTOQNw.png,channel-playlist:free-tv-br
Canais,Turkey,TRT EBA Ilkokul,https://tv-e-okul00.medya.trt.com.tr/master.m3u8,https://i.imgur.com/wDvZfk8.png,channel-playlist:free-tv-br
Canais,Turkey,TRT EBA Ortaokul,https://tv-e-okul01.medya.trt.com.tr/master.m3u8,https://i.imgur.com/yfPTvRx.png,channel-playlist:free-tv-br
Canais,Turkey,TRT EBA Lise,https://tv-e-okul02.medya.trt.com.tr/master.m3u8,https://i.imgur.com/IebUZx1.png,channel-playlist:free-tv-br
Canais,Turkmenistan,Altyn Asyr,https://alpha.tv.online.tm/hls/ch001.m3u8,,channel-playlist:free-tv-br
Canais,Turkmenistan,Yaslyk,https://alpha.tv.online.tm/hls/ch002.m3u8,,channel-playlist:free-tv-br
Canais,Turkmenistan,Miras,https://alpha.tv.online.tm/hls/ch003.m3u8,,channel-playlist:free-tv-br
Canais,Turkmenistan,Türkmen Sporty,https://alpha.tv.online.tm/hls/ch004.m3u8,,channel-playlist:free-tv-br
Canais,Turkmenistan,Türkmen Owazy,https://alpha.tv.online.tm/hls/ch005.m3u8,,channel-playlist:free-tv-br
Canais,Turkmenistan,Ashgabat,https://alpha.tv.online.tm/hls/ch006.m3u8,,channel-playlist:free-tv-br
Canais,Turkmenistan,Türkmenistan,https://alpha.tv.online.tm/hls/ch007.m3u8,,channel-playlist:free-tv-br
Canais,Turkmenistan,ARKADAG,https://alpha.tv.online.tm/hls/ch000.m3u8,,channel-playlist:free-tv-br
Canais,UK,BBC One Ⓖ,https://vs-hls-pushb-uk-live.akamaized.net/x=4/i=urn:bbc:pips:service:bbc_one_yorks/iptv_hd_abr_v1.m3u8,https://upload.wikimedia.org/wikipedia/commons/thumb/8/8b/BBC_One_logo_2021.svg/640px-BBC_One_logo_2021.svg.png,channel-playlist:free-tv-br
Canais,UK,BBC Two Ⓖ,https://vs-hls-push-uk-live.akamaized.net/x=4/i=urn:bbc:pips:service:bbc_two_hd/iptv_hd_abr_v1.m3u8,https://upload.wikimedia.org/wikipedia/commons/thumb/1/15/BBC_Two_logo_2021.svg/640px-BBC_Two_logo_2021.svg.png,channel-playlist:free-tv-br
Canais,UK,Channel 4 Ⓢ,http://176.65.146.105:8011/play/a07w/index.m3u8,https://upload.wikimedia.org/wikipedia/en/thumb/9/9b/Channel_4_%28On_Demand%29_2023.svg/569px-Channel_4_%28On_Demand%29_2023.svg.png,channel-playlist:free-tv-br
Canais,UK,S4C Ⓖ,https://live-uk.s4c-cdn.co.uk/out/v1/a0134f1fd5a2461b9422b574566d4442/live_uk.m3u8,https://i.imgur.com/vrcbnBv.png,channel-playlist:free-tv-br
Canais,UK,BBC Alba Ⓖ,https://vs-hls-pushb-uk-live.akamaized.net/x=4/i=urn:bbc:pips:service:bbc_alba/iptv_hd_abr_v1.m3u8,https://upload.wikimedia.org/wikipedia/commons/thumb/e/e3/BBC_Alba_2021.svg/640px-BBC_Alba_2021.svg.png,channel-playlist:free-tv-br
Canais,UK,BBC Four Ⓖ,https://vs-hls-pushb-uk-live.akamaized.net/x=4/i=urn:bbc:pips:service:bbc_four_hd/iptv_hd_abr_v1.m3u8,https://upload.wikimedia.org/wikipedia/commons/thumb/6/6d/BBC_Four_logo_2021.svg/640px-BBC_Four_logo_2021.svg.png,channel-playlist:free-tv-br
Canais,UK,BBC Scotland Ⓢ Ⓖ,https://vs-hls-pushb-uk-live.akamaized.net/x=4/i=urn:bbc:pips:service:bbc_scotland_hd/pc_hd_abr_v2.m3u8,https://upload.wikimedia.org/wikipedia/commons/thumb/6/66/BBC_Scotland_2021_%28channel%29.svg/640px-BBC_Scotland_2021_%28channel%29.svg.png,channel-playlist:free-tv-br
Canais,UK,E4 Ⓢ,http://176.65.146.105:8011/play/E4HD/index.m3u8,https://upload.wikimedia.org/wikipedia/en/thumb/0/06/E4_logo_2018.svg/552px-E4_logo_2018.svg.png,channel-playlist:free-tv-br
Canais,UK,Film4 Ⓢ,http://176.65.146.105:8011/play/FILM4SD/index.m3u8,https://upload.wikimedia.org/wikipedia/en/thumb/5/53/Film4_logo_2018.svg/805px-Film4_logo_2018.svg.png,channel-playlist:free-tv-br
Canais,UK,QVC UK Ⓢ,https://qvcuk-live.akamaized.net/hls/live/2097112/qvc/3/3.m3u8,https://i.imgur.com/6TWUVrh.png,channel-playlist:free-tv-br
Canais,UK,TJC,https://cdn-shop-lc-01.akamaized.net/Content/HLS_HLS/Live/channel(TJCOTT)/index.m3u8,https://i.imgur.com/fk5rEje.png,channel-playlist:free-tv-br
Canais,UK,BBC Three Ⓖ,https://vs-hls-pushb-uk-live.akamaized.net/x=4/i=urn:bbc:pips:service:bbc_three_hd/iptv_hd_abr_v1.m3u8,https://upload.wikimedia.org/wikipedia/commons/thumb/7/76/BBC_Three_2022.svg/640px-BBC_Three_2022.svg.png,channel-playlist:free-tv-br
Canais,UK,GemsTV Ⓢ,http://57d6b85685bb8.streamlock.net:1935/abrgemporiaukgfx/livestream_360p/index.m3u8,https://i.imgur.com/IR2sTag.png,channel-playlist:free-tv-br
Canais,UK,4seven Ⓢ,http://176.65.146.170:8013/play/a06p/index.m3u8,https://upload.wikimedia.org/wikipedia/en/thumb/5/5e/4seven_logo_2018.svg/568px-4seven_logo_2018.svg.png,channel-playlist:free-tv-br
Canais,UK,Ideal World,https://ythls.armelin.one/channel/UCJbgGTpBWuC87VFIKTTO4RQ.m3u8,https://i.imgur.com/su6GH7i.png,channel-playlist:free-tv-br
Canais,UK,Blaze Ⓖ,https://live.blaze.tv/live7/blaze/bitrate1.isml/live.m3u8,https://i.imgur.com/6UcPWP9.png,channel-playlist:free-tv-br
Canais,UK,Jewellery Maker,https://lo2-1.gemporia.com/abrjewellerymaker/smil:livestream.smil/playlist.m3u8,https://i.imgur.com/O7SdkBh.png,channel-playlist:free-tv-br
Canais,UK,Hobby Maker,https://lo2-1.gemporia.com/abrhobbymakerukgfx/smil:livestreamFullHD.smil/playlist.m3u8,https://i.imgur.com/VWHp5Tl.png,channel-playlist:free-tv-br
Canais,UK,EarthXTV,https://ov.ottera.tv/live/master.m3u8?channel=earth_et,https://i.imgur.com/AvJRFKf.png,channel-playlist:free-tv-br
Canais,UK,PBS America,https://pbs-samsunguk.amagi.tv/playlist.m3u8,https://i.imgur.com/J4zE5z9.jpg,channel-playlist:free-tv-br
Canais,UK,Create & Craft,https://live-hochanda.simplestreamcdn.com/live2/hochanda/bitrate1.isml/live.m3u8,https://i.imgur.com/n65sk4L.png,channel-playlist:free-tv-br
Canais,UK,CBBC Ⓖ,https://vs-hls-pushb-uk-live.akamaized.net/x=4/i=urn:bbc:pips:service:cbbc_hd/t=3840/v=pv14/b=5070016/main.m3u8,https://upload.wikimedia.org/wikipedia/commons/thumb/3/35/CBBC_%282023%29.svg/640px-CBBC_%282023%29.svg.png,channel-playlist:free-tv-br
Canais,UK,CBeebies Ⓖ,https://vs-hls-pushb-uk-live.akamaized.net/x=4/i=urn:bbc:pips:service:cbeebies_hd/t=3840/v=pv14/b=5070016/main.m3u8,https://upload.wikimedia.org/wikipedia/commons/thumb/b/b5/CBeebies_2023.svg/640px-CBeebies_2023.svg.png,channel-playlist:free-tv-br
Canais,UK,BBC Parliament Ⓢ Ⓖ,https://vs-hls-pushb-uk-live.akamaized.net/x=4/i=urn:bbc:pips:service:bbc_parliament/pc_hd_abr_v2.m3u8,https://upload.wikimedia.org/wikipedia/commons/thumb/9/99/BBC_Parliament_2022.svg/640px-BBC_Parliament_2022.svg.png,channel-playlist:free-tv-br
Canais,UK,Sky News,https://linear021-gb-hls1-prd-ak.cdn.skycdp.com/Content/HLS_001_hd/Live/channel(skynews)/index_mob.m3u8,https://upload.wikimedia.org/wikipedia/en/thumb/5/57/Sky_News_logo.svg/1024px-Sky_News_logo.svg.png,channel-playlist:free-tv-br
Canais,UK,GB News,https://live-gbnews.simplestreamcdn.com/live5/gbnews/bitrate1.isml/manifest.m3u8,https://upload.wikimedia.org/wikipedia/en/thumb/3/35/GB_News_Logo.svg/640px-GB_News_Logo.svg.png,channel-playlist:free-tv-br
Canais,UK,TalkTV,https://live-talktv-ssai.simplestreamcdn.com/v1/master/82267e84b9e5053b3fd0ade12cb1a146df74169a/talktv-live/index.m3u8,https://upload.wikimedia.org/wikipedia/en/8/83/TalkTV_logo.png,channel-playlist:free-tv-br
Canais,UK,Arise News,https://liveedge-arisenews.visioncdn.com/live-hls/arisenews/arisenews/arisenews_web/master.m3u8,https://i.imgur.com/B5IXKIb.png,channel-playlist:free-tv-br
Canais,UK,France 24,https://ythls.armelin.one/channel/UCQfwfsi5VrQ8yKZ-UWmAEFg.m3u8,https://i.imgur.com/61MSiq9.png,channel-playlist:free-tv-br
Canais,UK,Bloomberg TV,https://bloomberg.com/media-manifest/streams/eu.m3u8,https://d2n0069hmnqmmx.cloudfront.net/epgdata/1.0/newchanlogos/512/512/skychb1074.png,channel-playlist:free-tv-br
Canais,UK,NHK World Japan,https://nhkwlive-ojp.akamaized.net/hls/live/2003459/nhkwlive-ojp-en/index_4M.m3u8,https://upload.wikimedia.org/wikipedia/commons/thumb/8/8d/NHK_World-Japan_TV.svg/500px-NHK_World-Japan_TV.svg.png,channel-playlist:free-tv-br
Canais,UK,Arirang World,http://amdlive.ctnd.com.edgesuite.net/arirang_1ch/smil:arirang_1ch.smil/chunklist_b2256000_sleng.m3u8,https://raw.githubusercontent.com/tv-logo/tv-logos/67cfa9368d2d135744732a3aed3baecb3fadcf13/countries/international/arirang-int.png,channel-playlist:free-tv-br
Canais,UK,TRT World,https://api.trtworld.com/livestream/v1/WcM3Oa2LHD9iUjWDSRUI335NkMWVTUV351H56dqC/master.m3u8,https://upload.wikimedia.org/wikipedia/commons/thumb/2/27/TRT_World.svg/500px-TRT_World.svg.png,channel-playlist:free-tv-br
Canais,UK,SportyStuff TV,https://cdn.rtmp1.vodhosting.com/hls/SportyStuffTV.m3u8,https://i.imgur.com/uIgxHSY.png,channel-playlist:free-tv-br
Canais,UK,4Music Ⓖ,"https://csm-e-boxplus.tls1.yospace.com/csm/extlive/boxplus01,boxhits-alldev.m3u8?spotxc1=195996&spotxc2=190878&yo.up=https://boxtv.secure.footprint.net/boxhits/",https://upload.wikimedia.org/wikipedia/en/thumb/4/49/4Music_logo_2018.svg/500px-4Music_logo_2018.svg.png,channel-playlist:free-tv-br
Canais,UK,The Box Ⓖ,"https://csm-e-boxplus.tls1.yospace.com/csm/extlive/boxplus01,thebox-alldev.m3u8?yo.up=https://boxtv.secure.footprint.net/thebox/",https://i.imgur.com/e1Cf4Li.png,channel-playlist:free-tv-br
Canais,UK,KISS Ⓖ,"https://csm-e-boxplus.tls1.yospace.com/csm/extlive/boxplus01,kiss-alldev.m3u8?spotxc1=195996&spotxc2=190878&yo.up=https://boxtv.secure.footprint.net/kiss/",https://i.imgur.com/47ZkVhO.png,channel-playlist:free-tv-br
Canais,UK,Magic Ⓖ,"https://csm-e-boxplus.tls1.yospace.com/csm/extlive/boxplus01,magic-alldev.m3u8?yo.up=https%3A%2F%2Fboxtv.secure.footprint.net%2Fmagic%2F&spotxc1=195996&spotxc2=190878",https://i.imgur.com/e1Cf4Li.png,channel-playlist:free-tv-br
Canais,UK,Kerrang!,"https://csm-e-boxplus.tls1.yospace.com/csm/extlive/boxplus01,kerrang-alldev.m3u8?yo.up=http://boxtv-origin-elb.cds1.yospace.com/uploads/kerrang/",https://i.imgur.com/3mwf8Uq.png,channel-playlist:free-tv-br
Canais,UK,QVC Beauty Ⓢ,https://qvcuk-live.akamaized.net/hls/live/2097112/qby/3/3.m3u8,https://i.imgur.com/ZBHtqk1.png,channel-playlist:free-tv-br
Canais,UK,QVC Extra Ⓢ,https://qvcuk-live.akamaized.net/hls/live/2097112/qex/3/3.m3u8,https://i.imgur.com/TIe5T9Z.png,channel-playlist:free-tv-br
Canais,UK,QVC Style Ⓢ,https://qvcuk-live.akamaized.net/hls/live/2097112/qst/3/3.m3u8,https://i.imgur.com/6HZlLL3.png,channel-playlist:free-tv-br
Canais,UK,Now 70s,https://lightning-now70s-samsungnz.amagi.tv/playlist.m3u8,https://i.imgur.com/qiCCX5X.png,channel-playlist:free-tv-br
Canais,UK,Now 80s,https://lightning-now80s-samsunguk.amagi.tv/playlist.m3u8,https://i.imgur.com/8paz37m.png,channel-playlist:free-tv-br
Canais,UK,Now Rock,https://lightning-now90s-samsungnz.amagi.tv/playlist.m3u8,https://upload.wikimedia.org/wikipedia/en/8/89/NOW_Rock_logo.png,channel-playlist:free-tv-br
Canais,UK,BBC World News Ⓢ,http://ott-cdn.ucom.am/s24/index.m3u8,https://i.imgur.com/joD38lo.png,channel-playlist:free-tv-br
Canais,UK,BBC Radio 1,http://as-hls-ww-live.akamaized.net/pool_904/live/ww/bbc_radio_one/bbc_radio_one.isml/bbc_radio_one-audio%3d96000.norewind.m3u8,https://experiencersinternational.github.io/tvsetup/tvg-ico/bbcrd1-epg.png,channel-playlist:free-tv-br
Canais,UK,BBC Radio 2,http://as-hls-ww-live.akamaized.net/pool_904/live/ww/bbc_radio_two/bbc_radio_two.isml/bbc_radio_two-audio%3d96000.norewind.m3u8,https://experiencersinternational.github.io/tvsetup/tvg-ico/bbcrd2-epg.png,channel-playlist:free-tv-br
Canais,UK,BBC Radio 3,http://as-hls-ww-live.akamaized.net/pool_904/live/ww/bbc_radio_three/bbc_radio_three.isml/bbc_radio_three-audio%3d96000.norewind.m3u8,https://experiencersinternational.github.io/tvsetup/tvg-ico/bbcrd3-epg.png,channel-playlist:free-tv-br
Canais,UK,BBC Radio 4,http://as-hls-ww-live.akamaized.net/pool_904/live/ww/bbc_radio_fourfm/bbc_radio_fourfm.isml/bbc_radio_fourfm-audio%3d96000.norewind.m3u8,https://experiencersinternational.github.io/tvsetup/tvg-ico/bbcrd4-epg.png,channel-playlist:free-tv-br
Canais,UK,BBC Radio 5 Live,http://as-hls-ww-live.akamaized.net/pool_904/live/ww/bbc_radio_five_live/bbc_radio_five_live.isml/bbc_radio_five_live-audio%3d96000.norewind.m3u8,https://experiencersinternational.github.io/tvsetup/tvg-ico/bbcrd5l-epg.png,channel-playlist:free-tv-br
Canais,UK,BBC Radio 6 Music,http://as-hls-ww-live.akamaized.net/pool_904/live/ww/bbc_6music/bbc_6music.isml/bbc_6music-audio%3d96000.norewind.m3u8,https://experiencersinternational.github.io/tvsetup/tvg-ico/bbcrd6-epg.png,channel-playlist:free-tv-br
Canais,UK,BBC Radio 1Xtra,http://as-hls-ww-live.akamaized.net/pool_904/live/ww/bbc_1xtra/bbc_1xtra.isml/bbc_1xtra-audio%3d96000.norewind.m3u8,https://experiencersinternational.github.io/tvsetup/tvg-ico/bbcrd1x-epg.png,channel-playlist:free-tv-br
Canais,UK,BBC Radio 4 Extra,http://as-hls-ww-live.akamaized.net/pool_904/live/ww/bbc_radio_four_extra/bbc_radio_four_extra.isml/bbc_radio_four_extra-audio%3d96000.norewind.m3u8,https://experiencersinternational.github.io/tvsetup/tvg-ico/bbcrd4x-epg.png,channel-playlist:free-tv-br
Canais,UK,BBC Radio 5 Sports Extra,http://as-hls-uk-live.akamaized.net/pool_904/live/uk/bbc_radio_five_live_sports_extra/bbc_radio_five_live_sports_extra.isml/bbc_radio_five_live_sports_extra-audio%3d96000.norewind.m3u8,https://experiencersinternational.github.io/tvsetup/tvg-ico/bbcrd5s-epg.png,channel-playlist:free-tv-br
Canais,UK,BBC Asian Network,http://as-hls-ww-live.akamaized.net/pool_904/live/ww/bbc_asian_network/bbc_asian_network.isml/bbc_asian_network-audio%3d96000.norewind.m3u8,https://experiencersinternational.github.io/tvsetup/tvg-ico/bbcasiannet-epg.png,channel-playlist:free-tv-br
Canais,UK,BBC World Service,http://a.files.bbci.co.uk/media/live/manifesto/audio/simulcast/hls/nonuk/sbr_low/ak/bbc_world_service.m3u8,https://experiencersinternational.github.io/tvsetup/tvg-ico/bbcws-epg.png,channel-playlist:free-tv-br
Canais,Ukraine,1+1 Ukraina Ⓢ,http://stream.mcquack.net/219/index.m3u8,https://i.imgur.com/FlG7npq.png,channel-playlist:free-tv-br
Canais,Ukraine,Suspilne Sport,http://cdnua05.hls.tv/934/hls/8743361621b245838bee193c9ec28322/4856/stream.m3u8,https://i.imgur.com/16IhU0M.png,channel-playlist:free-tv-br
Canais,Ukraine,ICTV2,http://cdnua05.hls.tv/919/hls/8743361621b245838bee193c9ec28322/4835/stream.m3u8,https://i.imgur.com/J4zlRGv.png,channel-playlist:free-tv-br
Canais,Ukraine,ICTV Serialy,http://cdnua05.hls.tv/624/hls/f62d71219200da4130d13b21d23fb23c/4896/stream.m3u8,https://upload.wikimedia.org/wikipedia/commons/7/7a/ICTV_Serialy_%282024%29.png,channel-playlist:free-tv-br
Canais,Ukraine,Inter,http://stream.mcquack.net/174/index.m3u8,https://i.imgur.com/R06gbuT.png,channel-playlist:free-tv-br
Canais,Ukraine,TET Ⓢ,http://stream.mcquack.net/338/index.m3u8,https://upload.wikimedia.org/wikipedia/commons/thumb/3/31/TET_logo.svg/640px-TET_logo.svg.png,channel-playlist:free-tv-br
Canais,Ukraine,2+2 Ⓢ,http://stream.mcquack.net/173/index.m3u8,https://upload.wikimedia.org/wikipedia/commons/thumb/a/a4/2%2B2_logo_2017.svg/640px-2%2B2_logo_2017.svg.png,channel-playlist:free-tv-br
Canais,Ukraine,M1,http://stream.mcquack.net/218/index.m3u8,https://upload.wikimedia.org/wikipedia/commons/thumb/a/a9/M1_%28Ukraine%29_%282001-2021%29.svg/768px-M1_%28Ukraine%29_%282001-2021%29.svg.png,channel-playlist:free-tv-br
Canais,Ukraine,M2,https://live.m2.tv/hls3/stream.m3u8,https://i.imgur.com/AfcBWCg.png,channel-playlist:free-tv-br
Canais,Ukraine,NTN,https://edge3.iptv.macc.com.ua/img/ntn_3/index.m3u8,https://upload.wikimedia.org/wikipedia/commons/thumb/d/d1/NTNUA_logo_%282013%29.svg/640px-NTNUA_logo_%282013%29.svg.png,channel-playlist:free-tv-br
Canais,Ukraine,Mega,https://cdn15.live-tv.cloud/ua_infinitas_tv/mega-abr/playlist.m3u8,https://i.imgur.com/F1v69tn.png,channel-playlist:free-tv-br
Canais,Ukraine,K1,http://stream.mcquack.net/270/index.m3u8,https://upload.wikimedia.org/wikipedia/commons/thumb/a/a4/K1_Logo_2014.svg/655px-K1_Logo_2014.svg.png,channel-playlist:free-tv-br
Canais,Ukraine,XSport Ⓢ,http://cdnua05.hls.tv/946/hls/8743361621b245838bee193c9ec28322/3999/stream.m3u8,https://i.imgur.com/CHDcfrT.png,channel-playlist:free-tv-br
Canais,Ukraine,Enter-Film,http://stream.mcquack.net/322/index.m3u8,https://upload.wikimedia.org/wikipedia/commons/thumb/8/8e/Enter-FilmUA_%282013%29.png/819px-Enter-FilmUA_%282013%29.png,channel-playlist:free-tv-br
Canais,Ukraine,Суспільне Дніпро,http://cdnua05.hls.tv/648/hls/f62d71219200da4130d13b21d23fb23c/4786/stream.m3u8,https://i.imgur.com/nMHd9FK.png,channel-playlist:free-tv-br
Canais,Ukraine,Суспільне Житомир Ⓢ,http://cdnua05.hls.tv/647/hls/f62d71219200da4130d13b21d23fb23c/4787/stream.m3u8,https://i.imgur.com/lCv1Xaq.png,channel-playlist:free-tv-br
Canais,Ukraine,Суспільне Одеса Ⓢ,http://cdnua05.hls.tv/653/hls/f62d71219200da4130d13b21d23fb23c/4833/stream.m3u8,https://i.imgur.com/giTdUK9.png,channel-playlist:free-tv-br
Canais,Ukraine,Суспільне Суми Ⓢ,http://cdnua05.hls.tv/630/hls/f62d71219200da4130d13b21d23fb23c/4798/stream.m3u8,https://i.imgur.com/U5GQiUz.png,channel-playlist:free-tv-br
Canais,Ukraine,Суспільне Хмельницький Ⓢ,http://cdnua05.hls.tv/632/hls/f62d71219200da4130d13b21d23fb23c/4800/stream.m3u8,https://i.imgur.com/uoTcTbU.png,channel-playlist:free-tv-br
Canais,Ukraine,Суспільне Чернівці Ⓢ,http://cdnua05.hls.tv/643/hls/f62d71219200da4130d13b21d23fb23c/4790/stream.m3u8,https://i.imgur.com/mzYRGp2.png,channel-playlist:free-tv-br
Canais,Ukraine,Суспільне Kropyvnytskyi,http://cdnua05.hls.tv/650/hls/f62d71219200da4130d13b21d23fb23c/4788/stream.m3u8,https://i.imgur.com/zzYJr87.png,channel-playlist:free-tv-br
Canais,Ukraine,Суспільне Луцьк,http://193.107.168.98:7006/play/508/index.m3u8,https://i.imgur.com/QIin5nZ.png,channel-playlist:free-tv-br
Canais,Ukraine,Суспільне Крим,https://ext.cdn.nashnet.tv/228.0.0.71/index.m3u8,https://i.imgur.com/m7znCes.png,channel-playlist:free-tv-br
Canais,Ukraine,Суспільне Тернопіль,http://cdnua05.hls.tv/647/hls/f62d71219200da4130d13b21d23fb23c/4789/stream.m3u8,https://i.imgur.com/rxXyCY7.png,channel-playlist:free-tv-br
Canais,Ukraine,Суспільне Чернігів,http://cdnua05.hls.tv/645/hls/f62d71219200da4130d13b21d23fb23c/4791/stream.m3u8,https://i.imgur.com/WBChVXj.png,channel-playlist:free-tv-br
Canais,Ukraine,FREEДOM,http://95.67.106.242/mobile-app/main/freedom/master.m3u8,https://upload.wikimedia.org/wikipedia/commons/thumb/f/f2/FreeDOMUAlogo.svg/500px-FreeDOMUAlogo.svg.png,channel-playlist:free-tv-br
Canais,Ukraine,24 Kanal,http://streamvideol1.luxnet.ua/news24/smil:news24.stream.smil/playlist.m3u8,https://pbs.twimg.com/profile_images/1498285886714298374/EMSJzC-0_400x400.jpg,channel-playlist:free-tv-br
Canais,Ukraine,ДІМ,https://dash2.antik.sk/live/telekanal_dim/playlist.m3u8,https://i.imgur.com/3cjaXIF.png,channel-playlist:free-tv-br
Canais,Ukraine,Дніпро TV,http://vcdn1.produck.company:1935/out/dtv/playlist.m3u8,https://i.imgur.com/mbPTVh1.png,channel-playlist:free-tv-br
Canais,Ukraine,ГІТ,https://stream.uagit.tv/gittv.m3u8,https://i.imgur.com/b5K5Uwh.png,channel-playlist:free-tv-br
Canais,Ukraine,Telekanal RAI,https://stream.rai.ua/rai/stream.m3u8,https://i.imgur.com/Ouv51WB.png,channel-playlist:free-tv-br
Canais,Ukraine,Тернопіль 1,https://ott.columbus.te.ua/ternopil1/index.m3u8,https://i.imgur.com/f5EtIzV.png,channel-playlist:free-tv-br
Canais,Ukraine,CK 1,http://cdn10.live-tv.od.ua:8081/sk1zt/sk1zt-abr/playlist.m3u8,https://i.imgur.com/XiXwr5h.png,channel-playlist:free-tv-br
Canais,Ukraine,Pervyy gorodskoy Odessa,https://live.1tv.od.ua/stream1/channel1/playlist.m3u8,https://i.imgur.com/8qdc6aO.png,channel-playlist:free-tv-br
Canais,Ukraine,Київ 24,https://ext.cdn.nashnet.tv/228.0.0.15/index.m3u8,https://i.imgur.com/TVuCY4N.png,channel-playlist:free-tv-br
Canais,Ukraine,ITV,http://cdn10.live-tv.od.ua:8081/itvrv/abr/playlist.m3u8,https://i.imgur.com/NZdT9yJ.png,channel-playlist:free-tv-br
Canais,Ukraine,NTK TV,http://stream.ntktv.ua/s/ntk/ntk.m3u8,https://www.ntktv.ua/bitrix/templates/ntk_copy/images/logo.png,channel-playlist:free-tv-br
Canais,Ukraine,TVA,https://hls.cdn.ua/tva.ua_live/livestream/chunklist_.m3u8,https://i.imgur.com/PtTQ5lv.png,channel-playlist:free-tv-br
Canais,Ukraine,TV7+,https://tv7plus.com/hls/tv7_site.m3u8,https://i.imgur.com/PcTDZ8e.png,channel-playlist:free-tv-br
Canais,United Arab Emirates,Cartoon Network Arabic,https://shls-cartoon-net-prod-dub.shahid.net/out/v1/dc4aa87372374325a66be458f29eab0f/index.m3u8,https://upload.wikimedia.org/wikipedia/commons/b/bb/Cartoon_Network_Arabic_logo.png,channel-playlist:free-tv-br
Canais,United Arab Emirates,Al Arabiya Business,https://live.alarabiya.net/alarabiapublish/aswaaq.smil/playlist.m3u8,https://i.imgur.com/eEV4r6J.jpg,channel-playlist:free-tv-br
Canais,United Arab Emirates,MBC 1,https://mbc1-enc.edgenextcdn.net/out/v1/0965e4d7deae49179172426cbfb3bc5e/index.m3u8,https://i.imgur.com/CiA3plN.png,channel-playlist:free-tv-br
Canais,United Arab Emirates,MBC 2 Ⓢ,http://37.122.156.107:4000/play/a07g/index.m3u8,https://i.imgur.com/n9mSHuP.png,channel-playlist:free-tv-br
Canais,United Arab Emirates,MBC 3,https://shls-mbc3-prod-dub.shahid.net/out/v1/d5bbe570e1514d3d9a142657d33d85e6/index.m3u8,https://i.imgur.com/PVt8OPN.png,channel-playlist:free-tv-br
Canais,United Arab Emirates,MBC 4,https://mbc4-prod-dub-ak.akamaized.net/out/v1/c08681f81775496ab4afa2bac7ae7638/index.m3u8,https://i.imgur.com/BcXASJp.png,channel-playlist:free-tv-br
Canais,United Arab Emirates,MBC 5,https://shls-mbc5-prod-dub.shahid.net/out/v1/2720564b6a4641658fdfb6884b160da2/index.m3u8,https://i.imgur.com/fRWaDyF.png,channel-playlist:free-tv-br
Canais,United Arab Emirates,MBC Action Ⓢ,http://37.122.156.107:4000/play/a07h/index.m3u8,https://i.imgur.com/OWZAghw.png,channel-playlist:free-tv-br
Canais,United Arab Emirates,MBC Bollywood,https://shls-mbcbollywood-prod-dub.shahid.net/out/v1/a79c9d7ef2a64a54a64d5c4567b3462a/index.m3u8,https://i.imgur.com/TTAGFHG.png,channel-playlist:free-tv-br
Canais,United Arab Emirates,MBC Drama,https://mbc1-enc.edgenextcdn.net/out/v1/b0b3a0e6750d4408bb86d703d5feffd1/index.m3u8,https://i.imgur.com/g5PWnqp.png,channel-playlist:free-tv-br
Canais,United Arab Emirates,MBC Max Ⓢ,http://37.122.156.107:4000/play/a07i/index.m3u8,https://i.imgur.com/A02CptP.png,channel-playlist:free-tv-br
Canais,United Arab Emirates,MBC Persia,https://shls-mbcpersia-prod-dub.shahid.net/out/v1/bdc7cd0d990e4c54808632a52c396946/index.m3u8,https://i.imgur.com/4FXiyjn.png,channel-playlist:free-tv-br
Canais,United Arab Emirates,Wanasah,https://shls-wanasah-prod-dub.shahid.net/out/v1/c84ef3128e564b74a6a796e8b6287de6/index.m3u8,https://i.imgur.com/nLtiXNf.png,channel-playlist:free-tv-br
Canais,United Arab Emirates,Sky News Arabia,https://stream.skynewsarabia.com/hls/sna.m3u8,https://i.imgur.com/SvjU4h6.png,channel-playlist:free-tv-br
Canais,United Arab Emirates,Baynounah TV,https://vo-live.cdb.cdn.orange.com/Content/Channel/Baynounah/HLS/index.m3u8,https://static.wikia.nocookie.net/logopedia/images/6/60/Baynounah_tv_2023.png,channel-playlist:free-tv-br
Canais,United Arab Emirates,Ajman TV,https://dacastmmd.mmdlive.lldns.net/dacastmmd/8eb0e912b49142d7a01d779c9374aba9/index.m3u8,https://pbs.twimg.com/profile_images/1085187553563561990/KRKuK_iW_400x400.jpg,channel-playlist:free-tv-br
Canais,United Arab Emirates,Al Aan TV,https://shls-live-ak.akamaized.net/out/v1/dfbdea4c1bf149629764e58c6ff314c8/index.m3u8,https://upload.wikimedia.org/wikipedia/commons/7/76/Al_Aan_TV_new_Logo.png,channel-playlist:free-tv-br
Canais,United Arab Emirates,Abu Dhabi TV,http://admdn2.cdn.mangomolo.com/adtv/smil:adtv.stream.smil/chunklist.m3u8,https://i.imgur.com/7cNke07.png,channel-playlist:free-tv-br
Canais,United Arab Emirates,Abu Dhabi Sports 1,https://vo-live.cdb.cdn.orange.com/Content/Channel/AbuDhabiSportsChannel1/HLS/index.m3u8,https://upload.wikimedia.org/wikipedia/commons/thumb/7/7a/Abu_Dhabi_Sports_logo_2023.svg/2560px-Abu_Dhabi_Sports_logo_2023.svg.png,channel-playlist:free-tv-br
Canais,United Arab Emirates,Abu Dhabi Sports 2,https://vo-live.cdb.cdn.orange.com/Content/Channel/AbuDhabiSportsChannel2/HLS/index.m3u8,https://upload.wikimedia.org/wikipedia/commons/thumb/7/7a/Abu_Dhabi_Sports_logo_2023.svg/2560px-Abu_Dhabi_Sports_logo_2023.svg.png,channel-playlist:free-tv-br
Canais,United Arab Emirates,National Geographic Abu Dhabi,https://admdn2.cdn.mangomolo.com/nagtv/smil:nagtv.stream.smil/playlist.m3u8,https://i.imgur.com/fNA00VF.png,channel-playlist:free-tv-br
Canais,United Arab Emirates,Dubai TV,https://dmisxthvll.cdn.mgmlcdn.com/dubaitvht/smil:dubaitv.stream.smil/playlist.m3u8,https://i.imgur.com/wZMkKF7.png,channel-playlist:free-tv-br
Canais,United Arab Emirates,Dubai One,https://dminnvll.cdn.mangomolo.com/dubaione/smil:dubaione.stream.smil/playlist.m3u8,https://upload.wikimedia.org/wikipedia/commons/7/7d/Dubaione-logo.png,channel-playlist:free-tv-br
Canais,United Arab Emirates,Dubai Sports 1,https://dmitnthfr.cdn.mgmlcdn.com/dubaisports/smil:dubaisports.stream.smil/chunklist.m3u8,https://www.lyngsat.com/logo/tv/dd/dubai-sports-ae.png,channel-playlist:free-tv-br
Canais,United Arab Emirates,Dubai Sports 2,https://dmitwlvvll.cdn.mangomolo.com/dubaisportshd/smil:dubaisportshd.smil/index.m3u8,https://www.lyngsat.com/logo/tv/dd/dubai-sports-ae.png,channel-playlist:free-tv-br
Canais,United Arab Emirates,Dubai Sports 3,https://dmitwlvvll.cdn.mangomolo.com/dubaisportshd5/smil:dubaisportshd5.smil/index.m3u8,https://www.lyngsat.com/logo/tv/dd/dubai-sports-ae.png,channel-playlist:free-tv-br
Canais,United Arab Emirates,Dubai Racing 1,https://dmisvthvll.cdn.mgmlcdn.com/events/smil:events.stream.smil/playlist.m3u8,https://www.lyngsat.com/logo/tv/dd/dubai-racing-ae.png,channel-playlist:free-tv-br
Canais,United Arab Emirates,Dubai Racing 2,https://dmithrvll.cdn.mangomolo.com/dubairacing/smil:dubairacing.smil/playlist.m3u8,https://www.lyngsat.com/logo/tv/dd/dubai-racing-ae.png,channel-playlist:free-tv-br
Canais,United Arab Emirates,Dubai Racing 3,https://dmithrvll.cdn.mangomolo.com/dubaimubasher/smil:dubaimubasher.smil/playlist.m3u8,https://www.lyngsat.com/logo/tv/dd/dubai-racing-ae.png,channel-playlist:free-tv-br
Canais,United Arab Emirates,Dubai Zaman,https://dmiffthvll.cdn.mangomolo.com/dubaizaman/smil:dubaizaman.stream.smil/playlist.m3u8,https://www.lyngsat.com/logo/tv/dd/dubai-zaman-ae.png,channel-playlist:free-tv-br
Canais,United Arab Emirates,Sama Dubai,https://dmieigthvll.cdn.mgmlcdn.com/samadubaiht/smil:samadubai.stream.smil/playlist.m3u8,https://i.imgur.com/bF6I3N1.jpg,channel-playlist:free-tv-br
Canais,United Arab Emirates,Noor Dubai,https://dmiffthvll.cdn.mangomolo.com/noordubaitv/smil:noordubaitv.smil/playlist.m3u8,https://i.imgur.com/DLe7ZuM.png,channel-playlist:free-tv-br
Canais,United Arab Emirates,Sharjah TV,https://svs.itworkscdn.net/smc1live/smc1.smil/playlist.m3u8,https://www.lyngsat.com/logo/tv/ss/sharjah-tv-ae.png,channel-playlist:free-tv-br
Canais,United Arab Emirates,Sharjah Sports,https://svs.itworkscdn.net/smc4sportslive/smc4.smil/playlist.m3u8,https://i.imgur.com/IaRaabJ.jpg,channel-playlist:free-tv-br
Canais,United Arab Emirates,Al Wousta,https://svs.itworkscdn.net/alwoustalive/alwoustatv.smil/playlist.m3u8,https://i5.satexpat.com/cha/ae/al-wousta-95x90.gif,channel-playlist:free-tv-br
Canais,USA,Buzzr Ⓖ,https://buzzrota-ono.amagi.tv/playlist1080.m3u8,https://upload.wikimedia.org/wikipedia/commons/thumb/d/d6/Buzzr_logo.svg/768px-Buzzr_logo.svg.png,channel-playlist:free-tv-br
Canais,USA,Retro TV,https://bcovlive-a.akamaihd.net/5e531be3ed6c41229b2af2d9bffba88d/us-east-1/6183977686001/profile_1/chunklist.m3u8,https://i.imgur.com/PNTYOgg.png,channel-playlist:free-tv-br
Canais,USA,Stadium,https://bcovlive-a.akamaihd.net/e64d564b9275484f85981d8c146fb915/us-east-1/5994000126001/profile_1/976f34cf5a614518b7b539cbf9812080/chunklist_ssaiV.m3u8,https://i.imgur.com/6ae9E8d.png,channel-playlist:free-tv-br
Canais,USA,Biz TV,https://thegateway.app/BizTV/BizTV-Tones/chunks.m3u8?nimblesessionid=94690008,https://i.imgur.com/cbGvXyF.jpg,channel-playlist:free-tv-br
Canais,USA,Heartland,https://bcovlive-a.akamaihd.net/1ad942d15d9643bea6d199b729e79e48/us-east-1/6183977686001/profile_1/chunklist.m3u8,https://i.imgur.com/a67bbag.png,channel-playlist:free-tv-br
Canais,USA,Rev'n,https://bcovlive-a.akamaihd.net/a71236fdda1747999843bd3d55bdd6fa/us-east-1/6183977686001/profile_1/chunklist.m3u8,https://i.imgur.com/VUhqVgG.png,channel-playlist:free-tv-br
Canais,USA,CNN,https://tve-live-lln.warnermediacdn.com/hls/live/586495/cnngo/cnn_slate/VIDEO_0_3564000.m3u8,https://i.imgur.com/vyrc1I1.png,channel-playlist:free-tv-br
Canais,USA,CNBC Ⓨ,https://www.youtube.com/c/CNBC/live,https://i.imgur.com/BTasyOy.png,channel-playlist:free-tv-br
Canais,USA,Bloomberg,https://bloomberg.com/media-manifest/streams/us.m3u8,https://i.imgur.com/VnCcH73.png,channel-playlist:free-tv-br
Canais,USA,ABC News,https://content.uplynk.com/channel/3324f2467c414329b3b0cc5cd987b6be.m3u8,https://i.imgur.com/7sJLzKi.png,channel-playlist:free-tv-br
Canais,USA,CBS News,https://cbsnews.akamaized.net/hls/live/2020607/cbsnlineup_8/master.m3u8,https://i.imgur.com/nki2HDQ.png,channel-playlist:free-tv-br
Canais,USA,NBC News,http://dai2.xumo.com/xumocdn/p=roku/amagi_hls_data_xumo1212A-xumo-nbcnewsnow/CDN/playlist.m3u8,https://i.imgur.com/v48mMRT.png,channel-playlist:free-tv-br
Canais,USA,Reuters TV,https://reuters-reutersnow-1-eu.rakuten.wurl.tv/playlist.m3u8,https://i.imgur.com/AbvCnoH.png,channel-playlist:free-tv-br
Canais,USA,NASA TV Public,https://ntv1.akamaized.net/hls/live/2014075/NASA-NTV1-HLS/master_2000.m3u8,https://i.imgur.com/rmyfoOI.png,channel-playlist:free-tv-br
Canais,USA,NASA TV Media,https://ntv2.akamaized.net/hls/live/2013923/NASA-NTV2-HLS/master.m3u8,https://i.imgur.com/rmyfoOI.png,channel-playlist:free-tv-br
Canais,USA,BBC Food,https://service-stitcher.clusters.pluto.tv/v1/stitch/embed/hls/channel/5fb5844bf5514d0007945bda/master.m3u8?deviceId=channel&deviceModel=web&deviceVersion=1.0&appVersion=1.0&deviceType=rokuChannel&deviceMake=rokuChannel&deviceDNT=1&advertisingId=channel&embedPartner=rokuChannel&appName=rokuchannel&is_lat=1&bmodel=bm1&content=channel&platform=web&tags=ROKU_CONTENT_TAGS&coppa=false&content_type=livefeed&rdid=channel&genre=ROKU_ADS_CONTENT_GENRE&content_rating=ROKU_ADS_CONTENT_RATING&studio_id=viacom&channel_id=channel,https://i.imgur.com/N3xiz4m.png,channel-playlist:free-tv-br
Canais,USA,BBC Home,https://service-stitcher.clusters.pluto.tv/v1/stitch/embed/hls/channel/5fb5836fe745b600070fc743/master.m3u8?deviceId=channel&deviceModel=web&deviceVersion=1.0&appVersion=1.0&deviceType=rokuChannel&deviceMake=rokuChannel&deviceDNT=1&advertisingId=channel&embedPartner=rokuChannel&appName=rokuchannel&is_lat=1&bmodel=bm1&content=channel&platform=web&tags=ROKU_CONTENT_TAGS&coppa=false&content_type=livefeed&rdid=channel&genre=ROKU_ADS_CONTENT_GENRE&content_rating=ROKU_ADS_CONTENT_RATING&studio_id=viacom&channel_id=channel,https://i.imgur.com/Ii8DX1x.png,channel-playlist:free-tv-br
Canais,USA,Docurama,https://cinedigm.vo.llnwd.net/conssui/amagi_hls_data_xumo1234A-docuramaA/CDN/master.m3u8,https://i.imgur.com/bNg8mze.png,channel-playlist:free-tv-br
Canais,USA,Drybar Comedy,https://drybar-drybarcomedy-1-ca.samsung.wurl.com/manifest/playlist.m3u8,https://i.imgur.com/EldlmTp.png,channel-playlist:free-tv-br
Canais,USA,Music Channel,http://media.boni-records.com/index.m3u8,http://media.boni-records.com/logo.png,channel-playlist:free-tv-br
Canais,USA,Stryk TV,https://FFFFFFF110156200.tvustream.com/ryfy.m3u8,https://stryktv.com/wp-content/uploads/2021/08/StrykTV-MTS.png,channel-playlist:free-tv-br
Canais,Usa VOD,Bumblebee TV Aurora Live,https://stitcheraws.unreel.me/wse-node02.powr.com/live/5c953819932c837b49397345/playlist.m3u8,,channel-playlist:free-tv-br
Canais,Usa VOD,Bumblebee TV AutoMoto,https://stitcheraws.unreel.me/wse-node01.powr.com/live/5bf220fad5eeee0f5a40941a/playlist.m3u8,,channel-playlist:free-tv-br
Canais,Usa VOD,BumblebeeTV Beaches Live,https://stitcheraws.unreel.me/wse-node02.powr.com/live/5c95396f932c837b49397360/playlist.m3u8,,channel-playlist:free-tv-br
Canais,Usa VOD,Bumblebee TV Classics 2,https://stitcheraws.unreel.me/wse-node05.powr.com/live/60f881602da3a5575eceb854/playlist.m3u8,,channel-playlist:free-tv-br
Canais,Usa VOD,Bumblebee TV CoronaVirus.Gov,https://stitcheraws.unreel.me/wse-node02.powr.com/live/5e7559e8a46b495a2283c5e8/playlist.m3u8,,channel-playlist:free-tv-br
Canais,Usa VOD,Bumblebee TV Country Boy Kids Video.us,https://stitcheraws.unreel.me/wse-node02.powr.com/live/5bf225aed5eeee0f5a4094bd/playlist.m3u8,,channel-playlist:free-tv-br
Canais,Usa VOD,Bumblebee TV Cute Zone,https://stitcheraws.unreel.me/wse-node02.powr.com/live/5bf22518d5eeee0f5a409486/playlist.m3u8,,channel-playlist:free-tv-br
Canais,Usa VOD,Bumblebee TV Epic M,https://stitcheraws.unreel.me/wse-node02.powr.com/live/5bf22225d5eeee0f5a40941d/playlist.m3u8,,channel-playlist:free-tv-br
Canais,Usa VOD,Bumblebee TV FGTV,https://stitcheraws.unreel.me/wse-node02.powr.com/live/5e2624990145130f25474620/playlist.m3u8,,channel-playlist:free-tv-br
Canais,Usa VOD,Bumblebee TV Forest Live,https://stitcheraws.unreel.me/wse-node02.powr.com/live/5c953836932c837b49397355/playlist.m3u8,,channel-playlist:free-tv-br
Canais,Usa VOD,Bumblebee TV Fun Zone,https://stitcheraws.unreel.me/wse-node02.powr.com/live/5e2625030145130f25474622/playlist.m3u8,,channel-playlist:free-tv-br
Canais,Usa VOD,Bumblebee TV Giggle Zone,https://stitcheraws.unreel.me/wse-node02.powr.com/live/5bf22526d5eeee0f5a4094b8/playlist.m3u8,,channel-playlist:free-tv-br
Canais,Usa VOD,Bumblebee TV Lake Live,https://stitcheraws.unreel.me/wse-node02.powr.com/live/5c95385c932c837b49397356/playlist.m3u8,,channel-playlist:free-tv-br
Canais,Usa VOD,Bumblebee TV Lego Toons,https://stitcheraws.unreel.me/wse-node02.powr.com/live/5bf22549d5eeee0f5a4094ba/playlist.m3u8,,channel-playlist:free-tv-br
Canais,Usa VOD,Bumblebee TV Lets Play Minecraft,https://stitcheraws.unreel.me/wse-node02.powr.com/live/5e2625700145130f25474624/playlist.m3u8,,channel-playlist:free-tv-br
Canais,Usa VOD,Bumblebee TV LifeBae,https://stitcheraws.unreel.me/wse-node02.powr.com/live/5bf22681932c8304fc453418/playlist.m3u8,,channel-playlist:free-tv-br
Canais,Usa VOD,Bumblebee TV Master Builder,https://stitcheraws.unreel.me/wse-node02.powr.com/live/5bf2256ed5eeee0f5a4094bb/playlist.m3u8,,channel-playlist:free-tv-br
Canais,Usa VOD,Bumblebee TV Mountain Live,https://stitcheraws.unreel.me/wse-node02.powr.com/live/5c95387b932c837b49397357/playlist.m3u8,,channel-playlist:free-tv-br
Canais,Usa VOD,Bumblebee TV Now You Know,https://stitcheraws.unreel.me/wse-node01.powr.com/live/5b284f40d5eeee07522b775e/playlist.m3u8,,channel-playlist:free-tv-br
Canais,Usa VOD,Bumblebee TV Recoil TV,https://stitcheraws.unreel.me/wse-node02.powr.com/live/5c7dff0f932c8368bdbfd5fd/playlist.m3u8,,channel-playlist:free-tv-br
Canais,Usa VOD,Bumblebee TV Rivers Live,https://stitcheraws.unreel.me/wse-node02.powr.com/live/5c95388f932c837b4939735a/playlist.m3u8,,channel-playlist:free-tv-br
Canais,Usa VOD,Bumblebee TV Smosh,https://stitcheraws.unreel.me/wse-node02.powr.com/live/5e2625af5748670f12a3bee9/playlist.m3u8,,channel-playlist:free-tv-br
Canais,Usa VOD,Bumblebee TV Sunset Live,https://stitcheraws.unreel.me/wse-node02.powr.com/live/5c9538a5932c837b4939735b/playlist.m3u8,,channel-playlist:free-tv-br
Canais,Usa VOD,Bumblebee TV Thinknoodles,https://stitcheraws.unreel.me/wse-node04.powr.com/live/5afc8Bumblebee+TV10e932c833522744733/playlist.m3u8,,channel-playlist:free-tv-br
Canais,Usa VOD,Bumblebee TV Toy Zone,https://stitcheraws.unreel.me/wse-node02.powr.com/live/5bf22491932c8304fc4533e4/playlist.m3u8,,channel-playlist:free-tv-br
Canais,Usa VOD,Bumblebee TV Trinity Beyond,https://stitcheraws.unreel.me/wse-node02.powr.com/live/5e2626030145130f25474626/playlist.m3u8,,channel-playlist:free-tv-br
Canais,Usa VOD,Bumblebee TV Tropics Live,https://stitcheraws.unreel.me/wse-node02.powr.com/live/5c9538b9932c837b4939735c/playlist.m3u8,,channel-playlist:free-tv-br
Canais,Venezuela,Venevisión,https://venevision.akamaized.net/hls/live/2098814/VENEVISION/master.m3u8,https://upload.wikimedia.org/wikipedia/commons/thumb/0/0a/Logotipo_de_Venevisi%C3%B3n.svg/641px-Logotipo_de_Venevisi%C3%B3n.svg.png,channel-playlist:free-tv-br
Canais,Venezuela,Televen,https://setp-televen-ssai-mslv4-open.akamaized.net/hls/live/2107128/televen/index.m3u8,https://upload.wikimedia.org/wikipedia/commons/c/c0/Televen_logo.PNG,channel-playlist:free-tv-br
Canais,Venezuela,Globovisión,https://vcp5.myplaytv.com/globovision/globovision/playlist.m3u8,https://upload.wikimedia.org/wikipedia/en/4/47/Globovisi%C3%B3n_logo_2013.png,channel-playlist:free-tv-br
Canais,Venezuela,Vale TV Ⓢ,https://vcp2.myplaytv.com/valetv/valetv/playlist.m3u8,https://upload.wikimedia.org/wikipedia/commons/9/98/Logo_de_VALE_TV.png,channel-playlist:free-tv-br
Canais,Venezuela,Telesur,https://raw.githubusercontent.com/BellezaEmporium/IPTV_Exception/master/channels/ve/telesur.m3u8,https://upload.wikimedia.org/wikipedia/commons/8/82/TeleSUR.png,channel-playlist:free-tv-br
Canais,Venezuela,Latina TV,https://streamtv.latinamedios.com:3413/live/latinatvlive.m3u8,https://intervenhosting.net/imagenes/latinatv.jpg,channel-playlist:free-tv-br
Canais,Venezuela,inter TV,https://streamtv.intervenhosting.net:3439/hybrid/play.m3u8,https://intervenhosting.net/imagenes/itv.jpg,channel-playlist:free-tv-br
Canais,Venezuela,Aguacate TV,https://streamtv.intervenhosting.net:3040/hybrid/play.m3u8,https://intervenhosting.net/imagenes/aguacatetv.jpg,channel-playlist:free-tv-br
Canais,Venezuela,AS3 Sport TV,https://streamtv.as3sport.online:3394/hybrid/play.m3u8,https://intervenhosting.net/imagenes/as3sporttv.jpg,channel-playlist:free-tv-br
Canais,Documentaries (AR),Al Jazeera Documentary Ⓖ,https://live-hls-web-ajd.getaj.net/AJD/index.m3u8,https://upload.wikimedia.org/wikipedia/en/e/e6/Al_Jazeera_Doc.png,channel-playlist:free-tv-br
Canais,Documentaries (EN),CGTN Documentary English Ⓢ,https://news.cgtn.com/resource/live/document/cgtn-doc.m3u8,https://i.imgur.com/JHv0WxM.png,channel-playlist:free-tv-br
Canais,Documentaries (EN),RT Documentary English Ⓖ,https://rt-rtd.rttv.com/dvr/rtdoc/playlist.m3u8,https://i.imgur.com/ZEi1Wgn.png,channel-playlist:free-tv-br
Canais,Documentaries (EN),Peer TV South Tyrol,https://iptv.peer.biz/live/peertv-en.m3u8,https://www.peer.biz/peertv-iptv/peer-tv-south-tyrol.png,channel-playlist:free-tv-br
Canais,VOD Movies (EN),FilmRise Movies,http://dai2.xumo.com/xumocdn/p=roku/amagi_hls_data_xumo1212A-filmrisefreemovies/CDN/playlist.m3u8,https://i.imgur.com/jGzMaRD.png,channel-playlist:free-tv-br
Canais,VOD Movies (EN),FilmRise Sci-Fi,http://dai2.xumo.com/xumocdn/p=roku/amagi_hls_data_xumo1212A-rokufilmrisesci-fi/CDN/master.m3u8,https://i.imgur.com/FcN1OKo.png,channel-playlist:free-tv-br
Canais,VOD Movies (EN),Pluto TV Spotlight,http://service-stitcher.clusters.pluto.tv/stitch/hls/channel/5ba3fb9c4b078e0f37ad34e8/master.m3u8?terminate=false&deviceType=web&deviceMake=web&deviceModel=web&sid=51&deviceId=5ba3fb9c4b078e0f37ad34e8&deviceVersion=DNT&appVersion=DNT&deviceDNT=0&userId=&advertisingId=&deviceLat=&deviceLon=&app_name=&appName=web&buildVersion=&appStoreUrl=&architecture=&includeExtendedEvents=false&marketingRegion=US&serverSideAds=false,https://i.imgur.com/AogTmZc.png,channel-playlist:free-tv-br
Canais,VOD Movies (EN),Pluto TV Action,http://service-stitcher.clusters.pluto.tv/stitch/hls/channel/561d7d484dc7c8770484914a/master.m3u8?terminate=false&deviceType=web&deviceMake=web&deviceModel=web&sid=54&deviceId=561d7d484dc7c8770484914a&deviceVersion=DNT&appVersion=DNT&deviceDNT=0&userId=&advertisingId=&deviceLat=&deviceLon=&app_name=&appName=web&buildVersion=&appStoreUrl=&architecture=&includeExtendedEvents=false&marketingRegion=US&serverSideAds=false,https://i.imgur.com/g8PCdh6.png,channel-playlist:free-tv-br
Canais,VOD Movies (EN),Pluto TV Comedy,http://service-stitcher.clusters.pluto.tv/stitch/hls/channel/5a4d3a00ad95e4718ae8d8db/master.m3u8?terminate=false&deviceType=web&deviceMake=web&deviceModel=web&sid=57&deviceId=5a4d3a00ad95e4718ae8d8db&deviceVersion=DNT&appVersion=DNT&deviceDNT=0&userId=&advertisingId=&deviceLat=&deviceLon=&app_name=&appName=web&buildVersion=&appStoreUrl=&architecture=&includeExtendedEvents=false&marketingRegion=US&serverSideAds=false,https://i.imgur.com/Pjs4lgs.png,channel-playlist:free-tv-br
Canais,VOD Movies (EN),Pluto TV Drama,http://service-stitcher.clusters.pluto.tv/stitch/hls/channel/5b4e92e4694c027be6ecece1/master.m3u8?terminate=false&deviceType=web&deviceMake=web&deviceModel=web&sid=60&deviceId=5b4e92e4694c027be6ecece1&deviceVersion=DNT&appVersion=DNT&deviceDNT=0&userId=&advertisingId=&deviceLat=&deviceLon=&app_name=&appName=web&buildVersion=&appStoreUrl=&architecture=&includeExtendedEvents=false&marketingRegion=US&serverSideAds=false,https://i.imgur.com/B9srooj.png,channel-playlist:free-tv-br
Canais,VOD Movies (EN),Pluto TV Fantastic,http://service-stitcher.clusters.pluto.tv/stitch/hls/channel/5b64a245a202b3337f09e51d/master.m3u8?terminate=false&deviceType=web&deviceMake=web&deviceModel=web&sid=66&deviceId=5b64a245a202b3337f09e51d&deviceVersion=DNT&appVersion=DNT&deviceDNT=0&userId=&advertisingId=&deviceLat=&deviceLon=&app_name=&appName=web&buildVersion=&appStoreUrl=&architecture=&includeExtendedEvents=false&marketingRegion=US&serverSideAds=false,https://i.imgur.com/dOfXc5w.png,channel-playlist:free-tv-br
Canais,VOD Movies (EN),Pluto TV Romance,http://service-stitcher.clusters.pluto.tv/stitch/hls/channel/5a66795ef91fef2c7031c599/master.m3u8?terminate=false&deviceType=web&deviceMake=web&deviceModel=web&sid=70&deviceId=5a66795ef91fef2c7031c599&deviceVersion=DNT&appVersion=DNT&deviceDNT=0&userId=&advertisingId=&deviceLat=&deviceLon=&app_name=&appName=web&buildVersion=&appStoreUrl=&architecture=&includeExtendedEvents=false&marketingRegion=US&serverSideAds=false,https://i.imgur.com/j6livg0.png,channel-playlist:free-tv-br
Canais,VOD Movies (EN),Pluto TV Crime Movies,http://service-stitcher.clusters.pluto.tv/stitch/hls/channel/5f4d8594eb979c0007706de7/master.m3u8?terminate=false&deviceType=web&deviceMake=web&deviceModel=web&sid=73&deviceId=5f4d8594eb979c0007706de7&deviceVersion=DNT&appVersion=DNT&deviceDNT=0&userId=&advertisingId=&deviceLat=&deviceLon=&app_name=&appName=web&buildVersion=&appStoreUrl=&architecture=&includeExtendedEvents=false&marketingRegion=US&serverSideAds=false,https://i.imgur.com/PlAQrIb.png,channel-playlist:free-tv-br
Canais,VOD Movies (EN),Pluto TV Thrillers,http://service-stitcher.clusters.pluto.tv/stitch/hls/channel/5b4e69e08291147bd04a9fd7/master.m3u8?terminate=false&deviceType=web&deviceMake=web&deviceModel=web&sid=74&deviceId=5b4e69e08291147bd04a9fd7&deviceVersion=DNT&appVersion=DNT&deviceDNT=0&userId=&advertisingId=&deviceLat=&deviceLon=&app_name=&appName=web&buildVersion=&appStoreUrl=&architecture=&includeExtendedEvents=false&marketingRegion=US&serverSideAds=false,https://i.imgur.com/jyiFzG4.png,channel-playlist:free-tv-br
Canais,VOD Movies (EN),Pluto TV Horror,http://service-stitcher.clusters.pluto.tv/stitch/hls/channel/569546031a619b8f07ce6e25/master.m3u8?terminate=false&deviceType=web&deviceMake=web&deviceModel=web&sid=75&deviceId=569546031a619b8f07ce6e25&deviceVersion=DNT&appVersion=DNT&deviceDNT=0&userId=&advertisingId=&deviceLat=&deviceLon=&app_name=&appName=web&buildVersion=&appStoreUrl=&architecture=&includeExtendedEvents=false&marketingRegion=US&serverSideAds=false,https://i.imgur.com/An93hAh.png,channel-playlist:free-tv-br
Canais,VOD Movies (EN),Pluto TV Terror,http://service-stitcher.clusters.pluto.tv/stitch/hls/channel/5c6dc88fcd232425a6e0f06e/master.m3u8?terminate=false&deviceType=web&deviceMake=web&deviceModel=web&sid=76&deviceId=5c6dc88fcd232425a6e0f06e&deviceVersion=DNT&appVersion=DNT&deviceDNT=0&userId=&advertisingId=&deviceLat=&deviceLon=&app_name=&appName=web&buildVersion=&appStoreUrl=&architecture=&includeExtendedEvents=false&marketingRegion=US&serverSideAds=false,https://i.imgur.com/JLgn5jC.png,channel-playlist:free-tv-br
Canais,VOD Movies (EN),Black Cinema,http://service-stitcher.clusters.pluto.tv/stitch/hls/channel/58af4c093a41ca9d4ecabe96/master.m3u8?terminate=false&deviceType=web&deviceMake=web&deviceModel=web&sid=80&deviceId=58af4c093a41ca9d4ecabe96&deviceVersion=DNT&appVersion=DNT&deviceDNT=0&userId=&advertisingId=&deviceLat=&deviceLon=&app_name=&appName=web&buildVersion=&appStoreUrl=&architecture=&includeExtendedEvents=false&marketingRegion=US&serverSideAds=false,https://i.imgur.com/Zh1QGW9.png,channel-playlist:free-tv-br
Canais,VOD Movies (EN),Pluto TV Staff Picks,http://service-stitcher.clusters.pluto.tv/stitch/hls/channel/5f4d863b98b41000076cd061/master.m3u8?terminate=false&deviceType=web&deviceMake=web&deviceModel=web&sid=90&deviceId=5f4d863b98b41000076cd061&deviceVersion=DNT&appVersion=DNT&deviceDNT=0&userId=&advertisingId=&deviceLat=&deviceLon=&app_name=&appName=web&buildVersion=&appStoreUrl=&architecture=&includeExtendedEvents=false&marketingRegion=US&serverSideAds=false,https://i.imgur.com/DFDHAT8.png,channel-playlist:free-tv-br
Canais,VOD Movies (EN),Pluto TV Documentaries,http://service-stitcher.clusters.pluto.tv/stitch/hls/channel/5b85a7582921777994caea63/master.m3u8?terminate=false&deviceType=web&deviceMake=web&deviceModel=web&sid=91&deviceId=5b85a7582921777994caea63&deviceVersion=DNT&appVersion=DNT&deviceDNT=0&userId=&advertisingId=&deviceLat=&deviceLon=&app_name=&appName=web&buildVersion=&appStoreUrl=&architecture=&includeExtendedEvents=false&marketingRegion=US&serverSideAds=false,https://i.imgur.com/Mr4ZsNZ.png,channel-playlist:free-tv-br
Canais,VOD Movies (EN),90s Throwback,http://service-stitcher.clusters.pluto.tv/stitch/hls/channel/5f4d86f519358a00072b978e/master.m3u8?terminate=false&deviceType=web&deviceMake=web&deviceModel=web&sid=94&deviceId=5f4d86f519358a00072b978e&deviceVersion=DNT&appVersion=DNT&deviceDNT=0&userId=&advertisingId=&deviceLat=&deviceLon=&app_name=&appName=web&buildVersion=&appStoreUrl=&architecture=&includeExtendedEvents=false&marketingRegion=US&serverSideAds=false,https://i.imgur.com/sI1o3uK.png,channel-playlist:free-tv-br
Canais,VOD Movies (EN),80s Rewind,http://service-stitcher.clusters.pluto.tv/stitch/hls/channel/5ca525b650be2571e3943c63/master.m3u8?terminate=false&deviceType=web&deviceMake=web&deviceModel=web&sid=95&deviceId=5ca525b650be2571e3943c63&deviceVersion=DNT&appVersion=DNT&deviceDNT=0&userId=&advertisingId=&deviceLat=&deviceLon=&app_name=&appName=web&buildVersion=&appStoreUrl=&architecture=&includeExtendedEvents=false&marketingRegion=US&serverSideAds=false,https://i.imgur.com/0FaLAhK.png,channel-playlist:free-tv-br
Canais,VOD Movies (EN),70s Cinema,http://service-stitcher.clusters.pluto.tv/stitch/hls/channel/5f4d878d3d19b30007d2e782/master.m3u8?terminate=false&deviceType=web&deviceMake=web&deviceModel=web&sid=96&deviceId=5f4d878d3d19b30007d2e782&deviceVersion=DNT&appVersion=DNT&deviceDNT=0&userId=&advertisingId=&deviceLat=&deviceLon=&app_name=&appName=web&buildVersion=&appStoreUrl=&architecture=&includeExtendedEvents=false&marketingRegion=US&serverSideAds=false,https://i.imgur.com/wk9Baz9.png,channel-playlist:free-tv-br
Canais,VOD Movies (EN),Paramount Movie Channel,http://service-stitcher.clusters.pluto.tv/stitch/hls/channel/5cb0cae7a461406ffe3f5213/master.m3u8?terminate=false&deviceType=web&deviceMake=web&deviceModel=web&sid=100&deviceId=5cb0cae7a461406ffe3f5213&deviceVersion=DNT&appVersion=DNT&deviceDNT=0&userId=&advertisingId=&deviceLat=&deviceLon=&app_name=&appName=web&buildVersion=&appStoreUrl=&architecture=&includeExtendedEvents=false&marketingRegion=US&serverSideAds=false,https://i.imgur.com/CfqRav0.png,channel-playlist:free-tv-br
Canais,VOD Movies (EN),Pluto TV Westerns,http://service-stitcher.clusters.pluto.tv/stitch/hls/channel/5b4e94282d4ec87bdcbb87cd/master.m3u8?terminate=false&deviceType=web&deviceMake=web&deviceModel=web&sid=103&deviceId=5b4e94282d4ec87bdcbb87cd&deviceVersion=DNT&appVersion=DNT&deviceDNT=0&userId=&advertisingId=&deviceLat=&deviceLon=&app_name=&appName=web&buildVersion=&appStoreUrl=&architecture=&includeExtendedEvents=false&marketingRegion=US&serverSideAds=false,https://i.imgur.com/79R7m0b.png,channel-playlist:free-tv-br
Canais,VOD Movies (EN),Classic Movies,http://service-stitcher.clusters.pluto.tv/stitch/hls/channel/561c5b0dada51f8004c4d855/master.m3u8?terminate=false&deviceType=web&deviceMake=web&deviceModel=web&sid=106&deviceId=561c5b0dada51f8004c4d855&deviceVersion=DNT&appVersion=DNT&deviceDNT=0&userId=&advertisingId=&deviceLat=&deviceLon=&app_name=&appName=web&buildVersion=&appStoreUrl=&architecture=&includeExtendedEvents=false&marketingRegion=US&serverSideAds=false,https://i.imgur.com/feWPHep.png,channel-playlist:free-tv-br
Canais,VOD Movies (EN),Pluto TV Cult Films,http://service-stitcher.clusters.pluto.tv/stitch/hls/channel/5c665db3e6c01b72c4977bc2/master.m3u8?terminate=false&deviceType=web&deviceMake=web&deviceModel=web&sid=109&deviceId=5c665db3e6c01b72c4977bc2&deviceVersion=DNT&appVersion=DNT&deviceDNT=0&userId=&advertisingId=&deviceLat=&deviceLon=&app_name=&appName=web&buildVersion=&appStoreUrl=&architecture=&includeExtendedEvents=false&marketingRegion=US&serverSideAds=false,https://i.imgur.com/kD3SkoC.png,channel-playlist:free-tv-br
Canais,VOD Movies (EN),Flicks of Fury,http://service-stitcher.clusters.pluto.tv/stitch/hls/channel/58e55b14ad8e9c364d55f717/master.m3u8?terminate=false&deviceType=web&deviceMake=web&deviceModel=web&sid=112&deviceId=58e55b14ad8e9c364d55f717&deviceVersion=DNT&appVersion=DNT&deviceDNT=0&userId=&advertisingId=&deviceLat=&deviceLon=&app_name=&appName=web&buildVersion=&appStoreUrl=&architecture=&includeExtendedEvents=false&marketingRegion=US&serverSideAds=false,https://i.imgur.com/yhyzBfb.png,channel-playlist:free-tv-br
Canais,VOD Movies (EN),The Asylum,http://service-stitcher.clusters.pluto.tv/stitch/hls/channel/591105034c1806b47438342c/master.m3u8?terminate=false&deviceType=web&deviceMake=web&deviceModel=web&sid=115&deviceId=591105034c1806b47438342c&deviceVersion=DNT&appVersion=DNT&deviceDNT=0&userId=&advertisingId=&deviceLat=&deviceLon=&app_name=&appName=web&buildVersion=&appStoreUrl=&architecture=&includeExtendedEvents=false&marketingRegion=US&serverSideAds=false,https://i.imgur.com/rOxQfdG.png,channel-playlist:free-tv-br
Canais,VOD Movies (EN),Film Detective,https://dai.google.com/linear/hls/event/OYH9J7rZSK2fabKXWAYcfA/master.m3u8,https://i.imgur.com/4aFLH9g.png,channel-playlist:free-tv-br
Canais,VOD Movies (EN),Action Hollywood Movies,https://cdn-apse1-prod.tsv2.amagi.tv/linear/amg01076-lightningintern-actionhollywood-samsungnz/playlist.m3u8,,channel-playlist:free-tv-br
Canais,Music (EN),Now 70's,https://lightning-now70s-samsungnz.amagi.tv/playlist.m3u8,,channel-playlist:free-tv-br
Canais,Music (EN),Now 80's,https://lightning-now80s-samsungnz.amagi.tv/playlist.m3u8,,channel-playlist:free-tv-br
Canais,Music (EN),NOW Rock,https://lightning-now90s-samsungnz.amagi.tv/playlist.m3u8,,channel-playlist:free-tv-br
Canais,News (AR),Al Jazeera العربية,https://live-hls-web-aja.getaj.net/AJA/index.m3u8,https://i.imgur.com/BB93NQP.png,channel-playlist:free-tv-br
Canais,News (AR),Al Arabiya العربية,https://live.alarabiya.net/alarabiapublish/alarabiya.smil/playlist.m3u8,https://upload.wikimedia.org/wikipedia/commons/thumb/e/e0/Al-Arabiya_new_logo.svg/640px-Al-Arabiya_new_logo.svg.png,channel-playlist:free-tv-br
Canais,News (AR),Al Hadath العربية,https://live.alarabiya.net/alarabiapublish/alhadath.smil/alarabiapublish/alhadath_1080p/chunks.m3u8,https://upload.wikimedia.org/wikipedia/commons/a/ae/Al_Hadath_TV_logo_2023.svg,channel-playlist:free-tv-br
Canais,News (AR),France 24 العربية Ⓨ,https://www.youtube.com/c/FRANCE24Arabic/live,https://i.imgur.com/61MSiq9.png,channel-playlist:free-tv-br
Canais,News (AR),DW العربية,https://dwamdstream103.akamaized.net/hls/live/2015526/dwstream103/index.m3u8,https://i.imgur.com/A1xzjOI.png,channel-playlist:free-tv-br
Canais,News (AR),CGTN العربية,https://arabic-livews.cgtn.com/hls/LSveq57bErWLinBnxosqjisZ220802LSTefTAS9zc9mpU08y3np9TH220802cd/playlist.m3u8,https://i.imgur.com/fMsJYzl.png,channel-playlist:free-tv-br
Canais,News (AR),Sky News العربية,https://stream.skynewsarabia.com/hls/sna.m3u8,https://upload.wikimedia.org/wikipedia/en/thumb/5/57/Sky_News_logo.svg/500px-Sky_News_logo.svg.png,channel-playlist:free-tv-br
Canais,News (AR),RT العربية,https://rt-arb.rttv.com/dvr/rtarab/playlist.m3u8,https://upload.wikimedia.org/wikipedia/commons/thumb/a/a0/Russia-today-logo.svg/500px-Russia-today-logo.svg.png,channel-playlist:free-tv-br
Canais,News (AR),Sahara 24 صحراء,https://65.108.206.29/sahara24-live/video.m3u8,https://imgur.com/a/7szNpBp,channel-playlist:free-tv-br
Canais,News,Sky News (UK),https://ythls.armelin.one/channel/UCoMdktPbSTixAyNGwb-UYkQ.m3u8,https://d2n0069hmnqmmx.cloudfront.net/epgdata/1.0/newchanlogos/512/512/skychb1404.png,channel-playlist:free-tv-br
Canais,News,Euronews Ⓨ,https://www.youtube.com/euronews/live,https://upload.wikimedia.org/wikipedia/commons/thumb/9/9c/Euronews_2022.svg/640px-Euronews_2022.svg.png,channel-playlist:free-tv-br
Canais,News,Africanews Ⓨ,https://www.youtube.com/africanews/live,https://i.imgur.com/xocvePC.png,channel-playlist:free-tv-br
Canais,News,France 24 Ⓨ,https://www.youtube.com/france24english/live,https://i.imgur.com/61MSiq9.png,channel-playlist:free-tv-br
Canais,News,DW,https://dwamdstream102.akamaized.net/hls/live/2015525/dwstream102/index.m3u8,https://i.imgur.com/A1xzjOI.png,channel-playlist:free-tv-br
Canais,News,Al Jazeera,https://live-hls-apps-aje-fa.getaj.net/AJE/index.m3u8,https://i.imgur.com/BB93NQP.png,channel-playlist:free-tv-br
Canais,News,CGTN,https://news.cgtn.com/resource/live/english/cgtn-news.m3u8,https://i.imgur.com/fMsJYzl.png,channel-playlist:free-tv-br
Canais,News,BBC News Ⓖ,https://vs-hls-push-uk.live.fastly.md.bbci.co.uk/x=4/i=urn:bbc:pips:service:bbc_news_channel_hd/iptv_hd_abr_v1.m3u8,https://raw.githubusercontent.com/tv-logo/tv-logos/main/countries/united-kingdom/bbc-news-uk.png,channel-playlist:free-tv-br
Canais,News,NBC News NOW,https://dai2.xumo.com/amagi_hls_data_xumo1212A-xumo-nbcnewsnow/CDN/master.m3u8,https://raw.githubusercontent.com/tv-logo/tv-logos/main/countries/united-kingdom/nbc-news-now-uk.png,channel-playlist:free-tv-br
Canais,News,Reuters,https://reuters-reutersnow-1-nl.samsung.wurl.tv/playlist.m3u8,https://i.imgur.com/6eQ2nCJ.png,channel-playlist:free-tv-br
Canais,News,The Guardian,https://rakuten-guardian-1-ie.samsung.wurl.tv/playlist.m3u8,https://i.imgur.com/o9AYq9V.png,channel-playlist:free-tv-br
Canais,News,CBS News,https://dai.google.com/linear/hls/event/Sid4xiTQTkCT1SLu6rjUSQ/master.m3u8,https://raw.githubusercontent.com/tv-logo/tv-logos/main/countries/united-states/cbs-news-us.png,channel-playlist:free-tv-br
Canais,News,ABC News Live,https://lnc-abc-news.tubi.video/index.m3u8,https://raw.githubusercontent.com/tv-logo/tv-logos/main/countries/united-states/abc-news-live-hz-us.png,channel-playlist:free-tv-br
Canais,News,LiveNOW from FOX,https://lnc-fox-live-now.tubi.video/index.m3u8,https://i.imgur.com/1JnyzHv.png,channel-playlist:free-tv-br
Canais,News,CBC News Network,https://dai2.xumo.com/amagi_hls_data_xumo1212A-redboxcbcnews/CDN/playlist.m3u8,https://i.imgur.com/SjTdhvJ.png,channel-playlist:free-tv-br
Canais,News,Ticker News,https://cdn-uw2-prod.tsv2.amagi.tv/linear/amg01486-tickernews-tickernewsweb-ono/playlist.m3u8,https://i.imgur.com/z7M0QxV.png,channel-playlist:free-tv-br
Canais,News,India Today,https://indiatodaylive.akamaized.net/hls/live/2014320/indiatoday/indiatodaylive/playlist.m3u8,https://i.imgur.com/koFYddE.png,channel-playlist:free-tv-br
Canais,News,Channel News Asia,https://ythls.armelin.one/channel/UC83jt4dlz1Gjl58fzQrrKZg.m3u8,https://i.imgur.com/xWglicB.png,channel-playlist:free-tv-br
Canais,News,ABC News (AU) Ⓨ,https://www.youtube.com/@abcnewsaustralia/live,https://i.imgur.com/BrW7gk8.png,channel-playlist:free-tv-br
Canais,News,NDTV 24x7,https://ythls.armelin.one/channel/UCZFMm1mMw0F81Z37aaEzTUA.m3u8,https://raw.githubusercontent.com/tv-logo/tv-logos/main/countries/india/ndtv-24x7-in.png,channel-playlist:free-tv-br
Canais,News,TRT World,https://ythls.armelin.one/channel/UC7fWeaHhqgM4Ry-RMpM2YYw.m3u8,https://upload.wikimedia.org/wikipedia/commons/thumb/2/27/TRT_World.svg/512px-TRT_World.svg.png,channel-playlist:free-tv-br
Canais,News,NHK World Japan,https://ythls.armelin.one/channel/UCSPEjw8F2nQDtmUKPFNF7_A.m3u8,https://upload.wikimedia.org/wikipedia/commons/thumb/8/8d/NHK_World-Japan_TV.svg/512px-NHK_World-Japan_TV.svg.png,channel-playlist:free-tv-br
Canais,News,DD India,https://ythls.armelin.one/channel/UCGDQNvybfDDeGTf4GtigXaw.m3u8,https://i.imgur.com/45uptR8.png,channel-playlist:free-tv-br
Canais,News,WION,https://ythls.armelin.one/channel/UC_gUM8rL-Lrg6O3adPW9K1g.m3u8,https://i.imgur.com/Wc5Z3iS.png,channel-playlist:free-tv-br
Canais,News,Taiwan+,https://ythls.armelin.one/channel/UC7c6rvyAZLpKGk8ttVnpnLA.m3u8,https://i.imgur.com/SfcZyqm.png,channel-playlist:free-tv-br
Canais,News,Metro Globe Network,https://edge.medcom.id/live-edge/smil:mgnch.smil/playlist.m3u8,https://i.imgur.com/aiiinzg.png,channel-playlist:free-tv-br
Canais,News,i24 News,https://bcovlive-a.akamaihd.net/6e3dd61ac4c34d6f8fb9698b565b9f50/eu-central-1/5377161796001/playlist-all_dvr.m3u8,https://upload.wikimedia.org/wikipedia/commons/thumb/7/79/LOGO_i24NEWS.png/512px-LOGO_i24NEWS.png,channel-playlist:free-tv-br
Canais,News,Scripps News,https://content.uplynk.com/channel/4bb4901b934c4e029fd4c1abfc766c37.m3u8,https://i.imgur.com/UfN6aAi.png,channel-playlist:free-tv-br
Canais,News,USA Today,https://lnc-usa-today.tubi.video/playlist.m3u8,https://i.imgur.com/37K0AZX.png,channel-playlist:free-tv-br
Canais,News,Channels 24 Ⓨ,https://www.youtube.com/channelstelevision/live,https://upload.wikimedia.org/wikipedia/en/7/76/Channels_TV.jpg,channel-playlist:free-tv-br
Canais,News,Sky News Now (AU),https://i.mjh.nz/sky-news-now.m3u8,https://upload.wikimedia.org/wikipedia/en/thumb/1/10/Sky_News_Australia_logo_-_2019.svg/512px-Sky_News_Australia_logo_-_2019.svg.png,channel-playlist:free-tv-br
Canais,News,Global News,https://live.corusdigitaldev.com/groupd/live/49a91e7f-1023-430f-8d66-561055f3d0f7/live.isml/.m3u8,https://i.imgur.com/xk1QOhW.png,channel-playlist:free-tv-br
Canais,News,Russia Today Ⓖ,https://rt-glb.rttv.com/live/rtnews/playlist.m3u8,https://upload.wikimedia.org/wikipedia/commons/thumb/a/a0/Russia-today-logo.svg/500px-Russia-today-logo.svg.png,channel-playlist:free-tv-br
Canais,News,CNN,https://raw.githubusercontent.com/Alstruit/adaptive-streams/alstruit-10_23_us/streams/us/CNNUSA.us.m3u8,https://raw.githubusercontent.com/tv-logo/tv-logos/main/countries/united-states/cnn-us.png,channel-playlist:free-tv-br
Canais,News,CNN International,https://turnerlive.warnermediacdn.com/hls/live/586495/cnngo/cnn_slate/VIDEO_0_3564000.m3u8,https://raw.githubusercontent.com/tv-logo/tv-logos/main/countries/united-states/cnn-us.png,channel-playlist:free-tv-br
Canais,News,GB News,https://ythls.armelin.one/channel/UC0vn8ISa4LKMunLbzaXLnOQ.m3u8,https://upload.wikimedia.org/wikipedia/en/thumb/3/35/GB_News_Logo.svg/500px-GB_News_Logo.svg.png,channel-playlist:free-tv-br
Canais,News,Joy News,https://ythls.armelin.one/channel/UChd1DEecCRlxaa0-hvPACCw.m3u8,https://i.imgur.com/kGuMNmR.png,channel-playlist:free-tv-br
Canais,News,SABC News,https://sabconetanw.cdn.mangomolo.com/news/smil:news.stream.smil/chunklist_b250000_t64MjQwcA==.m3u8,https://i.imgur.com/H9q3Q9d.png,channel-playlist:free-tv-br
Canais,Business,Cheddar News,https://dbrb49pjoymg4.cloudfront.net/10001/99991220/hls/index.m3u8?ads.xumo_channelId=99991220&ads._fw_ifa_type=dpid&ads._fw_did=43135081-0e2e-2a3f-b10c-4ade81d0e829&ads.amznappId=[AMZN_APP_ID]&ads.lat=[LAT]&ads.lon=[LON]&ads.os=[OS]&ads.osv=[OS_VERSION]&ads.asnw=&ads.caid=Cheddar&ads.csid=xumo_desktopweb_cheddar_ssai&ads._fw_is_lat=0&ads._fw_us_privacy=1YNN&ads._fw_coppa=0&ads.genre=News&ads._fw_content_category=IAB12&ads._fw_content_language=en&ads._fw_content_genre=News&ads._fw_content_rating=TV-PG&ads.xumo_contentId=161&ads.xumo_contentName=Cheddar&ads.xumo_providerId=161&ads.xumo_providerName=Cheddar&ads._fw_deviceMake=&ads._fw_device_model=&ads.channelId=99991220&ads.xumo_platform=desktopweb&ads.site_id=26840&ads.appName=xumo&ads.appVersion=2.18.0&ads._fw_app_bundle=&ads._fw_app_store_url=&ads.site_name=XumoPlay&ads.site_page=https%253A%252F%252Fplay.xumo.com,https://i.imgur.com/tuP9GW8.png,channel-playlist:free-tv-br
Canais,Business,Bloomberg TV+,https://bloomberg.com/media-manifest/streams/phoenix-us.m3u8,https://i.imgur.com/xGlToly.png,channel-playlist:free-tv-br
Canais,Business,Bloomberg Television (US),https://bloomberg.com/media-manifest/streams/us.m3u8,https://i.imgur.com/OuogLHx.png,channel-playlist:free-tv-br
Canais,Business,Bloomberg Television (Europe),https://bloomberg.com/media-manifest/streams/eu.m3u8,https://i.imgur.com/OuogLHx.png,channel-playlist:free-tv-br
Canais,Business,Yahoo! Finance,https://d1ewctnvcwvvvu.cloudfront.net/playlist.m3u8,https://i.imgur.com/43oHsHL.png,channel-playlist:free-tv-br
Canais,Business,CNBC Europe,https://amg01079-nbcuuk-amg01079c1-samsung-es-1261.playouts.now.amagi.tv/playlist/amg01079-nbcuukfast-cnbcpe-samsunges/playlist.m3u8,https://d2n0069hmnqmmx.cloudfront.net/epgdata/1.0/newchanlogos/512/512/skychb1088.png,channel-playlist:free-tv-br
Canais,Business,CNBC Indonesia,https://live.cnbcindonesia.com/livecnbc/smil:cnbctv.smil/master.m3u8,https://i.imgur.com/bUfeG7Y.png,channel-playlist:free-tv-br
Canais,Business,Ausbiz,https://d9quh89lh7dtw.cloudfront.net/public-output/index.m3u8,https://i.imgur.com/8vGGdB0.png,channel-playlist:free-tv-br
Canais,Business,Moconomy,https://amogonetworx-moconomy-2-us.tcl.wurl.tv/playlist.m3u8,https://i.imgur.com/GvqbLZB.png,channel-playlist:free-tv-br
Canais,Weather,AccuWeather NOW,https://cdn-ue1-prod.tsv2.amagi.tv/linear/amg00684-accuweather-accuweather-plex/playlist.m3u8,https://i.imgur.com/M8wbVYK.png,channel-playlist:free-tv-br
Canais,Weather,Fox Weather,https://lnc-fox-weather.tubi.video/index.m3u8,https://upload.wikimedia.org/wikipedia/commons/thumb/b/b9/Fox_Weather_logo.svg/500px-Fox_Weather_logo.svg.png,channel-playlist:free-tv-br
Canais,Weather,KTCA-DT5,https://api.new.livestream.com/accounts/12638076/events/8488790/live.m3u8,https://upload.wikimedia.org/wikipedia/en/b/be/Twin_Cities_Public_Television_logo_%28PBS%29.png,channel-playlist:free-tv-br
Canais,Weather,WeatherNation,http://cfd-v4-service-channel-stitcher-use1-1.prd.pluto.tv/stitch/hls/channel/5d2cb7ac552e3773bc48982e/master.m3u8?appName=web&appVersion=unknown&clientTime=0&deviceDNT=0&deviceId=6c2d1028-30d3-11ef-9cf5-e9ddff8ff496&deviceMake=Chrome&deviceModel=web&deviceType=web&deviceVersion=unknown&includeExtendedEvents=false&serverSideAds=false&sid=dcca8395-396e-4be0-9049-564f29c5ac9b,https://upload.wikimedia.org/wikipedia/commons/thumb/d/de/WeatherNation_Logo.svg/500px-WeatherNation_Logo.svg.png,channel-playlist:free-tv-br
Canais,Weather,The Weather Network,https://d3f6rv2ihfj09x.cloudfront.net/v1/master/3722c60a815c199d9c0ef36c5b73da68a62b09d1/cc-4l4ssesb90374-ssai-prd/playlist.m3u8?ads.device_did=%7BPSID%7D&ads.device_dnt=%7BTARGETOPT%7D&ads.app_domain=%7BAPP_DOMAIN%7D&ads.app_name=%7BAPP_NAME%7D,https://upload.wikimedia.org/wikipedia/en/thumb/b/bf/TWN_Logo_2011.svg/2560px-TWN_Logo_2011.svg.png,channel-playlist:free-tv-br
Canais,Weather,Sky News Weather Ⓖ,https://distro001-gb-hls1-prd.delivery.skycdp.com/easel_cdn/ngrp:weather_loop.stream_all/playlist.m3u8,https://pbs.twimg.com/profile_images/1604994875459518464/lGt2wEqM_400x400.jpg,channel-playlist:free-tv-br
Canais,News (ES),Euronews Español Ⓨ,https://www.youtube.com/euronewses/live,https://upload.wikimedia.org/wikipedia/commons/thumb/9/9c/Euronews_2022.svg/640px-Euronews_2022.svg.png,channel-playlist:free-tv-br
Canais,News (ES),France 24 Español Ⓨ,https://www.youtube.com/c/FRANCE24Espanol/live,https://i.imgur.com/61MSiq9.png,channel-playlist:free-tv-br
Canais,News (ES),DW Español Ⓢ,https://dwamdstream104.akamaized.net/hls/live/2015530/dwstream104/stream04/streamPlaylist.m3u8,https://i.imgur.com/A1xzjOI.png,channel-playlist:free-tv-br
Canais,News (ES),CGTN Español,https://news.cgtn.com/resource/live/espanol/cgtn-e.m3u8,https://i.imgur.com/fMsJYzl.png,channel-playlist:free-tv-br
Canais,News (ES),RT Español Ⓖ,https://rt-esp.rttv.com/dvr/rtesp/playlist.m3u8,https://upload.wikimedia.org/wikipedia/commons/thumb/a/a0/Russia-today-logo.svg/500px-Russia-today-logo.svg.png,channel-playlist:free-tv-br
Canais,News (ES),RTVE 24H,https://ztnr.rtve.es/ztnr/1694255.m3u8,https://i.imgur.com/WTDKOoM.png,channel-playlist:free-tv-br
Canais,VOD Italy,Sportitalia LIVE24,https://di-g7ij0rwh.vo.lswcdn.net/sportitalia/silive24.smil/playlist.m3u8,https://i.imgur.com/hu56Ya5.png,channel-playlist:free-tv-br
Canais,VOD Italy,Sport2U,https://stream9.xdevel.com/video0s976916-1685/stream/playlist_dvr.m3u8,https://i.imgur.com/WW0lNk1.png,channel-playlist:free-tv-br
Canais,VOD Italy,Grande Fratello Vip Regia 1 Ⓢ Ⓖ,https://live3.msf.cdn.mediaset.net/content/dash_d0_clr_vos/live/channel(b7)/manifest.mpd,https://i.imgur.com/PBTdU4G.png,channel-playlist:free-tv-br
Canais,VOD Italy,Grande Fratello Vip Regia 2 Ⓢ Ⓖ,https://live3.msf.cdn.mediaset.net/content/dash_d0_clr_vos/live/channel(b8)/manifest.mpd,https://i.imgur.com/FKfwbHD.png,channel-playlist:free-tv-br
Canais,VOD Italy,Grande Fratello Vip Regia un'ora fa Ⓢ Ⓖ,https://live3.msf.cdn.mediaset.net/content/dash_d0_clr_vos/live/channel(b9)/manifest.mpd,https://i.imgur.com/fFZeBnc.png,channel-playlist:free-tv-br
Canais,VOD Italy,Stories – Rakuten TV,https://rakuten-spotlight-6-eu.rakuten.wurl.tv/playlist.m3u8,https://i.imgur.com/tMcUvjI.jpg,channel-playlist:free-tv-br
Canais,VOD Italy,Classico – Rakuten TV,https://rakuten-classico-1-eu.rakuten.wurl.tv/playlist.m3u8,https://i.imgur.com/ytN6jfl.jpeg,channel-playlist:free-tv-br
Canais,VOD Italy,Thriller – Rakuten TV,https://rakuten-thriller-6-eu.rakuten.wurl.tv/playlist.m3u8,https://i.imgur.com/jJTnBNk.jpeg,channel-playlist:free-tv-br
Canais,VOD Italy,Commedia – Rakuten TV,https://rakuten-comedymovies-6-eu.rakuten.wurl.tv/playlist.m3u8,https://i.imgur.com/EKKXdIU.jpg,channel-playlist:free-tv-br
Canais,VOD Italy,Documentari – Rakuten TV,https://rakuten-documentaries-6-eu.rakuten.wurl.tv/playlist.m3u8,https://i.imgur.com/rAHBiO8.jpg,channel-playlist:free-tv-br
Canais,VOD Italy,Family – Rakuten TV,https://rakuten-family-6-eu.rakuten.wurl.tv/playlist.m3u8,https://i.imgur.com/BCC123A.jpg,channel-playlist:free-tv-br
Canais,VOD Italy,Romance – Rakuten TV,https://rakuten-romance-6-eu.rakuten.wurl.tv/playlist.m3u8,https://i.imgur.com/TiXrzJZ.jpeg,channel-playlist:free-tv-br
Canais,VOD Italy,Film Top – Rakuten TV,https://rakuten-topfree-6-eu.rakuten.wurl.tv/playlist.m3u8,https://i.imgur.com/OfD9hM9.jpeg,channel-playlist:free-tv-br
Canais,VOD Italy,Drammatico – Rakuten TV,https://rakuten-tvshows-6-eu.rakuten.wurl.tv/playlist.m3u8,https://i.imgur.com/Nx3JzZK.jpg,channel-playlist:free-tv-br
Canais,VOD Italy,Film d'azione – Rakuten TV,https://rakuten-actionmovies-6-eu.rakuten.wurl.tv/playlist.m3u8,https://i.imgur.com/KDmDQM6.jpg,channel-playlist:free-tv-br
Canais,VOD Italy,Euronews in diretta,https://rakuten-euronews-3-it.samsung.wurl.com/manifest/playlist.m3u8,https://i.imgur.com/DUUxsO7.jpeg,channel-playlist:free-tv-br
Canais,VOD Italy,FailArmy,https://failarmy-international-it.samsung.wurl.tv/playlist.m3u8,https://i.imgur.com/WupT16d.jpg,channel-playlist:free-tv-br
Canais,VOD Italy,The Pet Collective,https://the-pet-collective-international-it.samsung.wurl.tv/playlist.m3u8,https://i.imgur.com/daTU44g.jpeg,channel-playlist:free-tv-br
Canais,VOD Italy,Canale Europa,https://canaleeuropa-canaleeuropa-1-it.samsung.wurl.tv/playlist.m3u8,https://i.imgur.com/Zw2ZIfz.jpg,channel-playlist:free-tv-br
Canais,VOD Italy,People Are Awesome,https://jukin-peopleareawesome-2-it.samsung.wurl.tv/playlist.m3u8,https://i.imgur.com/xwz9zKk.jpeg,channel-playlist:free-tv-br
Canais,VOD Italy,Yamato Animation,https://yamatovideo-yamatoanimation-1-it.samsung.wurl.tv/playlist.m3u8,https://i.imgur.com/rOl7HfS.png,channel-playlist:free-tv-br
Canais,VOD Italy,BBC Doctor Who,https://bbceu-doctorwho-1-it.samsung.wurl.tv/playlist.m3u8,https://i.imgur.com/J2B9FjO.jpg,channel-playlist:free-tv-br
Canais,VOD Italy,BBC Drama,https://bbceu-bbcdrama-2-it.samsung.wurl.tv/playlist.m3u8,https://i.imgur.com/hY1M4hL.jpg,channel-playlist:free-tv-br
Canais,VOD Italy,Televisa Telenovelas,https://televisa-televisa-1-it.samsung.wurl.tv/playlist.m3u8,https://i.imgur.com/GaJIRN3.jpg,channel-playlist:free-tv-br
Canais,VOD Italy,Humanity Documentari,https://cdn-ue1-prod.tsv2.amagi.tv/linear/amg00712-alchimie-humanitydocit-samsungit/playlist.m3u8,https://i.imgur.com/4gwdyar.png,channel-playlist:free-tv-br
Canais,VOD Italy,The Boat Show,https://d46c0ebf9ef94053848fdd7b1f2f6b90.mediatailor.eu-central-1.amazonaws.com/v1/master/81bfcafb76f9c947b24574657a9ce7fe14ad75c0/live-prod/4bdea6cd-80c1-11eb-908d-533d39655269/0/master.m3u8,https://i.imgur.com/cPTLian.png,channel-playlist:free-tv-br
Canais,VOD Italy,Fashion TV,https://fashiontv-fashiontv-3-it.samsung.wurl.com/manifest/playlist.m3u8,https://i.imgur.com/KT3zgc1.png,channel-playlist:free-tv-br
Canais,VOD Italy,Motor1TV,https://motorsportnetwork-motor1tv-1-it.samsung.wurl.tv/playlist.m3u8,https://i.imgur.com/UERYhO1.png,channel-playlist:free-tv-br
Canais,VOD Italy,SportOutdoor.tv,https://gto2000-sportoutdoortv-1-it.samsung.wurl.tv/playlist.m3u8,https://i.imgur.com/fwOuEBl.png,channel-playlist:free-tv-br
Canais,VOD Italy,Italian Fishing TV,https://itftv-italianfishingtv-1-it.samsung.wurl.tv/playlist.m3u8,https://i.imgur.com/Q0jHCdC.png,channel-playlist:free-tv-br
Canais,VOD Italy,FUEL TV,https://fueltv-fueltv-6-it.samsung.wurl.com/manifest/playlist.m3u8,https://i.imgur.com/4Lzo6M4.png,channel-playlist:free-tv-br
Canais,VOD Italy,Teletubbies,https://dhx-teletubbies-2-it.samsung.wurl.tv/playlist.m3u8,https://i.imgur.com/tSw1oON.jpeg,channel-playlist:free-tv-br
Canais,VOD Italy,duckTV,https://mmm-ducktv-2-it.samsung.wurl.com/manifest/playlist.m3u8,https://i.imgur.com/BKoAJZV.jpeg,channel-playlist:free-tv-br
Canais,VOD Italy,SuperToons TV,https://kedoo-supertoonstv-4-it.samsung.wurl.tv/playlist.m3u8,https://i.imgur.com/A6vCYsC.png,channel-playlist:free-tv-br
Canais,VOD Italy,Planeta Junior,https://deaplaneta-planetakidz-2-it.samsung.wurl.tv/playlist.m3u8,https://i.imgur.com/F71WMja.jpg,channel-playlist:free-tv-br
Canais,VOD Italy,MONDO TV KIDS,https://mondotv-mondotvkids-1-it.samsung.wurl.tv/playlist.m3u8,https://i.imgur.com/DMqKFIM.png,channel-playlist:free-tv-br
Canais,VOD Italy,Vevo Pop,https://601820eb2b971a000104f40a-samsung.eu.ssai.zype.com/601820eb2b971a000104f40a_samsung_eu/manifest.m3u8,https://i.imgur.com/DPqMpQC.png,channel-playlist:free-tv-br
Canais,VOD Italy,Radio Italia Trend,https://radioitalia-samsungitaly.amagi.tv/playlist.m3u8,https://i.imgur.com/ecpfn3e.png,channel-playlist:free-tv-br
Canais,VOD Italy,Clubbing TV,https://clubbingtv-samsunguk.amagi.tv/playlist.m3u8,https://i.imgur.com/D1IuAqu.jpg,channel-playlist:free-tv-br
Canais,VOD Italy,Deluxe Lounge HD,https://d46c0ebf9ef94053848fdd7b1f2f6b90.mediatailor.eu-central-1.amazonaws.com/v1/master/81bfcafb76f9c947b24574657a9ce7fe14ad75c0/live-prod/9f58b8c3-80c1-11eb-908d-533d39655269/0/master.m3u8,https://i.imgur.com/LzIsXym.png,channel-playlist:free-tv-br
Canais,VOD Italy,Trace Latina Ⓖ,https://cdn-ue1-prod.tsv2.amagi.tv/linear/amg01131-tracetv-tracelatinait-samsungit/playlist.m3u8,https://i.imgur.com/GHbz8wd.png,channel-playlist:free-tv-br
Canais,VOD Italy,Trace Urban Ⓖ,https://cdn-ue1-prod.tsv2.amagi.tv/linear/amg01131-tracetv-traceurbanit-samsungit/playlist.m3u8,https://i.imgur.com/PAx9qj8.png,channel-playlist:free-tv-br
Canais,VOD Italy,Full Moon,https://minerva-fullmoon-1-it.samsung.wurl.tv/playlist.m3u8,https://i.imgur.com/0xT7bZP.jpg,channel-playlist:free-tv-br
Canais,VOD Italy,Cinema Segreto,https://minerva-cinemasegreto-1-it.samsung.wurl.tv/playlist.m3u8,https://i.imgur.com/pID3ZGx.png,channel-playlist:free-tv-br
Canais,VOD Italy,Bizzarro Movies,https://minerva-bizzarromovies-1-it.samsung.wurl.tv/playlist.m3u8,https://i.imgur.com/EbDLnZB.png,channel-playlist:free-tv-br
Canais,VOD Italy,CGtv,https://cgentertainment-cgtv-1-it.samsung.wurl.tv/playlist.m3u8,https://i.imgur.com/6rsLtY7.png,channel-playlist:free-tv-br
Canais,VOD Italy,WP,https://minerva-wp-1-it.samsung.wurl.tv/playlist.m3u8,https://i.imgur.com/W5I5yY0.png,channel-playlist:free-tv-br
Canais,VOD Italy,Risate all'italiana,https://minerva-risateallitaliana-1-it.samsung.wurl.tv/playlist.m3u8,https://i.imgur.com/LCN66Z1.png,channel-playlist:free-tv-br
Canais,VOD Italy,Shorts Ⓖ,https://cdn-ue1-prod.tsv2.amagi.tv/linear/amg00784-shortsinternati-shortstv-fast-italy-samsungit/playlist.m3u8,https://i.imgur.com/GwM7RHV.jpg,channel-playlist:free-tv-br
Canais,VOD Italy,Sofy.tv,https://sofytv-samsungit.amagi.tv/playlist.m3u8,https://i.imgur.com/fsJFJeZ.png,channel-playlist:free-tv-br
Canais,VOD Italy,VH1+ Girl Power! – Pluto TV,https://service-stitcher.clusters.pluto.tv/v1/stitch/embed/hls/channel/655208ff53fc9700084a834e/master.m3u8?deviceId=channel&deviceModel=web&deviceVersion=1.0&appVersion=1.0&deviceType=rokuChannel&deviceMake=rokuChannel&deviceDNT=1&advertisingId=channel&embedPartner=rokuChannel&appName=rokuchannel&is_lat=1&bmodel=bm1&content=channel&platform=web&tags=ROKU_CONTENT_TAGS&coppa=false&content_type=livefeed&rdid=channel&genre=ROKU_ADS_CONTENT_GENRE&content_rating=ROKU_ADS_CONTENT_RATING&studio_id=viacom&channel_id=channel,https://i.imgur.com/Z4t6fdU.png,channel-playlist:free-tv-br
Canais,VOD Italy,Car Chase – Pluto TV,https://service-stitcher.clusters.pluto.tv/v1/stitch/embed/hls/channel/65a939fad77d450008863835/master.m3u8?deviceId=channel&deviceModel=web&deviceVersion=1.0&appVersion=1.0&deviceType=rokuChannel&deviceMake=rokuChannel&deviceDNT=1&advertisingId=channel&embedPartner=rokuChannel&appName=rokuchannel&is_lat=1&bmodel=bm1&content=channel&platform=web&tags=ROKU_CONTENT_TAGS&coppa=false&content_type=livefeed&rdid=channel&genre=ROKU_ADS_CONTENT_GENRE&content_rating=ROKU_ADS_CONTENT_RATING&studio_id=viacom&channel_id=channel,https://i.imgur.com/F1jXkhK.png,channel-playlist:free-tv-br
Canais,VOD Italy,Monster Jam – Pluto TV,https://service-stitcher.clusters.pluto.tv/v1/stitch/embed/hls/channel/65bce7f1d77d450008b3a430/master.m3u8?deviceId=channel&deviceModel=web&deviceVersion=1.0&appVersion=1.0&deviceType=rokuChannel&deviceMake=rokuChannel&deviceDNT=1&advertisingId=channel&embedPartner=rokuChannel&appName=rokuchannel&is_lat=1&bmodel=bm1&content=channel&platform=web&tags=ROKU_CONTENT_TAGS&coppa=false&content_type=livefeed&rdid=channel&genre=ROKU_ADS_CONTENT_GENRE&content_rating=ROKU_ADS_CONTENT_RATING&studio_id=viacom&channel_id=channel,https://i.imgur.com/jxGhINd.png,channel-playlist:free-tv-br
Canais,VOD Italy,MacGyver – Pluto TV,https://service-stitcher.clusters.pluto.tv/v1/stitch/embed/hls/channel/6245d4511358320007029cdf/master.m3u8?deviceId=channel&deviceModel=web&deviceVersion=1.0&appVersion=1.0&deviceType=rokuChannel&deviceMake=rokuChannel&deviceDNT=1&advertisingId=channel&embedPartner=rokuChannel&appName=rokuchannel&is_lat=1&bmodel=bm1&content=channel&platform=web&tags=ROKU_CONTENT_TAGS&coppa=false&content_type=livefeed&rdid=channel&genre=ROKU_ADS_CONTENT_GENRE&content_rating=ROKU_ADS_CONTENT_RATING&studio_id=viacom&channel_id=channel,https://i.imgur.com/bz9IwWU.png,channel-playlist:free-tv-br
Canais,VOD Italy,Settimo Cielo – Pluto TV,https://service-stitcher.clusters.pluto.tv/v1/stitch/embed/hls/channel/6245d3792792150007e20634/master.m3u8?deviceId=channel&deviceModel=web&deviceVersion=1.0&appVersion=1.0&deviceType=rokuChannel&deviceMake=rokuChannel&deviceDNT=1&advertisingId=channel&embedPartner=rokuChannel&appName=rokuchannel&is_lat=1&bmodel=bm1&content=channel&platform=web&tags=ROKU_CONTENT_TAGS&coppa=false&content_type=livefeed&rdid=channel&genre=ROKU_ADS_CONTENT_GENRE&content_rating=ROKU_ADS_CONTENT_RATING&studio_id=viacom&channel_id=channel,https://i.imgur.com/TC5lo6r.png,channel-playlist:free-tv-br
Canais,VOD Italy,BBC Drama – Pluto TV,https://service-stitcher.clusters.pluto.tv/v1/stitch/embed/hls/channel/62e7fa5ab5062e0007dcf97d/master.m3u8?deviceId=channel&deviceModel=web&deviceVersion=1.0&appVersion=1.0&deviceType=rokuChannel&deviceMake=rokuChannel&deviceDNT=1&advertisingId=channel&embedPartner=rokuChannel&appName=rokuchannel&is_lat=1&bmodel=bm1&content=channel&platform=web&tags=ROKU_CONTENT_TAGS&coppa=false&content_type=livefeed&rdid=channel&genre=ROKU_ADS_CONTENT_GENRE&content_rating=ROKU_ADS_CONTENT_RATING&studio_id=viacom&channel_id=channel,https://i.imgur.com/CrAqXHJ.png,channel-playlist:free-tv-br
Canais,VOD Italy,Le sorelle mcleod – Pluto TV,https://service-stitcher.clusters.pluto.tv/v1/stitch/embed/hls/channel/60a2837f8154ab0007c4dcdf/master.m3u8?deviceId=channel&deviceModel=web&deviceVersion=1.0&appVersion=1.0&deviceType=rokuChannel&deviceMake=rokuChannel&deviceDNT=1&advertisingId=channel&embedPartner=rokuChannel&appName=rokuchannel&is_lat=1&bmodel=bm1&content=channel&platform=web&tags=ROKU_CONTENT_TAGS&coppa=false&content_type=livefeed&rdid=channel&genre=ROKU_ADS_CONTENT_GENRE&content_rating=ROKU_ADS_CONTENT_RATING&studio_id=viacom&channel_id=channel,https://i.imgur.com/P310ryf.png,channel-playlist:free-tv-br
Canais,VOD Italy,Autostop per il cielo – Pluto TV,https://service-stitcher.clusters.pluto.tv/v1/stitch/embed/hls/channel/638f286445264d00084ec6dc/master.m3u8?deviceId=channel&deviceModel=web&deviceVersion=1.0&appVersion=1.0&deviceType=rokuChannel&deviceMake=rokuChannel&deviceDNT=1&advertisingId=channel&embedPartner=rokuChannel&appName=rokuchannel&is_lat=1&bmodel=bm1&content=channel&platform=web&tags=ROKU_CONTENT_TAGS&coppa=false&content_type=livefeed&rdid=channel&genre=ROKU_ADS_CONTENT_GENRE&content_rating=ROKU_ADS_CONTENT_RATING&studio_id=viacom&channel_id=channel,https://i.imgur.com/rpC1qk7.png,channel-playlist:free-tv-br
Canais,VOD Italy,Renegade – Pluto TV,https://service-stitcher.clusters.pluto.tv/v1/stitch/embed/hls/channel/634926e4b51d2d00077819a2/master.m3u8?deviceId=channel&deviceModel=web&deviceVersion=1.0&appVersion=1.0&deviceType=rokuChannel&deviceMake=rokuChannel&deviceDNT=1&advertisingId=channel&embedPartner=rokuChannel&appName=rokuchannel&is_lat=1&bmodel=bm1&content=channel&platform=web&tags=ROKU_CONTENT_TAGS&coppa=false&content_type=livefeed&rdid=channel&genre=ROKU_ADS_CONTENT_GENRE&content_rating=ROKU_ADS_CONTENT_RATING&studio_id=viacom&channel_id=channel,https://i.imgur.com/Qsd9wuS.png,channel-playlist:free-tv-br
Canais,VOD Italy,Serie – Pluto TV,https://service-stitcher.clusters.pluto.tv/v1/stitch/embed/hls/channel/60b9ff2722bfa400072676ef/master.m3u8?deviceId=channel&deviceModel=web&deviceVersion=1.0&appVersion=1.0&deviceType=rokuChannel&deviceMake=rokuChannel&deviceDNT=1&advertisingId=channel&embedPartner=rokuChannel&appName=rokuchannel&is_lat=1&bmodel=bm1&content=channel&platform=web&tags=ROKU_CONTENT_TAGS&coppa=false&content_type=livefeed&rdid=channel&genre=ROKU_ADS_CONTENT_GENRE&content_rating=ROKU_ADS_CONTENT_RATING&studio_id=viacom&channel_id=channel,https://i.imgur.com/CHBhRZr.png,channel-playlist:free-tv-br
Canais,VOD Italy,Film – Pluto TV,https://service-stitcher.clusters.pluto.tv/v1/stitch/embed/hls/channel/608aa17fb9f4490007e6419a/master.m3u8?deviceId=channel&deviceModel=web&deviceVersion=1.0&appVersion=1.0&deviceType=rokuChannel&deviceMake=rokuChannel&deviceDNT=1&advertisingId=channel&embedPartner=rokuChannel&appName=rokuchannel&is_lat=1&bmodel=bm1&content=channel&platform=web&tags=ROKU_CONTENT_TAGS&coppa=false&content_type=livefeed&rdid=channel&genre=ROKU_ADS_CONTENT_GENRE&content_rating=ROKU_ADS_CONTENT_RATING&studio_id=viacom&channel_id=channel,https://i.imgur.com/QeFc7F3.png,channel-playlist:free-tv-br
Canais,VOD Italy,Film Azione – Pluto TV,https://service-stitcher.clusters.pluto.tv/v1/stitch/embed/hls/channel/608aa20a2e7f270007c4878d/master.m3u8?deviceId=channel&deviceModel=web&deviceVersion=1.0&appVersion=1.0&deviceType=rokuChannel&deviceMake=rokuChannel&deviceDNT=1&advertisingId=channel&embedPartner=rokuChannel&appName=rokuchannel&is_lat=1&bmodel=bm1&content=channel&platform=web&tags=ROKU_CONTENT_TAGS&coppa=false&content_type=livefeed&rdid=channel&genre=ROKU_ADS_CONTENT_GENRE&content_rating=ROKU_ADS_CONTENT_RATING&studio_id=viacom&channel_id=channel,https://i.imgur.com/ZmAuf3H.png,channel-playlist:free-tv-br
Canais,VOD Italy,Film Thriller – Pluto TV,https://service-stitcher.clusters.pluto.tv/v1/stitch/embed/hls/channel/608aa5e995132a00075f7005/master.m3u8?deviceId=channel&deviceModel=web&deviceVersion=1.0&appVersion=1.0&deviceType=rokuChannel&deviceMake=rokuChannel&deviceDNT=1&advertisingId=channel&embedPartner=rokuChannel&appName=rokuchannel&is_lat=1&bmodel=bm1&content=channel&platform=web&tags=ROKU_CONTENT_TAGS&coppa=false&content_type=livefeed&rdid=channel&genre=ROKU_ADS_CONTENT_GENRE&content_rating=ROKU_ADS_CONTENT_RATING&studio_id=viacom&channel_id=channel,https://i.imgur.com/hIWMGRW.png,channel-playlist:free-tv-br
Canais,VOD Italy,Horror – Pluto TV,https://service-stitcher.clusters.pluto.tv/v1/stitch/embed/hls/channel/61c09e3ac210ed0007606620/master.m3u8?deviceId=channel&deviceModel=web&deviceVersion=1.0&appVersion=1.0&deviceType=rokuChannel&deviceMake=rokuChannel&deviceDNT=1&advertisingId=channel&embedPartner=rokuChannel&appName=rokuchannel&is_lat=1&bmodel=bm1&content=channel&platform=web&tags=ROKU_CONTENT_TAGS&coppa=false&content_type=livefeed&rdid=channel&genre=ROKU_ADS_CONTENT_GENRE&content_rating=ROKU_ADS_CONTENT_RATING&studio_id=viacom&channel_id=channel,https://i.imgur.com/zhoHRSE.png,channel-playlist:free-tv-br
Canais,VOD Italy,Western – Pluto TV,https://service-stitcher.clusters.pluto.tv/v1/stitch/embed/hls/channel/62e7fb67478a5b0007e6c50c/master.m3u8?deviceId=channel&deviceModel=web&deviceVersion=1.0&appVersion=1.0&deviceType=rokuChannel&deviceMake=rokuChannel&deviceDNT=1&advertisingId=channel&embedPartner=rokuChannel&appName=rokuchannel&is_lat=1&bmodel=bm1&content=channel&platform=web&tags=ROKU_CONTENT_TAGS&coppa=false&content_type=livefeed&rdid=channel&genre=ROKU_ADS_CONTENT_GENRE&content_rating=ROKU_ADS_CONTENT_RATING&studio_id=viacom&channel_id=channel,https://i.imgur.com/6vmgQBl.png,channel-playlist:free-tv-br
Canais,VOD Italy,Film Classici – Pluto TV,https://service-stitcher.clusters.pluto.tv/v1/stitch/embed/hls/channel/608aa3c446d73500075f0e24/master.m3u8?deviceId=channel&deviceModel=web&deviceVersion=1.0&appVersion=1.0&deviceType=rokuChannel&deviceMake=rokuChannel&deviceDNT=1&advertisingId=channel&embedPartner=rokuChannel&appName=rokuchannel&is_lat=1&bmodel=bm1&content=channel&platform=web&tags=ROKU_CONTENT_TAGS&coppa=false&content_type=livefeed&rdid=channel&genre=ROKU_ADS_CONTENT_GENRE&content_rating=ROKU_ADS_CONTENT_RATING&studio_id=viacom&channel_id=channel,https://i.imgur.com/jNyZPLV.png,channel-playlist:free-tv-br
Canais,VOD Italy,Cinema Italiano – Pluto TV,https://service-stitcher.clusters.pluto.tv/v1/stitch/embed/hls/channel/608aa7d8359b270007861489/master.m3u8?deviceId=channel&deviceModel=web&deviceVersion=1.0&appVersion=1.0&deviceType=rokuChannel&deviceMake=rokuChannel&deviceDNT=1&advertisingId=channel&embedPartner=rokuChannel&appName=rokuchannel&is_lat=1&bmodel=bm1&content=channel&platform=web&tags=ROKU_CONTENT_TAGS&coppa=false&content_type=livefeed&rdid=channel&genre=ROKU_ADS_CONTENT_GENRE&content_rating=ROKU_ADS_CONTENT_RATING&studio_id=viacom&channel_id=channel,https://i.imgur.com/drDX5DC.png,channel-playlist:free-tv-br
Canais,VOD Italy,Totò – Pluto TV,https://service-stitcher.clusters.pluto.tv/v1/stitch/embed/hls/channel/65253f9881f942000833ccd5/master.m3u8?deviceId=channel&deviceModel=web&deviceVersion=1.0&appVersion=1.0&deviceType=rokuChannel&deviceMake=rokuChannel&deviceDNT=1&advertisingId=channel&embedPartner=rokuChannel&appName=rokuchannel&is_lat=1&bmodel=bm1&content=channel&platform=web&tags=ROKU_CONTENT_TAGS&coppa=false&content_type=livefeed&rdid=channel&genre=ROKU_ADS_CONTENT_GENRE&content_rating=ROKU_ADS_CONTENT_RATING&studio_id=viacom&channel_id=channel,https://i.imgur.com/wLDteJZ.png,channel-playlist:free-tv-br
Canais,VOD Italy,Film Romantici – Pluto TV,https://service-stitcher.clusters.pluto.tv/v1/stitch/embed/hls/channel/608aa4a4cc92820007b663af/master.m3u8?deviceId=channel&deviceModel=web&deviceVersion=1.0&appVersion=1.0&deviceType=rokuChannel&deviceMake=rokuChannel&deviceDNT=1&advertisingId=channel&embedPartner=rokuChannel&appName=rokuchannel&is_lat=1&bmodel=bm1&content=channel&platform=web&tags=ROKU_CONTENT_TAGS&coppa=false&content_type=livefeed&rdid=channel&genre=ROKU_ADS_CONTENT_GENRE&content_rating=ROKU_ADS_CONTENT_RATING&studio_id=viacom&channel_id=channel,https://i.imgur.com/KxPsLG3.png,channel-playlist:free-tv-br
Canais,VOD Italy,Christmas – Pluto TV,https://service-stitcher.clusters.pluto.tv/v1/stitch/embed/hls/channel/612e05b885183d0007958101/master.m3u8?deviceId=channel&deviceModel=web&deviceVersion=1.0&appVersion=1.0&deviceType=rokuChannel&deviceMake=rokuChannel&deviceDNT=1&advertisingId=channel&embedPartner=rokuChannel&appName=rokuchannel&is_lat=1&bmodel=bm1&content=channel&platform=web&tags=ROKU_CONTENT_TAGS&coppa=false&content_type=livefeed&rdid=channel&genre=ROKU_ADS_CONTENT_GENRE&content_rating=ROKU_ADS_CONTENT_RATING&studio_id=viacom&channel_id=channel,https://i.imgur.com/tQ8lN30.png,channel-playlist:free-tv-br
Canais,VOD Italy,Film Drama – Pluto TV,https://service-stitcher.clusters.pluto.tv/v1/stitch/embed/hls/channel/608aa42b5c2b8f0007197529/master.m3u8?deviceId=channel&deviceModel=web&deviceVersion=1.0&appVersion=1.0&deviceType=rokuChannel&deviceMake=rokuChannel&deviceDNT=1&advertisingId=channel&embedPartner=rokuChannel&appName=rokuchannel&is_lat=1&bmodel=bm1&content=channel&platform=web&tags=ROKU_CONTENT_TAGS&coppa=false&content_type=livefeed&rdid=channel&genre=ROKU_ADS_CONTENT_GENRE&content_rating=ROKU_ADS_CONTENT_RATING&studio_id=viacom&channel_id=channel,https://i.imgur.com/X8jimKP.png,channel-playlist:free-tv-br
Canais,VOD Italy,Film Commedia – Pluto TV,https://service-stitcher.clusters.pluto.tv/v1/stitch/embed/hls/channel/608aa512d67fd900072323db/master.m3u8?deviceId=channel&deviceModel=web&deviceVersion=1.0&appVersion=1.0&deviceType=rokuChannel&deviceMake=rokuChannel&deviceDNT=1&advertisingId=channel&embedPartner=rokuChannel&appName=rokuchannel&is_lat=1&bmodel=bm1&content=channel&platform=web&tags=ROKU_CONTENT_TAGS&coppa=false&content_type=livefeed&rdid=channel&genre=ROKU_ADS_CONTENT_GENRE&content_rating=ROKU_ADS_CONTENT_RATING&studio_id=viacom&channel_id=channel,https://i.imgur.com/cSKaVHW.png,channel-playlist:free-tv-br
Canais,VOD Italy,East is East – Pluto TV,https://service-stitcher.clusters.pluto.tv/v1/stitch/embed/hls/channel/654c955683595c00081d9d87/master.m3u8?deviceId=channel&deviceModel=web&deviceVersion=1.0&appVersion=1.0&deviceType=rokuChannel&deviceMake=rokuChannel&deviceDNT=1&advertisingId=channel&embedPartner=rokuChannel&appName=rokuchannel&is_lat=1&bmodel=bm1&content=channel&platform=web&tags=ROKU_CONTENT_TAGS&coppa=false&content_type=livefeed&rdid=channel&genre=ROKU_ADS_CONTENT_GENRE&content_rating=ROKU_ADS_CONTENT_RATING&studio_id=viacom&channel_id=channel,https://i.imgur.com/iPGv82f.png,channel-playlist:free-tv-br
Canais,VOD Italy,The Asylum – Pluto TV,https://service-stitcher.clusters.pluto.tv/v1/stitch/embed/hls/channel/62e8d5369e48940007fc1dc1/master.m3u8?deviceId=channel&deviceModel=web&deviceVersion=1.0&appVersion=1.0&deviceType=rokuChannel&deviceMake=rokuChannel&deviceDNT=1&advertisingId=channel&embedPartner=rokuChannel&appName=rokuchannel&is_lat=1&bmodel=bm1&content=channel&platform=web&tags=ROKU_CONTENT_TAGS&coppa=false&content_type=livefeed&rdid=channel&genre=ROKU_ADS_CONTENT_GENRE&content_rating=ROKU_ADS_CONTENT_RATING&studio_id=viacom&channel_id=channel,https://i.imgur.com/S2jlaiJ.png,channel-playlist:free-tv-br
Canais,VOD Italy,Star Trek: The Original Series – Pluto TV,https://service-stitcher.clusters.pluto.tv/v1/stitch/embed/hls/channel/6581a09edfed030008e12b39/master.m3u8?deviceId=channel&deviceModel=web&deviceVersion=1.0&appVersion=1.0&deviceType=rokuChannel&deviceMake=rokuChannel&deviceDNT=1&advertisingId=channel&embedPartner=rokuChannel&appName=rokuchannel&is_lat=1&bmodel=bm1&content=channel&platform=web&tags=ROKU_CONTENT_TAGS&coppa=false&content_type=livefeed&rdid=channel&genre=ROKU_ADS_CONTENT_GENRE&content_rating=ROKU_ADS_CONTENT_RATING&studio_id=viacom&channel_id=channel,https://i.imgur.com/VnUrFqB.png,channel-playlist:free-tv-br
Canais,VOD Italy,Doctor Who – Pluto TV,https://service-stitcher.clusters.pluto.tv/v1/stitch/embed/hls/channel/62e7f8db27ce19000732d1aa/master.m3u8?deviceId=channel&deviceModel=web&deviceVersion=1.0&appVersion=1.0&deviceType=rokuChannel&deviceMake=rokuChannel&deviceDNT=1&advertisingId=channel&embedPartner=rokuChannel&appName=rokuchannel&is_lat=1&bmodel=bm1&content=channel&platform=web&tags=ROKU_CONTENT_TAGS&coppa=false&content_type=livefeed&rdid=channel&genre=ROKU_ADS_CONTENT_GENRE&content_rating=ROKU_ADS_CONTENT_RATING&studio_id=viacom&channel_id=channel,https://i.imgur.com/oewPc3b.png,channel-playlist:free-tv-br
Canais,VOD Italy,Sci-Fi – Pluto TV,https://service-stitcher.clusters.pluto.tv/v1/stitch/embed/hls/channel/61728bb9ee3773000840c1fa/master.m3u8?deviceId=channel&deviceModel=web&deviceVersion=1.0&appVersion=1.0&deviceType=rokuChannel&deviceMake=rokuChannel&deviceDNT=1&advertisingId=channel&embedPartner=rokuChannel&appName=rokuchannel&is_lat=1&bmodel=bm1&content=channel&platform=web&tags=ROKU_CONTENT_TAGS&coppa=false&content_type=livefeed&rdid=channel&genre=ROKU_ADS_CONTENT_GENRE&content_rating=ROKU_ADS_CONTENT_RATING&studio_id=viacom&channel_id=channel,https://i.imgur.com/5B94N8g.png,channel-playlist:free-tv-br
Canais,VOD Italy,Mutant X – Pluto TV,https://service-stitcher.clusters.pluto.tv/v1/stitch/embed/hls/channel/60802c209a26320007c92ad5/master.m3u8?deviceId=channel&deviceModel=web&deviceVersion=1.0&appVersion=1.0&deviceType=rokuChannel&deviceMake=rokuChannel&deviceDNT=1&advertisingId=channel&embedPartner=rokuChannel&appName=rokuchannel&is_lat=1&bmodel=bm1&content=channel&platform=web&tags=ROKU_CONTENT_TAGS&coppa=false&content_type=livefeed&rdid=channel&genre=ROKU_ADS_CONTENT_GENRE&content_rating=ROKU_ADS_CONTENT_RATING&studio_id=viacom&channel_id=channel,https://i.imgur.com/SptYKFI.png,channel-playlist:free-tv-br
Canais,VOD Italy,Andromeda – Pluto TV,https://service-stitcher.clusters.pluto.tv/v1/stitch/embed/hls/channel/60802d37ee238e0007c94e64/master.m3u8?deviceId=channel&deviceModel=web&deviceVersion=1.0&appVersion=1.0&deviceType=rokuChannel&deviceMake=rokuChannel&deviceDNT=1&advertisingId=channel&embedPartner=rokuChannel&appName=rokuchannel&is_lat=1&bmodel=bm1&content=channel&platform=web&tags=ROKU_CONTENT_TAGS&coppa=false&content_type=livefeed&rdid=channel&genre=ROKU_ADS_CONTENT_GENRE&content_rating=ROKU_ADS_CONTENT_RATING&studio_id=viacom&channel_id=channel,https://i.imgur.com/2HFhwX9.png,channel-playlist:free-tv-br
Canais,VOD Italy,Sanctuary – Pluto TV,https://service-stitcher.clusters.pluto.tv/v1/stitch/embed/hls/channel/63eb57d6c111bc0008fe2658/master.m3u8?deviceId=channel&deviceModel=web&deviceVersion=1.0&appVersion=1.0&deviceType=rokuChannel&deviceMake=rokuChannel&deviceDNT=1&advertisingId=channel&embedPartner=rokuChannel&appName=rokuchannel&is_lat=1&bmodel=bm1&content=channel&platform=web&tags=ROKU_CONTENT_TAGS&coppa=false&content_type=livefeed&rdid=channel&genre=ROKU_ADS_CONTENT_GENRE&content_rating=ROKU_ADS_CONTENT_RATING&studio_id=viacom&channel_id=channel,https://i.imgur.com/iYyijeJ.png,channel-playlist:free-tv-br
Canais,VOD Italy,Forensic Files – Pluto TV,https://service-stitcher.clusters.pluto.tv/v1/stitch/embed/hls/channel/64ec5cf50f73a800081310a5/master.m3u8?deviceId=channel&deviceModel=web&deviceVersion=1.0&appVersion=1.0&deviceType=rokuChannel&deviceMake=rokuChannel&deviceDNT=1&advertisingId=channel&embedPartner=rokuChannel&appName=rokuchannel&is_lat=1&bmodel=bm1&content=channel&platform=web&tags=ROKU_CONTENT_TAGS&coppa=false&content_type=livefeed&rdid=channel&genre=ROKU_ADS_CONTENT_GENRE&content_rating=ROKU_ADS_CONTENT_RATING&studio_id=viacom&channel_id=channel,https://i.imgur.com/hF5maH7.png,channel-playlist:free-tv-br
Canais,VOD Italy,Squadra Speciale Cobra 11 – Pluto TV,https://service-stitcher.clusters.pluto.tv/v1/stitch/embed/hls/channel/625e6cc905e09f00073addee/master.m3u8?deviceId=channel&deviceModel=web&deviceVersion=1.0&appVersion=1.0&deviceType=rokuChannel&deviceMake=rokuChannel&deviceDNT=1&advertisingId=channel&embedPartner=rokuChannel&appName=rokuchannel&is_lat=1&bmodel=bm1&content=channel&platform=web&tags=ROKU_CONTENT_TAGS&coppa=false&content_type=livefeed&rdid=channel&genre=ROKU_ADS_CONTENT_GENRE&content_rating=ROKU_ADS_CONTENT_RATING&studio_id=viacom&channel_id=channel,https://i.imgur.com/HtDoAF2.png,channel-playlist:free-tv-br
Canais,VOD Italy,Crime – Pluto TV,https://service-stitcher.clusters.pluto.tv/v1/stitch/embed/hls/channel/608aa777b907770007e5d05d/master.m3u8?deviceId=channel&deviceModel=web&deviceVersion=1.0&appVersion=1.0&deviceType=rokuChannel&deviceMake=rokuChannel&deviceDNT=1&advertisingId=channel&embedPartner=rokuChannel&appName=rokuchannel&is_lat=1&bmodel=bm1&content=channel&platform=web&tags=ROKU_CONTENT_TAGS&coppa=false&content_type=livefeed&rdid=channel&genre=ROKU_ADS_CONTENT_GENRE&content_rating=ROKU_ADS_CONTENT_RATING&studio_id=viacom&channel_id=channel,https://i.imgur.com/WRMGIdb.png,channel-playlist:free-tv-br
Canais,VOD Italy,Mai dire sì – Pluto TV,https://service-stitcher.clusters.pluto.tv/v1/stitch/embed/hls/channel/6349279ed5023700078f2bc2/master.m3u8?deviceId=channel&deviceModel=web&deviceVersion=1.0&appVersion=1.0&deviceType=rokuChannel&deviceMake=rokuChannel&deviceDNT=1&advertisingId=channel&embedPartner=rokuChannel&appName=rokuchannel&is_lat=1&bmodel=bm1&content=channel&platform=web&tags=ROKU_CONTENT_TAGS&coppa=false&content_type=livefeed&rdid=channel&genre=ROKU_ADS_CONTENT_GENRE&content_rating=ROKU_ADS_CONTENT_RATING&studio_id=viacom&channel_id=channel,https://i.imgur.com/yIMyhSN.png,channel-playlist:free-tv-br
Canais,VOD Italy,Consulenze illegali – Pluto TV,https://service-stitcher.clusters.pluto.tv/v1/stitch/embed/hls/channel/60b9dc99521a1400079bdfba/master.m3u8?deviceId=channel&deviceModel=web&deviceVersion=1.0&appVersion=1.0&deviceType=rokuChannel&deviceMake=rokuChannel&deviceDNT=1&advertisingId=channel&embedPartner=rokuChannel&appName=rokuchannel&is_lat=1&bmodel=bm1&content=channel&platform=web&tags=ROKU_CONTENT_TAGS&coppa=false&content_type=livefeed&rdid=channel&genre=ROKU_ADS_CONTENT_GENRE&content_rating=ROKU_ADS_CONTENT_RATING&studio_id=viacom&channel_id=channel,https://i.imgur.com/AoOiYJX.png,channel-playlist:free-tv-br
Canais,VOD Italy,Il banco dei pugni – Pluto TV,https://service-stitcher.clusters.pluto.tv/v1/stitch/embed/hls/channel/60e4507a06171800072339a3/master.m3u8?deviceId=channel&deviceModel=web&deviceVersion=1.0&appVersion=1.0&deviceType=rokuChannel&deviceMake=rokuChannel&deviceDNT=1&advertisingId=channel&embedPartner=rokuChannel&appName=rokuchannel&is_lat=1&bmodel=bm1&content=channel&platform=web&tags=ROKU_CONTENT_TAGS&coppa=false&content_type=livefeed&rdid=channel&genre=ROKU_ADS_CONTENT_GENRE&content_rating=ROKU_ADS_CONTENT_RATING&studio_id=viacom&channel_id=channel,https://i.imgur.com/2Lj1sdf.png,channel-playlist:free-tv-br
Canais,VOD Italy,Affare Fatto – Pluto TV,https://service-stitcher.clusters.pluto.tv/v1/stitch/embed/hls/channel/64ec5c6644fe100009d114ae/master.m3u8?deviceId=channel&deviceModel=web&deviceVersion=1.0&appVersion=1.0&deviceType=rokuChannel&deviceMake=rokuChannel&deviceDNT=1&advertisingId=channel&embedPartner=rokuChannel&appName=rokuchannel&is_lat=1&bmodel=bm1&content=channel&platform=web&tags=ROKU_CONTENT_TAGS&coppa=false&content_type=livefeed&rdid=channel&genre=ROKU_ADS_CONTENT_GENRE&content_rating=ROKU_ADS_CONTENT_RATING&studio_id=viacom&channel_id=channel,https://i.imgur.com/BuGkGsL.png,channel-playlist:free-tv-br
Canais,VOD Italy,Catfish – Pluto TV,https://service-stitcher.clusters.pluto.tv/v1/stitch/embed/hls/channel/6093f9ed2c75660007322bb7/master.m3u8?deviceId=channel&deviceModel=web&deviceVersion=1.0&appVersion=1.0&deviceType=rokuChannel&deviceMake=rokuChannel&deviceDNT=1&advertisingId=channel&embedPartner=rokuChannel&appName=rokuchannel&is_lat=1&bmodel=bm1&content=channel&platform=web&tags=ROKU_CONTENT_TAGS&coppa=false&content_type=livefeed&rdid=channel&genre=ROKU_ADS_CONTENT_GENRE&content_rating=ROKU_ADS_CONTENT_RATING&studio_id=viacom&channel_id=channel,https://i.imgur.com/KajHKoP.png,channel-playlist:free-tv-br
Canais,VOD Italy,Il Testimone – Pluto TV,https://service-stitcher.clusters.pluto.tv/v1/stitch/embed/hls/channel/61fbd3f0733df400076c9a2d/master.m3u8?deviceId=channel&deviceModel=web&deviceVersion=1.0&appVersion=1.0&deviceType=rokuChannel&deviceMake=rokuChannel&deviceDNT=1&advertisingId=channel&embedPartner=rokuChannel&appName=rokuchannel&is_lat=1&bmodel=bm1&content=channel&platform=web&tags=ROKU_CONTENT_TAGS&coppa=false&content_type=livefeed&rdid=channel&genre=ROKU_ADS_CONTENT_GENRE&content_rating=ROKU_ADS_CONTENT_RATING&studio_id=viacom&channel_id=channel,https://i.imgur.com/9NXL9kY.png,channel-playlist:free-tv-br
Canais,VOD Italy,Case Pazzesche – Pluto TV,https://service-stitcher.clusters.pluto.tv/v1/stitch/embed/hls/channel/626bb07a58b8dd0007e9f36e/master.m3u8?deviceId=channel&deviceModel=web&deviceVersion=1.0&appVersion=1.0&deviceType=rokuChannel&deviceMake=rokuChannel&deviceDNT=1&advertisingId=channel&embedPartner=rokuChannel&appName=rokuchannel&is_lat=1&bmodel=bm1&content=channel&platform=web&tags=ROKU_CONTENT_TAGS&coppa=false&content_type=livefeed&rdid=channel&genre=ROKU_ADS_CONTENT_GENRE&content_rating=ROKU_ADS_CONTENT_RATING&studio_id=viacom&channel_id=channel,https://i.imgur.com/v8IDWwX.png,channel-playlist:free-tv-br
Canais,VOD Italy,Geordie Shore – Pluto TV,https://service-stitcher.clusters.pluto.tv/v1/stitch/embed/hls/channel/619263ee9541940007d20d60/master.m3u8?deviceId=channel&deviceModel=web&deviceVersion=1.0&appVersion=1.0&deviceType=rokuChannel&deviceMake=rokuChannel&deviceDNT=1&advertisingId=channel&embedPartner=rokuChannel&appName=rokuchannel&is_lat=1&bmodel=bm1&content=channel&platform=web&tags=ROKU_CONTENT_TAGS&coppa=false&content_type=livefeed&rdid=channel&genre=ROKU_ADS_CONTENT_GENRE&content_rating=ROKU_ADS_CONTENT_RATING&studio_id=viacom&channel_id=channel,https://i.imgur.com/y0fkHVi.png,channel-playlist:free-tv-br
Canais,VOD Italy,Ex on the beach – Pluto TV,https://service-stitcher.clusters.pluto.tv/v1/stitch/embed/hls/channel/60940ebad67fd900072382db/master.m3u8?deviceId=channel&deviceModel=web&deviceVersion=1.0&appVersion=1.0&deviceType=rokuChannel&deviceMake=rokuChannel&deviceDNT=1&advertisingId=channel&embedPartner=rokuChannel&appName=rokuchannel&is_lat=1&bmodel=bm1&content=channel&platform=web&tags=ROKU_CONTENT_TAGS&coppa=false&content_type=livefeed&rdid=channel&genre=ROKU_ADS_CONTENT_GENRE&content_rating=ROKU_ADS_CONTENT_RATING&studio_id=viacom&channel_id=channel,https://i.imgur.com/IONkdyk.png,channel-playlist:free-tv-br
Canais,VOD Italy,#Riccanza – Pluto TV,https://service-stitcher.clusters.pluto.tv/v1/stitch/embed/hls/channel/626baa721c279b00072cbedd/master.m3u8?deviceId=channel&deviceModel=web&deviceVersion=1.0&appVersion=1.0&deviceType=rokuChannel&deviceMake=rokuChannel&deviceDNT=1&advertisingId=channel&embedPartner=rokuChannel&appName=rokuchannel&is_lat=1&bmodel=bm1&content=channel&platform=web&tags=ROKU_CONTENT_TAGS&coppa=false&content_type=livefeed&rdid=channel&genre=ROKU_ADS_CONTENT_GENRE&content_rating=ROKU_ADS_CONTENT_RATING&studio_id=viacom&channel_id=channel,https://i.imgur.com/oBpcWEm.png,channel-playlist:free-tv-br
Canais,VOD Italy,The Hills – Pluto TV,https://service-stitcher.clusters.pluto.tv/v1/stitch/embed/hls/channel/6466007181844c000967f80a/master.m3u8?deviceId=channel&deviceModel=web&deviceVersion=1.0&appVersion=1.0&deviceType=rokuChannel&deviceMake=rokuChannel&deviceDNT=1&advertisingId=channel&embedPartner=rokuChannel&appName=rokuchannel&is_lat=1&bmodel=bm1&content=channel&platform=web&tags=ROKU_CONTENT_TAGS&coppa=false&content_type=livefeed&rdid=channel&genre=ROKU_ADS_CONTENT_GENRE&content_rating=ROKU_ADS_CONTENT_RATING&studio_id=viacom&channel_id=channel,https://i.imgur.com/9SRojGx.png,channel-playlist:free-tv-br
Canais,VOD Italy,Reality – Pluto TV,https://service-stitcher.clusters.pluto.tv/v1/stitch/embed/hls/channel/61925f874b1ec000075e700a/master.m3u8?deviceId=channel&deviceModel=web&deviceVersion=1.0&appVersion=1.0&deviceType=rokuChannel&deviceMake=rokuChannel&deviceDNT=1&advertisingId=channel&embedPartner=rokuChannel&appName=rokuchannel&is_lat=1&bmodel=bm1&content=channel&platform=web&tags=ROKU_CONTENT_TAGS&coppa=false&content_type=livefeed&rdid=channel&genre=ROKU_ADS_CONTENT_GENRE&content_rating=ROKU_ADS_CONTENT_RATING&studio_id=viacom&channel_id=channel,https://i.imgur.com/tPEOeTk.png,channel-playlist:free-tv-br
Canais,VOD Italy,Made – Pluto TV,https://service-stitcher.clusters.pluto.tv/v1/stitch/embed/hls/channel/6304ee20112ca70007d8accc/master.m3u8?deviceId=channel&deviceModel=web&deviceVersion=1.0&appVersion=1.0&deviceType=rokuChannel&deviceMake=rokuChannel&deviceDNT=1&advertisingId=channel&embedPartner=rokuChannel&appName=rokuchannel&is_lat=1&bmodel=bm1&content=channel&platform=web&tags=ROKU_CONTENT_TAGS&coppa=false&content_type=livefeed&rdid=channel&genre=ROKU_ADS_CONTENT_GENRE&content_rating=ROKU_ADS_CONTENT_RATING&studio_id=viacom&channel_id=channel,https://i.imgur.com/dguQsJ7.png,channel-playlist:free-tv-br
Canais,VOD Italy,16 anni e incinta – Pluto TV,https://service-stitcher.clusters.pluto.tv/v1/stitch/embed/hls/channel/60940a07d88ba90007b9cb71/master.m3u8?deviceId=channel&deviceModel=web&deviceVersion=1.0&appVersion=1.0&deviceType=rokuChannel&deviceMake=rokuChannel&deviceDNT=1&advertisingId=channel&embedPartner=rokuChannel&appName=rokuchannel&is_lat=1&bmodel=bm1&content=channel&platform=web&tags=ROKU_CONTENT_TAGS&coppa=false&content_type=livefeed&rdid=channel&genre=ROKU_ADS_CONTENT_GENRE&content_rating=ROKU_ADS_CONTENT_RATING&studio_id=viacom&channel_id=channel,https://i.imgur.com/4BHrbP7.png,channel-playlist:free-tv-br
Canais,VOD Italy,Teen Mom – Pluto TV,https://service-stitcher.clusters.pluto.tv/v1/stitch/embed/hls/channel/62e7fc8c0d061100083946a9/master.m3u8?deviceId=channel&deviceModel=web&deviceVersion=1.0&appVersion=1.0&deviceType=rokuChannel&deviceMake=rokuChannel&deviceDNT=1&advertisingId=channel&embedPartner=rokuChannel&appName=rokuchannel&is_lat=1&bmodel=bm1&content=channel&platform=web&tags=ROKU_CONTENT_TAGS&coppa=false&content_type=livefeed&rdid=channel&genre=ROKU_ADS_CONTENT_GENRE&content_rating=ROKU_ADS_CONTENT_RATING&studio_id=viacom&channel_id=channel,https://i.imgur.com/LdiTgeW.png,channel-playlist:free-tv-br
Canais,VOD Italy,Jersey Shore – Pluto TV,https://service-stitcher.clusters.pluto.tv/v1/stitch/embed/hls/channel/63eb5767da71180008ace8fc/master.m3u8?deviceId=channel&deviceModel=web&deviceVersion=1.0&appVersion=1.0&deviceType=rokuChannel&deviceMake=rokuChannel&deviceDNT=1&advertisingId=channel&embedPartner=rokuChannel&appName=rokuchannel&is_lat=1&bmodel=bm1&content=channel&platform=web&tags=ROKU_CONTENT_TAGS&coppa=false&content_type=livefeed&rdid=channel&genre=ROKU_ADS_CONTENT_GENRE&content_rating=ROKU_ADS_CONTENT_RATING&studio_id=viacom&channel_id=channel,https://i.imgur.com/HIlmQEy.png,channel-playlist:free-tv-br
Canais,VOD Italy,Top Gear – Pluto TV,https://service-stitcher.clusters.pluto.tv/v1/stitch/embed/hls/channel/64c109a4798def0008a6e03e/master.m3u8?deviceId=channel&deviceModel=web&deviceVersion=1.0&appVersion=1.0&deviceType=rokuChannel&deviceMake=rokuChannel&deviceDNT=1&advertisingId=channel&embedPartner=rokuChannel&appName=rokuchannel&is_lat=1&bmodel=bm1&content=channel&platform=web&tags=ROKU_CONTENT_TAGS&coppa=false&content_type=livefeed&rdid=channel&genre=ROKU_ADS_CONTENT_GENRE&content_rating=ROKU_ADS_CONTENT_RATING&studio_id=viacom&channel_id=channel,https://i.imgur.com/ZZo7DXQ.png,channel-playlist:free-tv-br
Canais,VOD Italy,Pimp My Ride – Pluto TV,https://service-stitcher.clusters.pluto.tv/v1/stitch/embed/hls/channel/636a4eaf77279a0007f14861/master.m3u8?deviceId=channel&deviceModel=web&deviceVersion=1.0&appVersion=1.0&deviceType=rokuChannel&deviceMake=rokuChannel&deviceDNT=1&advertisingId=channel&embedPartner=rokuChannel&appName=rokuchannel&is_lat=1&bmodel=bm1&content=channel&platform=web&tags=ROKU_CONTENT_TAGS&coppa=false&content_type=livefeed&rdid=channel&genre=ROKU_ADS_CONTENT_GENRE&content_rating=ROKU_ADS_CONTENT_RATING&studio_id=viacom&channel_id=channel,https://i.imgur.com/GC2wj2K.png,channel-playlist:free-tv-br
Canais,VOD Italy,World poker tour – Pluto TV,https://service-stitcher.clusters.pluto.tv/v1/stitch/embed/hls/channel/608016e446d73500075ea7e0/master.m3u8?deviceId=channel&deviceModel=web&deviceVersion=1.0&appVersion=1.0&deviceType=rokuChannel&deviceMake=rokuChannel&deviceDNT=1&advertisingId=channel&embedPartner=rokuChannel&appName=rokuchannel&is_lat=1&bmodel=bm1&content=channel&platform=web&tags=ROKU_CONTENT_TAGS&coppa=false&content_type=livefeed&rdid=channel&genre=ROKU_ADS_CONTENT_GENRE&content_rating=ROKU_ADS_CONTENT_RATING&studio_id=viacom&channel_id=channel,https://i.imgur.com/AF1ON8u.png,channel-playlist:free-tv-br
Canais,VOD Italy,PFL MMA – Pluto TV,https://service-stitcher.clusters.pluto.tv/v1/stitch/embed/hls/channel/654a299cab05240008a12639/master.m3u8?deviceId=channel&deviceModel=web&deviceVersion=1.0&appVersion=1.0&deviceType=rokuChannel&deviceMake=rokuChannel&deviceDNT=1&advertisingId=channel&embedPartner=rokuChannel&appName=rokuchannel&is_lat=1&bmodel=bm1&content=channel&platform=web&tags=ROKU_CONTENT_TAGS&coppa=false&content_type=livefeed&rdid=channel&genre=ROKU_ADS_CONTENT_GENRE&content_rating=ROKU_ADS_CONTENT_RATING&studio_id=viacom&channel_id=channel,https://i.imgur.com/zScgLTv.png,channel-playlist:free-tv-br
Canais,VOD Italy,Robot Wars by MECH+ – Pluto TV,https://service-stitcher.clusters.pluto.tv/v1/stitch/embed/hls/channel/651581ba6a84140008593586/master.m3u8?deviceId=channel&deviceModel=web&deviceVersion=1.0&appVersion=1.0&deviceType=rokuChannel&deviceMake=rokuChannel&deviceDNT=1&advertisingId=channel&embedPartner=rokuChannel&appName=rokuchannel&is_lat=1&bmodel=bm1&content=channel&platform=web&tags=ROKU_CONTENT_TAGS&coppa=false&content_type=livefeed&rdid=channel&genre=ROKU_ADS_CONTENT_GENRE&content_rating=ROKU_ADS_CONTENT_RATING&studio_id=viacom&channel_id=channel,https://i.imgur.com/vGqha3k.png,channel-playlist:free-tv-br
Canais,VOD Italy,Ultimate Classic Wrestling – Pluto TV,https://service-stitcher.clusters.pluto.tv/v1/stitch/embed/hls/channel/652516fb7971630008a58e74/master.m3u8?deviceId=channel&deviceModel=web&deviceVersion=1.0&appVersion=1.0&deviceType=rokuChannel&deviceMake=rokuChannel&deviceDNT=1&advertisingId=channel&embedPartner=rokuChannel&appName=rokuchannel&is_lat=1&bmodel=bm1&content=channel&platform=web&tags=ROKU_CONTENT_TAGS&coppa=false&content_type=livefeed&rdid=channel&genre=ROKU_ADS_CONTENT_GENRE&content_rating=ROKU_ADS_CONTENT_RATING&studio_id=viacom&channel_id=channel,https://i.imgur.com/QVN5qv3.png,channel-playlist:free-tv-br
Canais,VOD Italy,The Boat Show – Pluto TV,https://service-stitcher.clusters.pluto.tv/v1/stitch/embed/hls/channel/63eb58aa60bc8f0008caa8f8/master.m3u8?deviceId=channel&deviceModel=web&deviceVersion=1.0&appVersion=1.0&deviceType=rokuChannel&deviceMake=rokuChannel&deviceDNT=1&advertisingId=channel&embedPartner=rokuChannel&appName=rokuchannel&is_lat=1&bmodel=bm1&content=channel&platform=web&tags=ROKU_CONTENT_TAGS&coppa=false&content_type=livefeed&rdid=channel&genre=ROKU_ADS_CONTENT_GENRE&content_rating=ROKU_ADS_CONTENT_RATING&studio_id=viacom&channel_id=channel,https://i.imgur.com/aDcwRvj.png,channel-playlist:free-tv-br
Canais,VOD Italy,Unbeaten Sports – Pluto TV,https://service-stitcher.clusters.pluto.tv/v1/stitch/embed/hls/channel/64c3b106dac71b00080a26d2/master.m3u8?deviceId=channel&deviceModel=web&deviceVersion=1.0&appVersion=1.0&deviceType=rokuChannel&deviceMake=rokuChannel&deviceDNT=1&advertisingId=channel&embedPartner=rokuChannel&appName=rokuchannel&is_lat=1&bmodel=bm1&content=channel&platform=web&tags=ROKU_CONTENT_TAGS&coppa=false&content_type=livefeed&rdid=channel&genre=ROKU_ADS_CONTENT_GENRE&content_rating=ROKU_ADS_CONTENT_RATING&studio_id=viacom&channel_id=channel,https://i.imgur.com/UAiv612.png,channel-playlist:free-tv-br
Canais,VOD Italy,Sport – Pluto TV,https://service-stitcher.clusters.pluto.tv/v1/stitch/embed/hls/channel/608030eff4b6f70007e1684c/master.m3u8?deviceId=channel&deviceModel=web&deviceVersion=1.0&appVersion=1.0&deviceType=rokuChannel&deviceMake=rokuChannel&deviceDNT=1&advertisingId=channel&embedPartner=rokuChannel&appName=rokuchannel&is_lat=1&bmodel=bm1&content=channel&platform=web&tags=ROKU_CONTENT_TAGS&coppa=false&content_type=livefeed&rdid=channel&genre=ROKU_ADS_CONTENT_GENRE&content_rating=ROKU_ADS_CONTENT_RATING&studio_id=viacom&channel_id=channel,https://i.imgur.com/o2psAYW.png,channel-playlist:free-tv-br
Canais,VOD Italy,Ridiculousness – Pluto TV,https://service-stitcher.clusters.pluto.tv/v1/stitch/embed/hls/channel/61fbd721e5b49e00079bfedc/master.m3u8?deviceId=channel&deviceModel=web&deviceVersion=1.0&appVersion=1.0&deviceType=rokuChannel&deviceMake=rokuChannel&deviceDNT=1&advertisingId=channel&embedPartner=rokuChannel&appName=rokuchannel&is_lat=1&bmodel=bm1&content=channel&platform=web&tags=ROKU_CONTENT_TAGS&coppa=false&content_type=livefeed&rdid=channel&genre=ROKU_ADS_CONTENT_GENRE&content_rating=ROKU_ADS_CONTENT_RATING&studio_id=viacom&channel_id=channel,https://i.imgur.com/Yyj3Dm6.png,channel-playlist:free-tv-br
Canais,VOD Italy,Scherzi e risate – Pluto TV,https://service-stitcher.clusters.pluto.tv/v1/stitch/embed/hls/channel/609404b0a8ec810007d8de9d/master.m3u8?deviceId=channel&deviceModel=web&deviceVersion=1.0&appVersion=1.0&deviceType=rokuChannel&deviceMake=rokuChannel&deviceDNT=1&advertisingId=channel&embedPartner=rokuChannel&appName=rokuchannel&is_lat=1&bmodel=bm1&content=channel&platform=web&tags=ROKU_CONTENT_TAGS&coppa=false&content_type=livefeed&rdid=channel&genre=ROKU_ADS_CONTENT_GENRE&content_rating=ROKU_ADS_CONTENT_RATING&studio_id=viacom&channel_id=channel,https://i.imgur.com/kPxGzPI.png,channel-playlist:free-tv-br
Canais,VOD Italy,Fail army – Pluto TV,https://service-stitcher.clusters.pluto.tv/v1/stitch/embed/hls/channel/608014d19a26320007c92ab6/master.m3u8?deviceId=channel&deviceModel=web&deviceVersion=1.0&appVersion=1.0&deviceType=rokuChannel&deviceMake=rokuChannel&deviceDNT=1&advertisingId=channel&embedPartner=rokuChannel&appName=rokuchannel&is_lat=1&bmodel=bm1&content=channel&platform=web&tags=ROKU_CONTENT_TAGS&coppa=false&content_type=livefeed&rdid=channel&genre=ROKU_ADS_CONTENT_GENRE&content_rating=ROKU_ADS_CONTENT_RATING&studio_id=viacom&channel_id=channel,https://i.imgur.com/SqRDd2U.png,channel-playlist:free-tv-br
Canais,VOD Italy,People are awesome – Pluto TV,https://service-stitcher.clusters.pluto.tv/v1/stitch/embed/hls/channel/608017cbe375e400070cc981/master.m3u8?deviceId=channel&deviceModel=web&deviceVersion=1.0&appVersion=1.0&deviceType=rokuChannel&deviceMake=rokuChannel&deviceDNT=1&advertisingId=channel&embedPartner=rokuChannel&appName=rokuchannel&is_lat=1&bmodel=bm1&content=channel&platform=web&tags=ROKU_CONTENT_TAGS&coppa=false&content_type=livefeed&rdid=channel&genre=ROKU_ADS_CONTENT_GENRE&content_rating=ROKU_ADS_CONTENT_RATING&studio_id=viacom&channel_id=channel,https://i.imgur.com/jn0OeWv.png,channel-playlist:free-tv-br
Canais,VOD Italy,The pet collective – Pluto TV,https://service-stitcher.clusters.pluto.tv/v1/stitch/embed/hls/channel/60801317a0ccef00072aaf75/master.m3u8?deviceId=channel&deviceModel=web&deviceVersion=1.0&appVersion=1.0&deviceType=rokuChannel&deviceMake=rokuChannel&deviceDNT=1&advertisingId=channel&embedPartner=rokuChannel&appName=rokuchannel&is_lat=1&bmodel=bm1&content=channel&platform=web&tags=ROKU_CONTENT_TAGS&coppa=false&content_type=livefeed&rdid=channel&genre=ROKU_ADS_CONTENT_GENRE&content_rating=ROKU_ADS_CONTENT_RATING&studio_id=viacom&channel_id=channel,https://i.imgur.com/034PrSz.png,channel-playlist:free-tv-br
Canais,VOD Italy,Just for laughs – Pluto TV,https://service-stitcher.clusters.pluto.tv/v1/stitch/embed/hls/channel/6093f48c95132a00075fd859/master.m3u8?deviceId=channel&deviceModel=web&deviceVersion=1.0&appVersion=1.0&deviceType=rokuChannel&deviceMake=rokuChannel&deviceDNT=1&advertisingId=channel&embedPartner=rokuChannel&appName=rokuchannel&is_lat=1&bmodel=bm1&content=channel&platform=web&tags=ROKU_CONTENT_TAGS&coppa=false&content_type=livefeed&rdid=channel&genre=ROKU_ADS_CONTENT_GENRE&content_rating=ROKU_ADS_CONTENT_RATING&studio_id=viacom&channel_id=channel,https://i.imgur.com/VvEz0XX.png,channel-playlist:free-tv-br
Canais,VOD Italy,South Park – Pluto TV,https://service-stitcher.clusters.pluto.tv/v1/stitch/embed/hls/channel/62bc1f502b70e3000706298e/master.m3u8?deviceId=channel&deviceModel=web&deviceVersion=1.0&appVersion=1.0&deviceType=rokuChannel&deviceMake=rokuChannel&deviceDNT=1&advertisingId=channel&embedPartner=rokuChannel&appName=rokuchannel&is_lat=1&bmodel=bm1&content=channel&platform=web&tags=ROKU_CONTENT_TAGS&coppa=false&content_type=livefeed&rdid=channel&genre=ROKU_ADS_CONTENT_GENRE&content_rating=ROKU_ADS_CONTENT_RATING&studio_id=viacom&channel_id=channel,https://i.imgur.com/06wIdRV.png,channel-playlist:free-tv-br
Canais,VOD Italy,Super! Spongebob – Pluto TV,https://service-stitcher.clusters.pluto.tv/v1/stitch/embed/hls/channel/6093f9281db477000759fce0/master.m3u8?deviceId=channel&deviceModel=web&deviceVersion=1.0&appVersion=1.0&deviceType=rokuChannel&deviceMake=rokuChannel&deviceDNT=1&advertisingId=channel&embedPartner=rokuChannel&appName=rokuchannel&is_lat=1&bmodel=bm1&content=channel&platform=web&tags=ROKU_CONTENT_TAGS&coppa=false&content_type=livefeed&rdid=channel&genre=ROKU_ADS_CONTENT_GENRE&content_rating=ROKU_ADS_CONTENT_RATING&studio_id=viacom&channel_id=channel,https://i.imgur.com/vFiwODM.png,channel-playlist:free-tv-br
Canais,VOD Italy,Due Fantagenitori – Pluto TV,https://service-stitcher.clusters.pluto.tv/v1/stitch/embed/hls/channel/62b57a6752a0060008bc65cd/master.m3u8?deviceId=channel&deviceModel=web&deviceVersion=1.0&appVersion=1.0&deviceType=rokuChannel&deviceMake=rokuChannel&deviceDNT=1&advertisingId=channel&embedPartner=rokuChannel&appName=rokuchannel&is_lat=1&bmodel=bm1&content=channel&platform=web&tags=ROKU_CONTENT_TAGS&coppa=false&content_type=livefeed&rdid=channel&genre=ROKU_ADS_CONTENT_GENRE&content_rating=ROKU_ADS_CONTENT_RATING&studio_id=viacom&channel_id=channel,https://i.imgur.com/HOvLgGK.png,channel-playlist:free-tv-br
Canais,VOD Italy,Yu-Gi-Oh! – Pluto TV,https://service-stitcher.clusters.pluto.tv/v1/stitch/embed/hls/channel/63eb82e24e83e70008ab735f/master.m3u8?deviceId=channel&deviceModel=web&deviceVersion=1.0&appVersion=1.0&deviceType=rokuChannel&deviceMake=rokuChannel&deviceDNT=1&advertisingId=channel&embedPartner=rokuChannel&appName=rokuchannel&is_lat=1&bmodel=bm1&content=channel&platform=web&tags=ROKU_CONTENT_TAGS&coppa=false&content_type=livefeed&rdid=channel&genre=ROKU_ADS_CONTENT_GENRE&content_rating=ROKU_ADS_CONTENT_RATING&studio_id=viacom&channel_id=channel,https://i.imgur.com/rmzSC1C.png,channel-playlist:free-tv-br
Canais,VOD Italy,Anime – Pluto TV,https://service-stitcher.clusters.pluto.tv/v1/stitch/embed/hls/channel/65b90daed77d450008a43345/master.m3u8?deviceId=channel&deviceModel=web&deviceVersion=1.0&appVersion=1.0&deviceType=rokuChannel&deviceMake=rokuChannel&deviceDNT=1&advertisingId=channel&embedPartner=rokuChannel&appName=rokuchannel&is_lat=1&bmodel=bm1&content=channel&platform=web&tags=ROKU_CONTENT_TAGS&coppa=false&content_type=livefeed&rdid=channel&genre=ROKU_ADS_CONTENT_GENRE&content_rating=ROKU_ADS_CONTENT_RATING&studio_id=viacom&channel_id=channel,https://i.imgur.com/rhVF0eC.png,channel-playlist:free-tv-br
Canais,VOD Italy,Avatar – Pluto TV,https://service-stitcher.clusters.pluto.tv/v1/stitch/embed/hls/channel/624da1cd2af90c0007c13205/master.m3u8?deviceId=channel&deviceModel=web&deviceVersion=1.0&appVersion=1.0&deviceType=rokuChannel&deviceMake=rokuChannel&deviceDNT=1&advertisingId=channel&embedPartner=rokuChannel&appName=rokuchannel&is_lat=1&bmodel=bm1&content=channel&platform=web&tags=ROKU_CONTENT_TAGS&coppa=false&content_type=livefeed&rdid=channel&genre=ROKU_ADS_CONTENT_GENRE&content_rating=ROKU_ADS_CONTENT_RATING&studio_id=viacom&channel_id=channel,https://i.imgur.com/KDSStnJ.png,channel-playlist:free-tv-br
Canais,VOD Italy,Inazuma Eleven – Pluto TV,https://service-stitcher.clusters.pluto.tv/v1/stitch/embed/hls/channel/612375086abc84000738fc03/master.m3u8?deviceId=channel&deviceModel=web&deviceVersion=1.0&appVersion=1.0&deviceType=rokuChannel&deviceMake=rokuChannel&deviceDNT=1&advertisingId=channel&embedPartner=rokuChannel&appName=rokuchannel&is_lat=1&bmodel=bm1&content=channel&platform=web&tags=ROKU_CONTENT_TAGS&coppa=false&content_type=livefeed&rdid=channel&genre=ROKU_ADS_CONTENT_GENRE&content_rating=ROKU_ADS_CONTENT_RATING&studio_id=viacom&channel_id=channel,https://i.imgur.com/2u1ic6X.png,channel-playlist:free-tv-br
Canais,VOD Italy,Super! Rugrats – Pluto TV,https://service-stitcher.clusters.pluto.tv/v1/stitch/embed/hls/channel/62e8ddbbaed0390007b258a6/master.m3u8?deviceId=channel&deviceModel=web&deviceVersion=1.0&appVersion=1.0&deviceType=rokuChannel&deviceMake=rokuChannel&deviceDNT=1&advertisingId=channel&embedPartner=rokuChannel&appName=rokuchannel&is_lat=1&bmodel=bm1&content=channel&platform=web&tags=ROKU_CONTENT_TAGS&coppa=false&content_type=livefeed&rdid=channel&genre=ROKU_ADS_CONTENT_GENRE&content_rating=ROKU_ADS_CONTENT_RATING&studio_id=viacom&channel_id=channel,https://i.imgur.com/QqMQZte.png,channel-playlist:free-tv-br
Canais,VOD Italy,Teenage Mutant Ninja Turtles – Pluto TV,https://service-stitcher.clusters.pluto.tv/v1/stitch/embed/hls/channel/62619405c733e8000732d1fe/master.m3u8?deviceId=channel&deviceModel=web&deviceVersion=1.0&appVersion=1.0&deviceType=rokuChannel&deviceMake=rokuChannel&deviceDNT=1&advertisingId=channel&embedPartner=rokuChannel&appName=rokuchannel&is_lat=1&bmodel=bm1&content=channel&platform=web&tags=ROKU_CONTENT_TAGS&coppa=false&content_type=livefeed&rdid=channel&genre=ROKU_ADS_CONTENT_GENRE&content_rating=ROKU_ADS_CONTENT_RATING&studio_id=viacom&channel_id=channel,https://i.imgur.com/bAnyjH7.png,channel-playlist:free-tv-br
Canais,VOD Italy,Super! Icarly – Pluto TV,https://service-stitcher.clusters.pluto.tv/v1/stitch/embed/hls/channel/609401db8cf51c00084b592e/master.m3u8?deviceId=channel&deviceModel=web&deviceVersion=1.0&appVersion=1.0&deviceType=rokuChannel&deviceMake=rokuChannel&deviceDNT=1&advertisingId=channel&embedPartner=rokuChannel&appName=rokuchannel&is_lat=1&bmodel=bm1&content=channel&platform=web&tags=ROKU_CONTENT_TAGS&coppa=false&content_type=livefeed&rdid=channel&genre=ROKU_ADS_CONTENT_GENRE&content_rating=ROKU_ADS_CONTENT_RATING&studio_id=viacom&channel_id=channel,https://i.imgur.com/Mhl252U.png,channel-playlist:free-tv-br
Canais,VOD Italy,Super! Victorious – Pluto TV,https://service-stitcher.clusters.pluto.tv/v1/stitch/embed/hls/channel/63c012504faf1c0007abfa93/master.m3u8?deviceId=channel&deviceModel=web&deviceVersion=1.0&appVersion=1.0&deviceType=rokuChannel&deviceMake=rokuChannel&deviceDNT=1&advertisingId=channel&embedPartner=rokuChannel&appName=rokuchannel&is_lat=1&bmodel=bm1&content=channel&platform=web&tags=ROKU_CONTENT_TAGS&coppa=false&content_type=livefeed&rdid=channel&genre=ROKU_ADS_CONTENT_GENRE&content_rating=ROKU_ADS_CONTENT_RATING&studio_id=viacom&channel_id=channel,https://i.imgur.com/ArXLm5R.png,channel-playlist:free-tv-br
Canais,VOD Italy,Super! Zoey 101 – Pluto TV,https://service-stitcher.clusters.pluto.tv/v1/stitch/embed/hls/channel/6304ed62410a4c00083c0291/master.m3u8?deviceId=channel&deviceModel=web&deviceVersion=1.0&appVersion=1.0&deviceType=rokuChannel&deviceMake=rokuChannel&deviceDNT=1&advertisingId=channel&embedPartner=rokuChannel&appName=rokuchannel&is_lat=1&bmodel=bm1&content=channel&platform=web&tags=ROKU_CONTENT_TAGS&coppa=false&content_type=livefeed&rdid=channel&genre=ROKU_ADS_CONTENT_GENRE&content_rating=ROKU_ADS_CONTENT_RATING&studio_id=viacom&channel_id=channel,https://i.imgur.com/7FCQb1G.png,channel-playlist:free-tv-br
Canais,VOD Italy,Super! POP – Pluto TV,https://service-stitcher.clusters.pluto.tv/v1/stitch/embed/hls/channel/6093f7b5bb49b90007cecaad/master.m3u8?deviceId=channel&deviceModel=web&deviceVersion=1.0&appVersion=1.0&deviceType=rokuChannel&deviceMake=rokuChannel&deviceDNT=1&advertisingId=channel&embedPartner=rokuChannel&appName=rokuchannel&is_lat=1&bmodel=bm1&content=channel&platform=web&tags=ROKU_CONTENT_TAGS&coppa=false&content_type=livefeed&rdid=channel&genre=ROKU_ADS_CONTENT_GENRE&content_rating=ROKU_ADS_CONTENT_RATING&studio_id=viacom&channel_id=channel,https://i.imgur.com/jlz31HP.png,channel-playlist:free-tv-br
Canais,VOD Italy,Super! Gaming – Pluto TV,https://service-stitcher.clusters.pluto.tv/v1/stitch/embed/hls/channel/626192c51c279b00072c4553/master.m3u8?deviceId=channel&deviceModel=web&deviceVersion=1.0&appVersion=1.0&deviceType=rokuChannel&deviceMake=rokuChannel&deviceDNT=1&advertisingId=channel&embedPartner=rokuChannel&appName=rokuchannel&is_lat=1&bmodel=bm1&content=channel&platform=web&tags=ROKU_CONTENT_TAGS&coppa=false&content_type=livefeed&rdid=channel&genre=ROKU_ADS_CONTENT_GENRE&content_rating=ROKU_ADS_CONTENT_RATING&studio_id=viacom&channel_id=channel,https://i.imgur.com/UB7xHRQ.png,channel-playlist:free-tv-br
Canais,VOD Italy,Super! Girl Power – Pluto TV,https://service-stitcher.clusters.pluto.tv/v1/stitch/embed/hls/channel/636a4ce50728d200072eebe7/master.m3u8?deviceId=channel&deviceModel=web&deviceVersion=1.0&appVersion=1.0&deviceType=rokuChannel&deviceMake=rokuChannel&deviceDNT=1&advertisingId=channel&embedPartner=rokuChannel&appName=rokuchannel&is_lat=1&bmodel=bm1&content=channel&platform=web&tags=ROKU_CONTENT_TAGS&coppa=false&content_type=livefeed&rdid=channel&genre=ROKU_ADS_CONTENT_GENRE&content_rating=ROKU_ADS_CONTENT_RATING&studio_id=viacom&channel_id=channel,https://i.imgur.com/lzgp9GM.png,channel-playlist:free-tv-br
Canais,VOD Italy,Super! Intervallo – Pluto TV,https://service-stitcher.clusters.pluto.tv/v1/stitch/embed/hls/channel/62619544b1bf740007b4154b/master.m3u8?deviceId=channel&deviceModel=web&deviceVersion=1.0&appVersion=1.0&deviceType=rokuChannel&deviceMake=rokuChannel&deviceDNT=1&advertisingId=channel&embedPartner=rokuChannel&appName=rokuchannel&is_lat=1&bmodel=bm1&content=channel&platform=web&tags=ROKU_CONTENT_TAGS&coppa=false&content_type=livefeed&rdid=channel&genre=ROKU_ADS_CONTENT_GENRE&content_rating=ROKU_ADS_CONTENT_RATING&studio_id=viacom&channel_id=channel,https://i.imgur.com/jl7ZvE5.png,channel-playlist:free-tv-br
Canais,VOD Italy,Super! Spyders – Pluto TV,https://service-stitcher.clusters.pluto.tv/v1/stitch/embed/hls/channel/655207f8b9c8a700082c7951/master.m3u8?deviceId=channel&deviceModel=web&deviceVersion=1.0&appVersion=1.0&deviceType=rokuChannel&deviceMake=rokuChannel&deviceDNT=1&advertisingId=channel&embedPartner=rokuChannel&appName=rokuchannel&is_lat=1&bmodel=bm1&content=channel&platform=web&tags=ROKU_CONTENT_TAGS&coppa=false&content_type=livefeed&rdid=channel&genre=ROKU_ADS_CONTENT_GENRE&content_rating=ROKU_ADS_CONTENT_RATING&studio_id=viacom&channel_id=channel,https://i.imgur.com/n89yuZh.png,channel-playlist:free-tv-br
Canais,VOD Italy,Kids – Pluto TV,https://service-stitcher.clusters.pluto.tv/v1/stitch/embed/hls/channel/62444e195d2ab7000861694b/master.m3u8?deviceId=channel&deviceModel=web&deviceVersion=1.0&appVersion=1.0&deviceType=rokuChannel&deviceMake=rokuChannel&deviceDNT=1&advertisingId=channel&embedPartner=rokuChannel&appName=rokuchannel&is_lat=1&bmodel=bm1&content=channel&platform=web&tags=ROKU_CONTENT_TAGS&coppa=false&content_type=livefeed&rdid=channel&genre=ROKU_ADS_CONTENT_GENRE&content_rating=ROKU_ADS_CONTENT_RATING&studio_id=viacom&channel_id=channel,https://i.imgur.com/ybd7A0r.png,channel-playlist:free-tv-br
Canais,VOD Italy,Kids Ukraine – Pluto TV,https://service-stitcher.clusters.pluto.tv/v1/stitch/embed/hls/channel/622a2d8da9d8210007d918c2/master.m3u8?deviceId=channel&deviceModel=web&deviceVersion=1.0&appVersion=1.0&deviceType=rokuChannel&deviceMake=rokuChannel&deviceDNT=1&advertisingId=channel&embedPartner=rokuChannel&appName=rokuchannel&is_lat=1&bmodel=bm1&content=channel&platform=web&tags=ROKU_CONTENT_TAGS&coppa=false&content_type=livefeed&rdid=channel&genre=ROKU_ADS_CONTENT_GENRE&content_rating=ROKU_ADS_CONTENT_RATING&studio_id=viacom&channel_id=channel,https://i.imgur.com/MrIlypV.png,channel-playlist:free-tv-br
Canais,VOD Italy,Super! Star – Pluto TV,https://service-stitcher.clusters.pluto.tv/v1/stitch/embed/hls/channel/6093f6f8351eb0000754afb8/master.m3u8?deviceId=channel&deviceModel=web&deviceVersion=1.0&appVersion=1.0&deviceType=rokuChannel&deviceMake=rokuChannel&deviceDNT=1&advertisingId=channel&embedPartner=rokuChannel&appName=rokuchannel&is_lat=1&bmodel=bm1&content=channel&platform=web&tags=ROKU_CONTENT_TAGS&coppa=false&content_type=livefeed&rdid=channel&genre=ROKU_ADS_CONTENT_GENRE&content_rating=ROKU_ADS_CONTENT_RATING&studio_id=viacom&channel_id=channel,https://i.imgur.com/YLtqPkF.png,channel-playlist:free-tv-br
Canais,VOD Italy,Super! Risate – Pluto TV,https://service-stitcher.clusters.pluto.tv/v1/stitch/embed/hls/channel/63eb573ba99571000897135b/master.m3u8?deviceId=channel&deviceModel=web&deviceVersion=1.0&appVersion=1.0&deviceType=rokuChannel&deviceMake=rokuChannel&deviceDNT=1&advertisingId=channel&embedPartner=rokuChannel&appName=rokuchannel&is_lat=1&bmodel=bm1&content=channel&platform=web&tags=ROKU_CONTENT_TAGS&coppa=false&content_type=livefeed&rdid=channel&genre=ROKU_ADS_CONTENT_GENRE&content_rating=ROKU_ADS_CONTENT_RATING&studio_id=viacom&channel_id=channel,https://i.imgur.com/ALCbqZt.png,channel-playlist:free-tv-br
Canais,VOD Italy,Super! Brothers and Sisters – Pluto TV,https://service-stitcher.clusters.pluto.tv/v1/stitch/embed/hls/channel/61925ea79541940007d20881/master.m3u8?deviceId=channel&deviceModel=web&deviceVersion=1.0&appVersion=1.0&deviceType=rokuChannel&deviceMake=rokuChannel&deviceDNT=1&advertisingId=channel&embedPartner=rokuChannel&appName=rokuchannel&is_lat=1&bmodel=bm1&content=channel&platform=web&tags=ROKU_CONTENT_TAGS&coppa=false&content_type=livefeed&rdid=channel&genre=ROKU_ADS_CONTENT_GENRE&content_rating=ROKU_ADS_CONTENT_RATING&studio_id=viacom&channel_id=channel,https://i.imgur.com/KSQvVye.png,channel-playlist:free-tv-br
Canais,VOD Italy,VH1+ Music Legends – Pluto TV,https://service-stitcher.clusters.pluto.tv/v1/stitch/embed/hls/channel/62e8cc10ca869f00078efca8/master.m3u8?deviceId=channel&deviceModel=web&deviceVersion=1.0&appVersion=1.0&deviceType=rokuChannel&deviceMake=rokuChannel&deviceDNT=1&advertisingId=channel&embedPartner=rokuChannel&appName=rokuchannel&is_lat=1&bmodel=bm1&content=channel&platform=web&tags=ROKU_CONTENT_TAGS&coppa=false&content_type=livefeed&rdid=channel&genre=ROKU_ADS_CONTENT_GENRE&content_rating=ROKU_ADS_CONTENT_RATING&studio_id=viacom&channel_id=channel,https://i.imgur.com/kJ1MDVi.png,channel-playlist:free-tv-br
Canais,VOD Italy,VH1+ Back to 90's – Pluto TV,https://service-stitcher.clusters.pluto.tv/v1/stitch/embed/hls/channel/6552085aab05240008b05f6c/master.m3u8?deviceId=channel&deviceModel=web&deviceVersion=1.0&appVersion=1.0&deviceType=rokuChannel&deviceMake=rokuChannel&deviceDNT=1&advertisingId=channel&embedPartner=rokuChannel&appName=rokuchannel&is_lat=1&bmodel=bm1&content=channel&platform=web&tags=ROKU_CONTENT_TAGS&coppa=false&content_type=livefeed&rdid=channel&genre=ROKU_ADS_CONTENT_GENRE&content_rating=ROKU_ADS_CONTENT_RATING&studio_id=viacom&channel_id=channel,https://i.imgur.com/vGgh3cs.png,channel-playlist:free-tv-br
Canais,VOD Italy,VH1+ Rock! – Pluto TV,https://service-stitcher.clusters.pluto.tv/v1/stitch/embed/hls/channel/636a4173e34fd50007534542/master.m3u8?deviceId=channel&deviceModel=web&deviceVersion=1.0&appVersion=1.0&deviceType=rokuChannel&deviceMake=rokuChannel&deviceDNT=1&advertisingId=channel&embedPartner=rokuChannel&appName=rokuchannel&is_lat=1&bmodel=bm1&content=channel&platform=web&tags=ROKU_CONTENT_TAGS&coppa=false&content_type=livefeed&rdid=channel&genre=ROKU_ADS_CONTENT_GENRE&content_rating=ROKU_ADS_CONTENT_RATING&studio_id=viacom&channel_id=channel,https://i.imgur.com/P1OCuFl.png,channel-playlist:free-tv-br
Canais,VOD Italy,VH1+ Canzoni Italiane – Pluto TV,https://service-stitcher.clusters.pluto.tv/v1/stitch/embed/hls/channel/63724270c7c2360007b170e8/master.m3u8?deviceId=channel&deviceModel=web&deviceVersion=1.0&appVersion=1.0&deviceType=rokuChannel&deviceMake=rokuChannel&deviceDNT=1&advertisingId=channel&embedPartner=rokuChannel&appName=rokuchannel&is_lat=1&bmodel=bm1&content=channel&platform=web&tags=ROKU_CONTENT_TAGS&coppa=false&content_type=livefeed&rdid=channel&genre=ROKU_ADS_CONTENT_GENRE&content_rating=ROKU_ADS_CONTENT_RATING&studio_id=viacom&channel_id=channel,https://i.imgur.com/fpQBKP2.png,channel-playlist:free-tv-br
Canais,VOD Italy,VH1+ Hip Hop & Rap – Pluto TV,https://service-stitcher.clusters.pluto.tv/v1/stitch/embed/hls/channel/6465fef47cb4b100086ee7bd/master.m3u8?deviceId=channel&deviceModel=web&deviceVersion=1.0&appVersion=1.0&deviceType=rokuChannel&deviceMake=rokuChannel&deviceDNT=1&advertisingId=channel&embedPartner=rokuChannel&appName=rokuchannel&is_lat=1&bmodel=bm1&content=channel&platform=web&tags=ROKU_CONTENT_TAGS&coppa=false&content_type=livefeed&rdid=channel&genre=ROKU_ADS_CONTENT_GENRE&content_rating=ROKU_ADS_CONTENT_RATING&studio_id=viacom&channel_id=channel,https://i.imgur.com/k1zQpiO.png,channel-playlist:free-tv-br
Canais,VOD Italy,Deluxe Lounge HD – Pluto TV,https://service-stitcher.clusters.pluto.tv/v1/stitch/embed/hls/channel/6278ec6c33d85a00077ad814/master.m3u8?deviceId=channel&deviceModel=web&deviceVersion=1.0&appVersion=1.0&deviceType=rokuChannel&deviceMake=rokuChannel&deviceDNT=1&advertisingId=channel&embedPartner=rokuChannel&appName=rokuchannel&is_lat=1&bmodel=bm1&content=channel&platform=web&tags=ROKU_CONTENT_TAGS&coppa=false&content_type=livefeed&rdid=channel&genre=ROKU_ADS_CONTENT_GENRE&content_rating=ROKU_ADS_CONTENT_RATING&studio_id=viacom&channel_id=channel,https://i.imgur.com/mTXgaKl.png,channel-playlist:free-tv-br
Canais,VOD Italy,K-Pop – Pluto TV,https://service-stitcher.clusters.pluto.tv/v1/stitch/embed/hls/channel/60c8b75fb0a68400074b86fc/master.m3u8?deviceId=channel&deviceModel=web&deviceVersion=1.0&appVersion=1.0&deviceType=rokuChannel&deviceMake=rokuChannel&deviceDNT=1&advertisingId=channel&embedPartner=rokuChannel&appName=rokuchannel&is_lat=1&bmodel=bm1&content=channel&platform=web&tags=ROKU_CONTENT_TAGS&coppa=false&content_type=livefeed&rdid=channel&genre=ROKU_ADS_CONTENT_GENRE&content_rating=ROKU_ADS_CONTENT_RATING&studio_id=viacom&channel_id=channel,https://i.imgur.com/9Vp4rx2.png,channel-playlist:free-tv-br
Canais,VOD Italy,Fireplace – Pluto TV,https://service-stitcher.clusters.pluto.tv/v1/stitch/embed/hls/channel/612ce23f51cce000078eeed5/master.m3u8?deviceId=channel&deviceModel=web&deviceVersion=1.0&appVersion=1.0&deviceType=rokuChannel&deviceMake=rokuChannel&deviceDNT=1&advertisingId=channel&embedPartner=rokuChannel&appName=rokuchannel&is_lat=1&bmodel=bm1&content=channel&platform=web&tags=ROKU_CONTENT_TAGS&coppa=false&content_type=livefeed&rdid=channel&genre=ROKU_ADS_CONTENT_GENRE&content_rating=ROKU_ADS_CONTENT_RATING&studio_id=viacom&channel_id=channel,https://i.imgur.com/csk1e76.png,channel-playlist:free-tv-br
Canais,VOD Italy,Euronews – Pluto TV,https://service-stitcher.clusters.pluto.tv/v1/stitch/embed/hls/channel/61b86ea479a4390007c6d5fc/master.m3u8?deviceId=channel&deviceModel=web&deviceVersion=1.0&appVersion=1.0&deviceType=rokuChannel&deviceMake=rokuChannel&deviceDNT=1&advertisingId=channel&embedPartner=rokuChannel&appName=rokuchannel&is_lat=1&bmodel=bm1&content=channel&platform=web&tags=ROKU_CONTENT_TAGS&coppa=false&content_type=livefeed&rdid=channel&genre=ROKU_ADS_CONTENT_GENRE&content_rating=ROKU_ADS_CONTENT_RATING&studio_id=viacom&channel_id=channel,https://i.imgur.com/Zpf2ykM.png,channel-playlist:free-tv-br
Canais,VOD Italy,CBS News – Pluto TV,https://service-stitcher.clusters.pluto.tv/v1/stitch/embed/hls/channel/6231ec4b62cd1f0007093c7b/master.m3u8?deviceId=channel&deviceModel=web&deviceVersion=1.0&appVersion=1.0&deviceType=rokuChannel&deviceMake=rokuChannel&deviceDNT=1&advertisingId=channel&embedPartner=rokuChannel&appName=rokuchannel&is_lat=1&bmodel=bm1&content=channel&platform=web&tags=ROKU_CONTENT_TAGS&coppa=false&content_type=livefeed&rdid=channel&genre=ROKU_ADS_CONTENT_GENRE&content_rating=ROKU_ADS_CONTENT_RATING&studio_id=viacom&channel_id=channel,https://i.imgur.com/ApsK6Eq.png,channel-playlist:free-tv-br
Canais,VOD Italy,Cucina – Pluto TV,https://service-stitcher.clusters.pluto.tv/v1/stitch/embed/hls/channel/608aa718a8ec810007d87fee/master.m3u8?deviceId=channel&deviceModel=web&deviceVersion=1.0&appVersion=1.0&deviceType=rokuChannel&deviceMake=rokuChannel&deviceDNT=1&advertisingId=channel&embedPartner=rokuChannel&appName=rokuchannel&is_lat=1&bmodel=bm1&content=channel&platform=web&tags=ROKU_CONTENT_TAGS&coppa=false&content_type=livefeed&rdid=channel&genre=ROKU_ADS_CONTENT_GENRE&content_rating=ROKU_ADS_CONTENT_RATING&studio_id=viacom&channel_id=channel,https://i.imgur.com/KsOhaOn.png,channel-playlist:free-tv-br
Canais,VOD Italy,Real life – Pluto TV,https://service-stitcher.clusters.pluto.tv/v1/stitch/embed/hls/channel/60801976f92a750007a0699c/master.m3u8?deviceId=channel&deviceModel=web&deviceVersion=1.0&appVersion=1.0&deviceType=rokuChannel&deviceMake=rokuChannel&deviceDNT=1&advertisingId=channel&embedPartner=rokuChannel&appName=rokuchannel&is_lat=1&bmodel=bm1&content=channel&platform=web&tags=ROKU_CONTENT_TAGS&coppa=false&content_type=livefeed&rdid=channel&genre=ROKU_ADS_CONTENT_GENRE&content_rating=ROKU_ADS_CONTENT_RATING&studio_id=viacom&channel_id=channel,https://i.imgur.com/FpwqJYw.png,channel-playlist:free-tv-br
Canais,VOD Italy,Naturescape – Pluto TV,https://service-stitcher.clusters.pluto.tv/v1/stitch/embed/hls/channel/610a9ebe8c2ac2000734776e/master.m3u8?deviceId=channel&deviceModel=web&deviceVersion=1.0&appVersion=1.0&deviceType=rokuChannel&deviceMake=rokuChannel&deviceDNT=1&advertisingId=channel&embedPartner=rokuChannel&appName=rokuchannel&is_lat=1&bmodel=bm1&content=channel&platform=web&tags=ROKU_CONTENT_TAGS&coppa=false&content_type=livefeed&rdid=channel&genre=ROKU_ADS_CONTENT_GENRE&content_rating=ROKU_ADS_CONTENT_RATING&studio_id=viacom&channel_id=channel,https://i.imgur.com/CGB6qiV.png,channel-playlist:free-tv-br
Canais,VOD Italy,Natura – Pluto TV,https://service-stitcher.clusters.pluto.tv/v1/stitch/embed/hls/channel/60802b37709d6b0007b0c549/master.m3u8?deviceId=channel&deviceModel=web&deviceVersion=1.0&appVersion=1.0&deviceType=rokuChannel&deviceMake=rokuChannel&deviceDNT=1&advertisingId=channel&embedPartner=rokuChannel&appName=rokuchannel&is_lat=1&bmodel=bm1&content=channel&platform=web&tags=ROKU_CONTENT_TAGS&coppa=false&content_type=livefeed&rdid=channel&genre=ROKU_ADS_CONTENT_GENRE&content_rating=ROKU_ADS_CONTENT_RATING&studio_id=viacom&channel_id=channel,https://i.imgur.com/Pc4gx12.png,channel-playlist:free-tv-br
Canais,VOD Italy,Storia – Pluto TV,https://service-stitcher.clusters.pluto.tv/v1/stitch/embed/hls/channel/65253fdf3fd33c00080214a3/master.m3u8?deviceId=channel&deviceModel=web&deviceVersion=1.0&appVersion=1.0&deviceType=rokuChannel&deviceMake=rokuChannel&deviceDNT=1&advertisingId=channel&embedPartner=rokuChannel&appName=rokuchannel&is_lat=1&bmodel=bm1&content=channel&platform=web&tags=ROKU_CONTENT_TAGS&coppa=false&content_type=livefeed&rdid=channel&genre=ROKU_ADS_CONTENT_GENRE&content_rating=ROKU_ADS_CONTENT_RATING&studio_id=viacom&channel_id=channel,https://i.imgur.com/w5BYvsz.png,channel-playlist:free-tv-br
Canais,VOD Italy,Documentari – Pluto TV,https://service-stitcher.clusters.pluto.tv/v1/stitch/embed/hls/channel/608aa8a5709d6b0007b132fe/master.m3u8?deviceId=channel&deviceModel=web&deviceVersion=1.0&appVersion=1.0&deviceType=rokuChannel&deviceMake=rokuChannel&deviceDNT=1&advertisingId=channel&embedPartner=rokuChannel&appName=rokuchannel&is_lat=1&bmodel=bm1&content=channel&platform=web&tags=ROKU_CONTENT_TAGS&coppa=false&content_type=livefeed&rdid=channel&genre=ROKU_ADS_CONTENT_GENRE&content_rating=ROKU_ADS_CONTENT_RATING&studio_id=viacom&channel_id=channel,https://i.imgur.com/0jYrODf.png,channel-playlist:free-tv-br
Canais,VOD Italy,Viaggi – Pluto TV,https://service-stitcher.clusters.pluto.tv/v1/stitch/embed/hls/channel/63c923944207be0007fd0887/master.m3u8?deviceId=channel&deviceModel=web&deviceVersion=1.0&appVersion=1.0&deviceType=rokuChannel&deviceMake=rokuChannel&deviceDNT=1&advertisingId=channel&embedPartner=rokuChannel&appName=rokuchannel&is_lat=1&bmodel=bm1&content=channel&platform=web&tags=ROKU_CONTENT_TAGS&coppa=false&content_type=livefeed&rdid=channel&genre=ROKU_ADS_CONTENT_GENRE&content_rating=ROKU_ADS_CONTENT_RATING&studio_id=viacom&channel_id=channel,https://i.imgur.com/3GJg0uy.png,channel-playlist:free-tv-br
Canais,VOD Italy,House of Docs – Pluto TV,https://service-stitcher.clusters.pluto.tv/v1/stitch/embed/hls/channel/6536608b4f123d000876b78b/master.m3u8?deviceId=channel&deviceModel=web&deviceVersion=1.0&appVersion=1.0&deviceType=rokuChannel&deviceMake=rokuChannel&deviceDNT=1&advertisingId=channel&embedPartner=rokuChannel&appName=rokuchannel&is_lat=1&bmodel=bm1&content=channel&platform=web&tags=ROKU_CONTENT_TAGS&coppa=false&content_type=livefeed&rdid=channel&genre=ROKU_ADS_CONTENT_GENRE&content_rating=ROKU_ADS_CONTENT_RATING&studio_id=viacom&channel_id=channel,https://i.imgur.com/pFLQ18m.png,channel-playlist:free-tv-br
Canais,VOD Italy,Le vite degli altri – Pluto TV,https://service-stitcher.clusters.pluto.tv/v1/stitch/embed/hls/channel/653660b4295b840008a70ba3/master.m3u8?deviceId=channel&deviceModel=web&deviceVersion=1.0&appVersion=1.0&deviceType=rokuChannel&deviceMake=rokuChannel&deviceDNT=1&advertisingId=channel&embedPartner=rokuChannel&appName=rokuchannel&is_lat=1&bmodel=bm1&content=channel&platform=web&tags=ROKU_CONTENT_TAGS&coppa=false&content_type=livefeed&rdid=channel&genre=ROKU_ADS_CONTENT_GENRE&content_rating=ROKU_ADS_CONTENT_RATING&studio_id=viacom&channel_id=channel,https://i.imgur.com/nngMFi5.png,channel-playlist:free-tv-br
